case_id,start_time,end_time,Role,Activity,Resource
1,2010-12-31T23:00:00,2010-12-31T23:37:00,Requester,Create Purchase Requisition,Kim Passa
1,2011-01-01T04:37:00,2011-01-01T04:45:00,Requester,Create Request for Quotation Requester,Kim Passa
1,2011-01-01T05:41:00,2011-01-01T05:55:00,Purchasing Agent,Analyze Request for Quotation,Karel de Groot
1,2011-01-01T10:43:00,2011-01-01T11:09:00,Purchasing Agent,Send Request for Quotation to Supplier,Karel de Groot
1,2011-01-01T11:32:00,2011-01-01T15:03:00,Purchasing Agent,Create Quotation comparison Map,Magdalena Predutta
1,2011-01-01T21:44:00,2011-01-01T22:13:00,Requester,Analyze Quotation comparison Map,Immanuel Karagianni
1,2011-01-01T22:13:00,2011-01-01T22:13:00,Requester,Choose best option,Tesca Lobes
1,2011-02-01T00:22:00,2011-02-01T08:20:00,Purchasing Agent,Settle conditions with supplier,Francois de Perrier
1,2011-02-01T08:58:00,2011-02-01T09:10:00,Purchasing Agent,Create Purchase Order,Karel de Groot
1,2011-02-01T13:09:00,2011-02-01T13:43:00,Supplier,Confirm Purchase Order,Sean Manney
1,2011-02-01T19:49:00,2011-03-01T02:37:00,Supplier,Deliver Goods Services,Sean Manney
1,2011-03-01T10:20:00,2011-03-01T10:21:00,Requester,Release Purchase Order,Elvira Lores
1,2011-03-01T18:09:00,2011-03-01T18:10:00,Purchasing Agent,Approve Purchase Order for payment,Karel de Groot
1,2011-03-01T23:54:00,2011-03-01T23:54:00,Supplier,Send invoice,Kiu Kan
1,2011-04-01T15:08:00,2011-04-01T15:13:00,Financial Manager,Release Supplier's Invoice,Karalda Nimwada
1,2011-04-01T15:13:00,2011-04-01T15:13:00,Financial Manager,Authorize Supplier's Invoice payment,Karalda Nimwada
1,2011-04-01T15:22:00,2011-04-01T15:31:00,Financial Manager,Pay invoice,Pedro Alvares
10,2011-02-01T01:52:00,2011-02-01T02:43:00,Requester,Create Purchase Requisition,Esmana Liubiata
10,2011-02-01T09:25:00,2011-02-01T09:32:00,Requester,Create Request for Quotation Requester,Immanuel Karagianni
10,2011-02-01T14:32:00,2011-02-01T14:59:00,Purchasing Agent,Analyze Request for Quotation,Francois de Perrier
10,2011-03-01T11:50:00,2011-03-01T12:07:00,Purchasing Agent,Send Request for Quotation to Supplier,Karel de Groot
10,2011-03-01T12:31:00,2011-03-01T13:28:00,Purchasing Agent,Create Quotation comparison Map,Karel de Groot
10,2011-03-01T20:44:00,2011-03-01T21:05:00,Requester,Analyze Quotation comparison Map,Anna Kaufmann
10,2011-03-01T21:05:00,2011-03-01T21:05:00,Requester,Choose best option,Nico Ojenbeer
10,2011-03-01T22:53:00,2011-04-01T04:31:00,Purchasing Agent,Settle conditions with supplier,Karel de Groot
10,2011-04-01T09:44:00,2011-04-01T09:52:00,Purchasing Agent,Create Purchase Order,Karel de Groot
10,2011-05-01T02:49:00,2011-05-01T02:58:00,Supplier,Confirm Purchase Order,Carmen Finacse
10,2011-05-01T11:48:00,2011-07-01T01:19:00,Supplier,Deliver Goods Services,Kiu Kan
10,2011-07-01T08:54:00,2011-07-01T08:55:00,Requester,Release Purchase Order,Tesca Lobes
10,2011-09-01T02:55:00,2011-09-01T02:56:00,Purchasing Agent,Approve Purchase Order for payment,Karel de Groot
10,2011-09-02T00:23:00,2011-09-02T00:23:00,Supplier,Send invoice,Karen Clarens
10,2011-10-01T14:45:00,2011-10-01T14:48:00,Financial Manager,Release Supplier's Invoice,Karalda Nimwada
10,2011-10-01T15:09:00,2011-10-01T15:34:00,Financial Manager,Settle dispute with supplier Financial Manager,Karalda Nimwada
10,2011-10-01T15:43:00,2011-10-01T15:43:00,Financial Manager,Authorize Supplier's Invoice payment,Karalda Nimwada
10,2011-10-01T16:03:00,2011-10-01T16:16:00,Financial Manager,Pay invoice,Pedro Alvares
1004,2011-05-26T19:39:00,2011-05-26T19:56:00,Requester,Create Purchase Requisition,Tesca Lobes
1004,2011-05-27T13:35:00,2011-05-27T13:44:00,Requester Manager,Analyze Purchase Requisition,Heinz Gutschmidt
1004,2011-05-27T13:50:00,2011-05-27T13:51:00,Requester Manager,Create Request for Quotation Requester Manager,Heinz Gutschmidt
1004,2011-05-31T22:43:00,2011-05-31T23:18:00,Purchasing Agent,Analyze Request for Quotation,Francois de Perrier
1009,2011-01-06T00:02:00,2011-01-06T00:11:00,Requester Manager,Amend Request for Quotation Requester,Immanuel Karagianni
1009,2011-01-06T01:19:00,2011-01-06T01:46:00,Purchasing Agent,Analyze Request for Quotation,Francois de Perrier
1009,2011-01-06T02:30:00,2011-01-06T02:40:00,Requester Manager,Amend Request for Quotation Requester,Anne Olwada
1009,2011-05-28T08:30:00,2011-05-28T08:52:00,Requester,Create Purchase Requisition,Christian Francois
1009,2011-05-28T16:05:00,2011-05-28T16:14:00,Requester,Create Request for Quotation Requester,Immanuel Karagianni
1009,2011-05-30T16:31:00,2011-05-30T16:54:00,Purchasing Agent,Analyze Request for Quotation,Karel de Groot
1009,2011-05-30T17:47:00,2011-05-30T17:55:00,Requester Manager,Amend Request for Quotation Requester,Kim Passa
1009,2011-05-31T23:45:00,2011-06-01T00:09:00,Purchasing Agent,Analyze Request for Quotation,Francois de Perrier
1009,2011-08-08T02:49:00,2011-08-08T03:06:00,Purchasing Agent,Analyze Request for Quotation,Magdalena Predutta
1009,2011-08-08T12:40:00,2011-08-08T13:09:00,Purchasing Agent,Send Request for Quotation to Supplier,Magdalena Predutta
1009,2011-08-08T13:44:00,2011-08-08T15:05:00,Purchasing Agent,Create Quotation comparison Map,Magdalena Predutta
1009,2011-08-08T21:56:00,2011-08-08T22:26:00,Requester,Analyze Quotation comparison Map,Fjodor Kowalski
1009,2011-08-08T22:26:00,2011-08-08T22:26:00,Requester,Choose best option,Esmana Liubiata
1009,2011-08-17T08:27:00,2011-08-17T08:32:00,Supplier,Confirm Purchase Order,Sean Manney
1009,2011-08-23T14:05:00,2011-08-24T04:57:00,Supplier,Deliver Goods Services,Carmen Finacse
1009,2011-08-24T12:38:00,2011-08-24T12:39:00,Requester,Release Purchase Order,Nico Ojenbeer
1009,2011-08-25T07:36:00,2011-08-25T07:37:00,Purchasing Agent,Approve Purchase Order for payment,Magdalena Predutta
1009,2011-08-30T05:40:00,2011-08-30T05:40:00,Supplier,Send invoice,Kiu Kan
1009,2011-08-30T19:46:00,2011-08-30T19:52:00,Financial Manager,Release Supplier's Invoice,Pedro Alvares
1009,2011-08-30T19:52:00,2011-08-30T19:52:00,Financial Manager,Authorize Supplier's Invoice payment,Karalda Nimwada
1009,2011-08-30T20:09:00,2011-08-30T20:23:00,Financial Manager,Pay invoice,Pedro Alvares
1009,2011-09-06T01:58:00,2011-09-06T02:20:00,Purchasing Agent,Analyze Request for Quotation,Karel de Groot
1009,2011-09-06T18:22:00,2011-09-06T18:35:00,Requester Manager,Amend Request for Quotation Requester Manager,Heinz Gutschmidt
1009,2011-09-08T06:33:00,2011-09-08T14:47:00,Purchasing Agent,Settle conditions with supplier,Karel de Groot
1009,2011-10-08T21:32:00,2011-10-08T21:40:00,Purchasing Agent,Create Purchase Order,Magdalena Predutta
101,2011-01-13T11:14:00,2011-01-13T11:56:00,Requester,Create Purchase Requisition,Anne Olwada
101,2011-01-14T10:56:00,2011-01-14T11:00:00,Requester Manager,Analyze Purchase Requisition,Heinz Gutschmidt
101,2011-01-14T11:08:00,2011-01-14T11:11:00,Requester Manager,Create Request for Quotation Requester Manager,Heinz Gutschmidt
101,2011-01-17T00:11:00,2011-01-17T00:27:00,Purchasing Agent,Analyze Request for Quotation,Karel de Groot
101,2011-01-18T22:16:00,2011-01-18T22:35:00,Purchasing Agent,Send Request for Quotation to Supplier,Francois de Perrier
101,2011-01-19T02:44:00,2011-01-19T06:02:00,Purchasing Agent,Create Quotation comparison Map,Francois de Perrier
101,2011-01-19T12:39:00,2011-01-19T12:49:00,Requester,Analyze Quotation comparison Map,Penn Osterwalder
101,2011-01-19T12:49:00,2011-01-19T12:49:00,Requester,Choose best option,Alberto Duport
101,2011-01-19T21:34:00,2011-01-20T07:09:00,Purchasing Agent,Settle conditions with supplier,Magdalena Predutta
101,2011-01-22T00:45:00,2011-01-22T00:58:00,Purchasing Agent,Create Purchase Order,Francois de Perrier
101,2011-01-22T05:52:00,2011-01-22T06:04:00,Supplier,Confirm Purchase Order,Carmen Finacse
101,2011-01-25T18:54:00,2011-01-26T08:11:00,Supplier,Deliver Goods Services,Sean Manney
101,2011-01-26T16:12:00,2011-01-26T16:13:00,Requester,Release Purchase Order,Tesca Lobes
101,2011-01-27T05:18:00,2011-01-27T05:19:00,Purchasing Agent,Approve Purchase Order for payment,Magdalena Predutta
101,2011-01-28T06:19:00,2011-01-28T06:19:00,Supplier,Send invoice,Esmeralda Clay
101,2011-01-28T20:33:00,2011-01-28T20:39:00,Financial Manager,Release Supplier's Invoice,Pedro Alvares
101,2011-01-28T20:39:00,2011-01-28T20:39:00,Financial Manager,Authorize Supplier's Invoice payment,Pedro Alvares
101,2011-01-28T21:00:00,2011-01-28T21:14:00,Financial Manager,Pay invoice,Karalda Nimwada
1011,2011-01-06T11:57:00,2011-01-06T12:16:00,Purchasing Agent,Analyze Request for Quotation,Karel de Groot
1011,2011-01-06T12:57:00,2011-01-06T13:02:00,Requester Manager,Amend Request for Quotation Requester,Fjodor Kowalski
1011,2011-01-09T00:09:00,2011-01-09T00:10:00,Purchasing Agent,Approve Purchase Order for payment,Magdalena Predutta
1011,2011-03-09T04:14:00,2011-03-09T04:14:00,Supplier,Send invoice,Sean Manney
1011,2011-03-09T18:35:00,2011-03-09T18:38:00,Financial Manager,Release Supplier's Invoice,Pedro Alvares
1011,2011-03-09T18:38:00,2011-03-09T18:38:00,Financial Manager,Authorize Supplier's Invoice payment,Pedro Alvares
1011,2011-03-09T19:04:00,2011-03-09T19:13:00,Financial Manager,Pay invoice,Karalda Nimwada
1011,2011-05-28T12:20:00,2011-05-28T12:59:00,Requester,Create Purchase Requisition,Fjodor Kowalski
1011,2011-05-28T18:51:00,2011-05-28T19:04:00,Requester,Create Request for Quotation Requester,Miu Hanwan
1011,2011-05-29T23:21:00,2011-05-29T23:35:00,Purchasing Agent,Analyze Request for Quotation,Francois de Perrier
1011,2011-05-30T00:24:00,2011-05-30T00:31:00,Requester Manager,Amend Request for Quotation Requester,Miu Hanwan
1011,2011-06-18T16:31:00,2011-06-18T16:56:00,Purchasing Agent,Analyze Request for Quotation,Magdalena Predutta
1011,2011-06-18T17:49:00,2011-06-18T17:58:00,Requester Manager,Amend Request for Quotation Requester,Christian Francois
1011,2011-06-21T19:40:00,2011-06-21T20:08:00,Purchasing Agent,Analyze Request for Quotation,Francois de Perrier
1011,2011-06-21T20:56:00,2011-06-21T21:05:00,Requester Manager,Amend Request for Quotation Requester,Esmana Liubiata
1011,2011-08-07T23:54:00,2011-08-08T00:05:00,Purchasing Agent,Analyze Request for Quotation,Francois de Perrier
1011,2011-08-08T00:58:00,2011-08-18T19:06:00,Requester Manager,Amend Request for Quotation Requester,Clement Duchot
1011,2011-08-18T17:46:00,2011-08-18T18:10:00,Purchasing Agent,Analyze Request for Quotation,Magdalena Predutta
1011,2011-08-18T19:00:00,2011-09-07T01:06:00,Requester Manager,Amend Request for Quotation Requester,Nico Ojenbeer
1011,2011-08-22T08:21:00,2011-08-22T08:52:00,Purchasing Agent,Analyze Request for Quotation,Francois de Perrier
1011,2011-08-22T15:46:00,2011-08-22T16:15:00,Purchasing Agent,Send Request for Quotation to Supplier,Francois de Perrier
1011,2011-08-22T16:55:00,2011-08-22T21:06:00,Purchasing Agent,Create Quotation comparison Map,Magdalena Predutta
1011,2011-08-23T03:55:00,2011-08-23T04:08:00,Requester,Analyze Quotation comparison Map,Immanuel Karagianni
1011,2011-08-23T04:08:00,2011-08-23T04:08:00,Requester,Choose best option,Christian Francois
1011,2011-08-23T08:52:00,2011-08-23T23:25:00,Purchasing Agent,Settle conditions with supplier,Karel de Groot
1011,2011-08-24T01:25:00,2011-08-24T01:32:00,Purchasing Agent,Create Purchase Order,Magdalena Predutta
1011,2011-08-27T05:53:00,2011-08-27T06:00:00,Supplier,Confirm Purchase Order,Carmen Finacse
1011,2011-08-27T19:34:00,2011-08-29T18:00:00,Supplier,Deliver Goods Services,Kiu Kan
1011,2011-08-30T01:27:00,2011-08-30T01:28:00,Requester,Release Purchase Order,Tesca Lobes
1015,2011-05-28T19:50:00,2011-05-28T20:05:00,Requester,Create Purchase Requisition,Alberto Duport
1015,2011-05-29T19:34:00,2011-05-29T19:38:00,Requester Manager,Analyze Purchase Requisition,Heinz Gutschmidt
1021,2011-01-06T02:37:00,2011-01-06T03:02:00,Purchasing Agent,Analyze Request for Quotation,Francois de Perrier
1021,2011-05-29T01:06:00,2011-05-29T01:34:00,Requester,Create Purchase Requisition,Esmana Liubiata
1021,2011-05-29T01:42:00,2011-05-29T01:51:00,Requester,Create Request for Quotation Requester,Anna Kaufmann
1022,2011-05-29T02:31:00,2011-05-29T03:11:00,Requester,Create Purchase Requisition,Kim Passa
1022,2011-05-29T10:05:00,2011-05-29T10:16:00,Requester,Create Request for Quotation Requester,Tesca Lobes
1022,2011-09-06T20:52:00,2011-09-06T21:23:00,Purchasing Agent,Analyze Request for Quotation,Magdalena Predutta
1023,2011-05-29T04:29:00,2011-05-29T04:57:00,Requester,Create Purchase Requisition,Clement Duchot
1023,2011-05-29T16:50:00,2011-05-29T16:58:00,Requester Manager,Analyze Purchase Requisition,Heinz Gutschmidt
1025,2011-05-29T12:04:00,2011-05-29T12:25:00,Requester,Create Purchase Requisition,Elvira Lores
1025,2011-05-30T00:25:00,2011-05-30T00:30:00,Requester Manager,Analyze Purchase Requisition,Maris Freeman
1025,2011-05-30T00:37:00,2011-05-30T00:39:00,Requester Manager,Create Request for Quotation Requester Manager,Francis Odell
1025,2011-06-27T07:24:00,2011-06-27T07:52:00,Purchasing Agent,Analyze Request for Quotation,Francois de Perrier
1025,2011-06-27T08:41:00,2011-06-27T08:46:00,Requester Manager,Amend Request for Quotation Requester,Kim Passa
1025,2011-08-14T07:24:00,2011-08-14T07:31:00,Purchasing Agent,Analyze Request for Quotation,Karel de Groot
1025,2011-08-14T08:17:00,2011-08-14T08:23:00,Requester Manager,Amend Request for Quotation Requester,Anna Kaufmann
1025,2011-08-16T13:18:00,2011-08-16T13:26:00,Purchasing Agent,Analyze Request for Quotation,Francois de Perrier
1025,2011-08-16T14:14:00,2011-08-16T14:24:00,Requester Manager,Amend Request for Quotation Requester,Esmana Liubiata
1025,2011-09-07T22:08:00,2011-09-07T22:31:00,Purchasing Agent,Analyze Request for Quotation,Magdalena Predutta
1025,2011-09-07T23:20:00,2011-09-07T23:33:00,Requester Manager,Amend Request for Quotation Requester,Esmana Liubiata
1025,2011-09-13T07:24:00,2011-09-13T07:49:00,Purchasing Agent,Analyze Request for Quotation,Magdalena Predutta
1031,2011-01-06T02:20:00,2011-01-06T02:37:00,Purchasing Agent,Analyze Request for Quotation,Francois de Perrier
1031,2011-01-06T15:32:00,2011-01-06T16:00:00,Purchasing Agent,Send Request for Quotation to Supplier,Francois de Perrier
1031,2011-01-06T16:45:00,2011-01-06T19:42:00,Purchasing Agent,Create Quotation comparison Map,Francois de Perrier
1031,2011-02-06T02:26:00,2011-02-06T02:36:00,Requester,Analyze Quotation comparison Map,Penn Osterwalder
1031,2011-02-06T02:36:00,2011-02-06T02:36:00,Requester,Choose best option,Christian Francois
1031,2011-02-06T07:01:00,2011-02-06T16:17:00,Purchasing Agent,Settle conditions with supplier,Francois de Perrier
1031,2011-04-06T20:26:00,2011-04-06T20:35:00,Purchasing Agent,Create Purchase Order,Francois de Perrier
1031,2011-05-30T16:38:00,2011-05-30T16:57:00,Requester,Create Purchase Requisition,Anne Olwada
1031,2011-05-30T17:56:00,2011-05-30T18:02:00,Requester,Create Request for Quotation Requester,Penn Osterwalder
1031,2011-06-06T18:35:00,2011-06-06T18:59:00,Supplier,Confirm Purchase Order,Sean Manney
1031,2011-06-13T09:30:00,2011-06-13T09:33:00,Financial Manager,Release Supplier's Invoice,Karalda Nimwada
1031,2011-06-13T09:33:00,2011-06-13T09:33:00,Financial Manager,Authorize Supplier's Invoice payment,Pedro Alvares
1031,2011-06-13T09:52:00,2011-06-13T10:05:00,Financial Manager,Pay invoice,Pedro Alvares
1031,2011-07-06T15:15:00,2011-08-06T05:33:00,Supplier,Deliver Goods Services,Karen Clarens
1031,2011-08-06T13:25:00,2011-08-06T13:26:00,Requester,Release Purchase Order,Penn Osterwalder
1031,2011-09-06T04:04:00,2011-09-06T04:05:00,Purchasing Agent,Approve Purchase Order for payment,Francois de Perrier
1031,2011-12-06T18:06:00,2011-12-06T18:06:00,Supplier,Send invoice,Carmen Finacse
1035,2011-01-06T00:46:00,2011-01-06T00:53:00,Requester Manager,Analyze Purchase Requisition,Francis Odell
1035,2011-01-06T01:00:00,2011-01-06T01:03:00,Requester Manager,Create Request for Quotation Requester Manager,Francis Odell
1035,2011-03-06T03:54:00,2011-03-06T04:14:00,Purchasing Agent,Analyze Request for Quotation,Francois de Perrier
1035,2011-03-06T17:36:00,2011-03-06T17:54:00,Purchasing Agent,Send Request for Quotation to Supplier,Francois de Perrier
1035,2011-03-06T20:37:00,2011-04-06T02:55:00,Purchasing Agent,Create Quotation comparison Map,Karel de Groot
1035,2011-04-06T09:39:00,2011-04-06T09:57:00,Requester,Analyze Quotation comparison Map,Esmana Liubiata
1035,2011-04-06T09:57:00,2011-04-06T09:57:00,Requester,Choose best option,Anne Olwada
1035,2011-04-06T16:31:00,2011-04-06T20:28:00,Purchasing Agent,Settle conditions with supplier,Karel de Groot
1035,2011-05-31T12:37:00,2011-05-31T12:55:00,Requester,Create Purchase Requisition,Penn Osterwalder
1035,2011-06-06T22:20:00,2011-06-06T22:30:00,Purchasing Agent,Create Purchase Order,Francois de Perrier
1035,2011-06-13T18:43:00,2011-06-15T18:23:00,Supplier,Deliver Goods Services,Sean Manney
1035,2011-06-16T02:00:00,2011-06-16T02:01:00,Requester,Release Purchase Order,Nico Ojenbeer
1035,2011-06-16T13:47:00,2011-06-16T13:48:00,Purchasing Agent,Approve Purchase Order for payment,Francois de Perrier
1035,2011-06-17T00:45:00,2011-06-17T00:45:00,Supplier,Send invoice,Carmen Finacse
1035,2011-06-17T15:19:00,2011-06-17T15:21:00,Financial Manager,Release Supplier's Invoice,Pedro Alvares
1035,2011-06-17T15:21:00,2011-06-17T15:21:00,Financial Manager,Authorize Supplier's Invoice payment,Pedro Alvares
1035,2011-06-17T15:48:00,2011-06-17T15:56:00,Financial Manager,Pay invoice,Karalda Nimwada
1035,2011-11-06T00:35:00,2011-11-06T00:49:00,Supplier,Confirm Purchase Order,Kiu Kan
104,2011-01-13T14:07:00,2011-01-13T14:22:00,Requester,Create Purchase Requisition,Anna Kaufmann
104,2011-01-14T11:42:00,2011-01-14T11:46:00,Requester Manager,Analyze Purchase Requisition,Francis Odell
104,2011-01-14T11:51:00,2011-01-14T11:52:00,Requester Manager,Create Request for Quotation Requester Manager,Heinz Gutschmidt
104,2011-01-17T00:54:00,2011-01-17T01:22:00,Purchasing Agent,Analyze Request for Quotation,Karel de Groot
1041,2011-01-06T12:47:00,2011-01-06T12:54:00,Requester,Create Purchase Requisition,Anna Kaufmann
1041,2011-01-06T16:06:00,2011-01-06T16:10:00,Requester,Create Request for Quotation Requester,Nico Ojenbeer
1041,2011-03-06T14:49:00,2011-03-06T15:06:00,Purchasing Agent,Analyze Request for Quotation,Francois de Perrier
1041,2011-03-06T15:58:00,2011-03-06T16:07:00,Requester Manager,Amend Request for Quotation Requester,Kim Passa
1041,2011-06-07T00:16:00,2011-06-07T00:35:00,Purchasing Agent,Analyze Request for Quotation,Francois de Perrier
1042,2011-01-06T16:03:00,2011-01-06T16:37:00,Requester,Create Purchase Requisition,Miu Hanwan
1042,2011-01-09T04:07:00,2011-01-09T04:07:00,Supplier,Send invoice,Kiu Kan
1042,2011-01-09T18:28:00,2011-01-09T18:32:00,Financial Manager,Release Supplier's Invoice,Karalda Nimwada
1042,2011-01-09T19:26:00,2011-01-09T19:39:00,Financial Manager,Settle dispute with supplier Financial Manager,Karalda Nimwada
1042,2011-01-09T19:39:00,2011-01-09T19:39:00,Financial Manager,Authorize Supplier's Invoice payment,Pedro Alvares
1042,2011-01-09T20:31:00,2011-01-09T20:46:00,Financial Manager,Pay invoice,Pedro Alvares
1042,2011-02-06T09:20:00,2011-02-06T09:28:00,Requester Manager,Analyze Purchase Requisition,Francis Odell
1042,2011-02-06T09:33:00,2011-02-06T09:34:00,Requester Manager,Create Request for Quotation Requester Manager,Heinz Gutschmidt
1042,2011-05-06T01:52:00,2011-05-06T02:05:00,Purchasing Agent,Analyze Request for Quotation,Karel de Groot
1042,2011-05-06T02:55:00,2011-05-06T03:01:00,Requester Manager,Amend Request for Quotation Requester,Tesca Lobes
1042,2011-05-08T11:57:00,2011-05-08T12:23:00,Purchasing Agent,Analyze Request for Quotation,Magdalena Predutta
1042,2011-05-08T20:51:00,2011-05-08T20:57:00,Purchasing Agent,Send Request for Quotation to Supplier,Karel de Groot
1042,2011-05-08T22:13:00,2011-06-08T01:26:00,Purchasing Agent,Create Quotation comparison Map,Francois de Perrier
1042,2011-06-08T07:53:00,2011-06-08T08:25:00,Requester,Analyze Quotation comparison Map,Christian Francois
1042,2011-06-08T08:25:00,2011-06-08T08:25:00,Requester,Choose best option,Esmana Liubiata
1042,2011-06-08T22:47:00,2011-07-08T12:32:00,Purchasing Agent,Settle conditions with supplier,Francois de Perrier
1042,2011-06-14T10:43:00,2011-06-14T11:18:00,Purchasing Agent,Analyze Request for Quotation,Magdalena Predutta
1042,2011-06-14T12:04:00,2011-06-14T12:12:00,Requester Manager,Amend Request for Quotation Requester,Anne Olwada
1042,2011-06-21T20:58:00,2011-06-21T21:18:00,Purchasing Agent,Analyze Request for Quotation,Magdalena Predutta
1042,2011-06-21T22:06:00,2011-06-21T22:16:00,Requester Manager,Amend Request for Quotation Requester,Fjodor Kowalski
1042,2011-07-08T14:07:00,2011-07-08T14:16:00,Purchasing Agent,Create Purchase Order,Karel de Groot
1042,2011-08-18T12:14:00,2011-08-18T12:42:00,Supplier,Confirm Purchase Order,Sean Manney
1042,2011-08-25T22:31:00,2011-08-27T18:27:00,Supplier,Deliver Goods Services,Kiu Kan
1042,2011-08-28T02:21:00,2011-08-28T02:22:00,Requester,Release Purchase Order,Christian Francois
1042,2011-08-28T07:53:00,2011-08-28T07:54:00,Purchasing Agent,Approve Purchase Order for payment,Francois de Perrier
1042,2011-09-06T22:09:00,2011-09-06T22:29:00,Purchasing Agent,Analyze Request for Quotation,Magdalena Predutta
1042,2011-09-06T23:27:00,2011-09-06T23:34:00,Requester Manager,Amend Request for Quotation Requester,Elvira Lores
1047,2011-02-06T09:49:00,2011-02-06T10:16:00,Requester,Create Purchase Requisition,Kim Passa
1047,2011-02-06T23:05:00,2011-02-06T23:11:00,Requester Manager,Analyze Purchase Requisition,Maris Freeman
1047,2011-02-06T23:18:00,2011-02-06T23:20:00,Requester Manager,Create Request for Quotation Requester Manager,Francis Odell
1047,2011-08-06T04:41:00,2011-08-06T05:11:00,Purchasing Agent,Analyze Request for Quotation,Karel de Groot
1052,2011-01-08T04:05:00,2011-01-08T04:19:00,Purchasing Agent,Analyze Request for Quotation,Karel de Groot
1052,2011-01-08T20:46:00,2011-01-08T20:49:00,Purchasing Agent,Send Request for Quotation to Supplier,Francois de Perrier
1052,2011-01-08T22:14:00,2011-02-08T00:56:00,Purchasing Agent,Create Quotation comparison Map,Francois de Perrier
1052,2011-02-08T07:19:00,2011-02-08T07:52:00,Requester,Analyze Quotation comparison Map,Tesca Lobes
1052,2011-02-08T07:52:00,2011-02-08T07:52:00,Requester,Choose best option,Fjodor Kowalski
1052,2011-02-08T10:13:00,2011-02-08T18:46:00,Purchasing Agent,Settle conditions with supplier,Karel de Groot
1052,2011-02-08T20:10:00,2011-02-08T20:23:00,Purchasing Agent,Create Purchase Order,Magdalena Predutta
1052,2011-03-06T10:08:00,2011-03-06T10:14:00,Requester,Create Purchase Requisition,Penn Osterwalder
1052,2011-03-06T11:48:00,2011-03-06T12:00:00,Requester,Create Request for Quotation Requester,Nico Ojenbeer
1052,2011-03-08T00:31:00,2011-03-08T00:47:00,Supplier,Confirm Purchase Order,Kiu Kan
1052,2011-07-16T06:38:00,2011-07-16T07:15:00,Purchasing Agent,Analyze Request for Quotation,Karel de Groot
1052,2011-07-16T08:07:00,2011-07-16T08:19:00,Requester Manager,Amend Request for Quotation Requester,Fjodor Kowalski
1052,2011-07-22T05:43:00,2011-07-22T05:49:00,Purchasing Agent,Analyze Request for Quotation,Francois de Perrier
1052,2011-07-22T06:36:00,2011-07-22T06:43:00,Requester Manager,Amend Request for Quotation Requester,Anne Olwada
1052,2011-07-30T09:32:00,2011-07-30T10:03:00,Purchasing Agent,Analyze Request for Quotation,Karel de Groot
1052,2011-07-30T10:55:00,2011-07-30T11:02:00,Requester Manager,Amend Request for Quotation Requester,Esmana Liubiata
1052,2011-08-18T02:32:00,2011-08-20T02:22:00,Supplier,Deliver Goods Services,Kiu Kan
1052,2011-08-20T09:34:00,2011-08-20T09:35:00,Requester,Release Purchase Order,Miu Hanwan
1052,2011-08-21T15:46:00,2011-08-21T15:47:00,Purchasing Agent,Approve Purchase Order for payment,Magdalena Predutta
1052,2011-08-22T08:30:00,2011-08-22T08:30:00,Supplier,Send invoice,Karen Clarens
1052,2011-08-22T22:57:00,2011-08-22T23:03:00,Financial Manager,Release Supplier's Invoice,Pedro Alvares
1052,2011-08-22T23:50:00,2011-08-23T00:19:00,Financial Manager,Settle dispute with supplier Financial Manager,Pedro Alvares
1052,2011-08-23T00:19:00,2011-08-23T00:19:00,Financial Manager,Authorize Supplier's Invoice payment,Pedro Alvares
1052,2011-08-23T01:01:00,2011-08-23T01:12:00,Financial Manager,Pay invoice,Karalda Nimwada
1052,2011-10-07T06:40:00,2011-10-07T06:54:00,Purchasing Agent,Analyze Request for Quotation,Francois de Perrier
1052,2011-10-07T07:47:00,2011-10-07T07:55:00,Requester Manager,Amend Request for Quotation Requester,Alberto Duport
106,2011-01-13T16:11:00,2011-01-13T16:18:00,Requester,Create Purchase Requisition,Tesca Lobes
106,2011-01-14T15:03:00,2011-01-14T15:08:00,Requester Manager,Analyze Purchase Requisition,Francis Odell
106,2011-01-14T15:13:00,2011-01-14T15:14:00,Requester Manager,Create Request for Quotation Requester Manager,Maris Freeman
106,2011-01-15T01:57:00,2011-01-15T02:15:00,Purchasing Agent,Analyze Request for Quotation,Karel de Groot
106,2011-01-15T02:59:00,2011-01-15T03:07:00,Requester Manager,Amend Request for Quotation Requester,Esmana Liubiata
106,2011-01-16T21:33:00,2011-01-16T21:56:00,Purchasing Agent,Analyze Request for Quotation,Francois de Perrier
1065,2011-02-08T06:02:00,2011-02-08T06:21:00,Purchasing Agent,Analyze Request for Quotation,Francois de Perrier
1065,2011-02-08T07:12:00,2011-02-08T07:23:00,Requester Manager,Amend Request for Quotation Requester,Kim Passa
1065,2011-03-08T19:01:00,2011-03-08T19:20:00,Purchasing Agent,Analyze Request for Quotation,Karel de Groot
1065,2011-03-08T23:19:00,2011-03-08T23:44:00,Purchasing Agent,Send Request for Quotation to Supplier,Francois de Perrier
1065,2011-04-06T06:55:00,2011-04-06T07:01:00,Requester,Create Purchase Requisition,Immanuel Karagianni
1065,2011-04-08T01:37:00,2011-04-08T06:53:00,Purchasing Agent,Create Quotation comparison Map,Magdalena Predutta
1065,2011-04-08T13:46:00,2011-04-08T13:54:00,Requester,Analyze Quotation comparison Map,Fjodor Kowalski
1065,2011-04-08T13:54:00,2011-04-08T13:54:00,Requester,Choose best option,Clement Duchot
1065,2011-04-09T00:37:00,2011-05-08T11:19:00,Purchasing Agent,Settle conditions with supplier,Francois de Perrier
1065,2011-05-06T03:58:00,2011-05-06T04:06:00,Requester Manager,Analyze Purchase Requisition,Maris Freeman
1065,2011-05-06T04:13:00,2011-05-06T04:16:00,Requester Manager,Create Request for Quotation Requester Manager,Maris Freeman
1065,2011-05-08T19:18:00,2011-05-08T19:28:00,Purchasing Agent,Create Purchase Order,Magdalena Predutta
1065,2011-06-08T14:58:00,2011-06-08T15:17:00,Supplier,Confirm Purchase Order,Sean Manney
1065,2011-06-14T12:45:00,2011-06-14T13:06:00,Purchasing Agent,Analyze Request for Quotation,Karel de Groot
1065,2011-06-15T04:58:00,2011-06-15T05:18:00,Requester Manager,Amend Request for Quotation Requester Manager,Francis Odell
1065,2011-06-28T18:18:00,2011-06-28T18:56:00,Purchasing Agent,Analyze Request for Quotation,Karel de Groot
1065,2011-06-28T19:38:00,2011-06-28T19:45:00,Requester Manager,Amend Request for Quotation Requester,Kim Passa
1065,2011-07-22T06:56:00,2011-07-22T07:20:00,Purchasing Agent,Analyze Request for Quotation,Magdalena Predutta
1065,2011-07-22T07:58:00,2011-07-22T08:05:00,Requester Manager,Amend Request for Quotation Requester,Fjodor Kowalski
1065,2011-08-16T08:49:00,2011-08-17T10:19:00,Supplier,Deliver Goods Services,Kiu Kan
1065,2011-08-17T17:53:00,2011-08-17T17:54:00,Requester,Release Purchase Order,Immanuel Karagianni
1065,2011-08-18T03:07:00,2011-08-18T03:08:00,Purchasing Agent,Approve Purchase Order for payment,Francois de Perrier
1065,2011-08-20T08:39:00,2011-08-20T08:39:00,Supplier,Send invoice,Esmeralda Clay
1065,2011-08-20T23:03:00,2011-08-20T23:09:00,Financial Manager,Release Supplier's Invoice,Karalda Nimwada
1065,2011-08-20T23:09:00,2011-08-20T23:09:00,Financial Manager,Authorize Supplier's Invoice payment,Karalda Nimwada
1065,2011-08-21T00:14:00,2011-08-21T00:20:00,Financial Manager,Pay invoice,Pedro Alvares
107,2011-01-13T19:04:00,2011-01-13T19:55:00,Requester,Create Purchase Requisition,Anne Olwada
107,2011-01-14T06:17:00,2011-01-14T06:24:00,Requester Manager,Analyze Purchase Requisition,Francis Odell
107,2011-01-14T06:29:00,2011-01-14T06:31:00,Requester Manager,Create Request for Quotation Requester Manager,Francis Odell
107,2011-01-16T21:29:00,2011-01-16T22:03:00,Purchasing Agent,Analyze Request for Quotation,Karel de Groot
107,2011-01-19T02:20:00,2011-01-19T02:44:00,Purchasing Agent,Send Request for Quotation to Supplier,Francois de Perrier
107,2011-01-19T12:08:00,2011-01-19T16:19:00,Purchasing Agent,Create Quotation comparison Map,Francois de Perrier
107,2011-01-19T22:37:00,2011-01-19T22:44:00,Requester,Analyze Quotation comparison Map,Alberto Duport
107,2011-01-19T22:44:00,2011-01-19T22:44:00,Requester,Choose best option,Anna Kaufmann
107,2011-01-20T01:21:00,2011-01-20T08:28:00,Purchasing Agent,Settle conditions with supplier,Karel de Groot
107,2011-01-21T09:43:00,2011-01-21T09:55:00,Purchasing Agent,Create Purchase Order,Magdalena Predutta
107,2011-01-22T05:37:00,2011-01-22T05:52:00,Supplier,Confirm Purchase Order,Carmen Finacse
107,2011-01-22T11:22:00,2011-01-23T08:00:00,Supplier,Deliver Goods Services,Kiu Kan
107,2011-01-23T15:34:00,2011-01-23T15:35:00,Requester,Release Purchase Order,Elvira Lores
107,2011-01-24T01:43:00,2011-01-24T01:44:00,Purchasing Agent,Approve Purchase Order for payment,Karel de Groot
107,2011-01-24T09:20:00,2011-01-24T09:20:00,Supplier,Send invoice,Kiu Kan
107,2011-01-24T23:42:00,2011-01-24T23:47:00,Financial Manager,Release Supplier's Invoice,Karalda Nimwada
107,2011-01-25T00:13:00,2011-01-25T00:42:00,Financial Manager,Settle dispute with supplier Financial Manager,Pedro Alvares
107,2011-01-25T00:42:00,2011-01-25T00:42:00,Financial Manager,Authorize Supplier's Invoice payment,Karalda Nimwada
107,2011-01-25T01:26:00,2011-01-25T01:32:00,Financial Manager,Pay invoice,Pedro Alvares
1079,2011-05-06T22:41:00,2011-05-06T22:55:00,Requester,Create Purchase Requisition,Penn Osterwalder
1079,2011-06-06T19:37:00,2011-06-06T19:44:00,Requester Manager,Analyze Purchase Requisition,Maris Freeman
1079,2011-06-06T19:49:00,2011-06-06T19:52:00,Requester Manager,Create Request for Quotation Requester Manager,Maris Freeman
1079,2011-09-06T22:15:00,2011-09-06T22:39:00,Purchasing Agent,Analyze Request for Quotation,Francois de Perrier
1080,2011-05-06T23:24:00,2011-05-06T23:38:00,Requester,Create Purchase Requisition,Christian Francois
1080,2011-06-06T19:27:00,2011-06-06T19:36:00,Requester Manager,Analyze Purchase Requisition,Maris Freeman
1080,2011-06-06T19:41:00,2011-06-06T19:43:00,Requester Manager,Create Request for Quotation Requester Manager,Heinz Gutschmidt
1080,2011-06-15T14:13:00,2011-06-17T00:45:00,Supplier,Deliver Goods Services,Carmen Finacse
1080,2011-06-17T08:19:00,2011-06-17T08:20:00,Requester,Release Purchase Order,Anne Olwada
1080,2011-06-17T12:36:00,2011-06-17T12:37:00,Purchasing Agent,Approve Purchase Order for payment,Francois de Perrier
1080,2011-06-19T23:15:00,2011-06-19T23:15:00,Supplier,Send invoice,Sean Manney
1080,2011-06-20T13:37:00,2011-06-20T13:42:00,Financial Manager,Release Supplier's Invoice,Pedro Alvares
1080,2011-06-20T14:29:00,2011-06-20T14:49:00,Financial Manager,Settle dispute with supplier Financial Manager,Karalda Nimwada
1080,2011-06-20T14:49:00,2011-06-20T14:49:00,Financial Manager,Authorize Supplier's Invoice payment,Pedro Alvares
1080,2011-06-20T15:07:00,2011-06-20T15:19:00,Financial Manager,Pay invoice,Karalda Nimwada
1080,2011-07-06T09:41:00,2011-07-06T09:52:00,Purchasing Agent,Analyze Request for Quotation,Magdalena Predutta
1080,2011-08-06T11:45:00,2011-08-06T12:09:00,Purchasing Agent,Send Request for Quotation to Supplier,Magdalena Predutta
1080,2011-08-06T12:53:00,2011-08-06T17:26:00,Purchasing Agent,Create Quotation comparison Map,Francois de Perrier
1080,2011-08-07T00:01:00,2011-08-07T00:17:00,Requester,Analyze Quotation comparison Map,Clement Duchot
1080,2011-08-07T00:17:00,2011-08-07T00:17:00,Requester,Choose best option,Anne Olwada
1080,2011-09-06T04:20:00,2011-09-06T16:37:00,Purchasing Agent,Settle conditions with supplier,Magdalena Predutta
1080,2011-09-06T18:31:00,2011-09-06T18:40:00,Purchasing Agent,Create Purchase Order,Francois de Perrier
1080,2011-12-06T13:39:00,2011-12-06T14:06:00,Supplier,Confirm Purchase Order,Sean Manney
1085,2011-06-06T21:24:00,2011-06-06T22:19:00,Requester,Create Purchase Requisition,Clement Duchot
1085,2011-07-06T03:06:00,2011-07-06T03:21:00,Requester,Create Request for Quotation Requester,Nico Ojenbeer
1085,2011-09-06T04:05:00,2011-09-06T04:22:00,Purchasing Agent,Analyze Request for Quotation,Francois de Perrier
109,2011-01-13T19:50:00,2011-01-13T19:56:00,Requester,Create Purchase Requisition,Christian Francois
109,2011-01-14T19:24:00,2011-01-14T19:32:00,Requester Manager,Analyze Purchase Requisition,Heinz Gutschmidt
1090,2011-06-14T15:21:00,2011-06-14T15:38:00,Purchasing Agent,Analyze Request for Quotation,Magdalena Predutta
1090,2011-06-14T19:49:00,2011-06-14T20:21:00,Purchasing Agent,Send Request for Quotation to Supplier,Francois de Perrier
1090,2011-06-14T21:41:00,2011-06-14T23:09:00,Purchasing Agent,Create Quotation comparison Map,Magdalena Predutta
1090,2011-06-15T05:50:00,2011-06-15T05:57:00,Requester,Analyze Quotation comparison Map,Clement Duchot
1090,2011-06-15T05:57:00,2011-06-15T05:57:00,Requester,Choose best option,Kim Passa
1090,2011-06-15T16:27:00,2011-06-16T05:24:00,Purchasing Agent,Settle conditions with supplier,Magdalena Predutta
1090,2011-06-17T09:13:00,2011-06-17T09:24:00,Purchasing Agent,Create Purchase Order,Karel de Groot
1090,2011-06-18T00:53:00,2011-06-18T01:25:00,Supplier,Confirm Purchase Order,Carmen Finacse
1090,2011-06-19T06:51:00,2011-06-21T01:46:00,Supplier,Deliver Goods Services,Karen Clarens
1090,2011-06-21T09:17:00,2011-06-21T09:18:00,Requester,Release Purchase Order,Fjodor Kowalski
1090,2011-06-21T17:15:00,2011-06-21T17:16:00,Purchasing Agent,Approve Purchase Order for payment,Magdalena Predutta
1090,2011-06-22T02:37:00,2011-06-22T02:37:00,Supplier,Send invoice,Esmeralda Clay
1090,2011-06-22T16:54:00,2011-06-22T16:57:00,Financial Manager,Release Supplier's Invoice,Karalda Nimwada
1090,2011-06-22T16:57:00,2011-06-22T16:57:00,Financial Manager,Authorize Supplier's Invoice payment,Pedro Alvares
1090,2011-06-22T17:57:00,2011-06-22T18:02:00,Financial Manager,Pay invoice,Pedro Alvares
1090,2011-07-06T18:49:00,2011-07-06T19:44:00,Requester,Create Purchase Requisition,Tesca Lobes
1090,2011-08-06T03:39:00,2011-08-06T03:48:00,Requester,Create Request for Quotation Requester,Anna Kaufmann
11,2011-02-01T04:12:00,2011-02-01T04:53:00,Requester,Create Purchase Requisition,Miu Hanwan
11,2011-02-01T23:06:00,2011-02-01T23:12:00,Requester Manager,Analyze Purchase Requisition,Francis Odell
11,2011-02-01T23:20:00,2011-02-01T23:22:00,Requester Manager,Create Request for Quotation Requester Manager,Francis Odell
11,2011-03-01T12:07:00,2011-03-01T12:31:00,Purchasing Agent,Analyze Request for Quotation,Karel de Groot
11,2011-03-01T13:21:00,2011-03-01T13:31:00,Requester Manager,Amend Request for Quotation Requester,Nico Ojenbeer
11,2011-03-01T18:24:00,2011-03-01T18:57:00,Purchasing Agent,Analyze Request for Quotation,Karel de Groot
110,2011-01-13T22:33:00,2011-01-13T22:39:00,Requester,Create Purchase Requisition,Esmana Liubiata
110,2011-01-14T13:07:00,2011-01-14T13:13:00,Requester Manager,Analyze Purchase Requisition,Francis Odell
110,2011-01-14T13:17:00,2011-01-14T13:19:00,Requester Manager,Create Request for Quotation Requester Manager,Heinz Gutschmidt
110,2011-01-17T01:02:00,2011-01-17T01:33:00,Purchasing Agent,Analyze Request for Quotation,Magdalena Predutta
110,2011-01-17T17:22:00,2011-01-17T17:46:00,Requester Manager,Amend Request for Quotation Requester Manager,Maris Freeman
110,2011-01-18T22:35:00,2011-01-18T23:00:00,Purchasing Agent,Analyze Request for Quotation,Magdalena Predutta
110,2011-01-19T11:51:00,2011-01-19T12:07:00,Purchasing Agent,Send Request for Quotation to Supplier,Francois de Perrier
110,2011-01-19T19:13:00,2011-01-19T20:25:00,Purchasing Agent,Create Quotation comparison Map,Magdalena Predutta
110,2011-01-20T02:56:00,2011-01-20T03:19:00,Requester,Analyze Quotation comparison Map,Fjodor Kowalski
110,2011-01-20T03:19:00,2011-01-20T03:19:00,Requester,Choose best option,Esmana Liubiata
110,2011-01-21T10:28:00,2011-01-21T17:14:00,Purchasing Agent,Settle conditions with supplier,Magdalena Predutta
110,2011-01-21T18:03:00,2011-01-21T18:14:00,Purchasing Agent,Create Purchase Order,Karel de Groot
110,2011-01-22T06:39:00,2011-01-22T07:05:00,Supplier,Confirm Purchase Order,Kiu Kan
110,2011-01-23T18:44:00,2011-01-24T05:59:00,Supplier,Deliver Goods Services,Sean Manney
110,2011-01-24T13:18:00,2011-01-24T13:19:00,Requester,Release Purchase Order,Alberto Duport
110,2011-01-25T15:32:00,2011-01-25T15:33:00,Purchasing Agent,Approve Purchase Order for payment,Karel de Groot
110,2011-01-27T06:45:00,2011-01-27T06:45:00,Supplier,Send invoice,Carmen Finacse
110,2011-01-27T20:52:00,2011-01-27T20:59:00,Financial Manager,Release Supplier's Invoice,Karalda Nimwada
110,2011-01-27T20:59:00,2011-01-27T20:59:00,Financial Manager,Authorize Supplier's Invoice payment,Pedro Alvares
110,2011-01-27T21:28:00,2011-01-27T21:33:00,Financial Manager,Pay invoice,Pedro Alvares
1114,2011-10-06T18:28:00,2011-10-06T19:05:00,Requester,Create Purchase Requisition,Miu Hanwan
1114,2011-11-06T09:19:00,2011-11-06T09:28:00,Requester Manager,Analyze Purchase Requisition,Maris Freeman
1116,2011-02-08T14:49:00,2011-02-08T15:11:00,Purchasing Agent,Analyze Request for Quotation,Francois de Perrier
1116,2011-02-08T15:55:00,2011-02-08T16:02:00,Requester Manager,Amend Request for Quotation Requester,Esmana Liubiata
1116,2011-03-09T06:11:00,2011-03-09T09:23:00,Supplier,Deliver Goods Services,Sean Manney
1116,2011-03-09T17:22:00,2011-03-09T17:23:00,Requester,Release Purchase Order,Penn Osterwalder
1116,2011-03-09T20:51:00,2011-03-09T20:52:00,Purchasing Agent,Approve Purchase Order for payment,Magdalena Predutta
1116,2011-06-14T23:31:00,2011-06-14T23:48:00,Purchasing Agent,Analyze Request for Quotation,Francois de Perrier
1116,2011-06-15T00:40:00,2011-06-15T00:48:00,Requester Manager,Amend Request for Quotation Requester,Nico Ojenbeer
1116,2011-06-27T02:24:00,2011-06-27T02:31:00,Purchasing Agent,Analyze Request for Quotation,Francois de Perrier
1116,2011-06-27T03:20:00,2011-06-27T03:33:00,Requester Manager,Amend Request for Quotation Requester,Esmana Liubiata
1116,2011-08-14T08:51:00,2011-08-14T09:28:00,Purchasing Agent,Analyze Request for Quotation,Karel de Groot
1116,2011-08-14T23:45:00,2011-08-15T00:15:00,Purchasing Agent,Send Request for Quotation to Supplier,Karel de Groot
1116,2011-08-15T02:23:00,2011-08-15T06:32:00,Purchasing Agent,Create Quotation comparison Map,Karel de Groot
1116,2011-08-15T13:19:00,2011-08-15T13:35:00,Requester,Analyze Quotation comparison Map,Fjodor Kowalski
1116,2011-08-15T13:35:00,2011-08-15T13:35:00,Requester,Choose best option,Elvira Lores
1116,2011-08-17T08:40:00,2011-08-17T19:57:00,Purchasing Agent,Settle conditions with supplier,Magdalena Predutta
1116,2011-08-17T23:37:00,2011-08-17T23:50:00,Purchasing Agent,Create Purchase Order,Karel de Groot
1116,2011-08-18T12:05:00,2011-08-18T12:14:00,Supplier,Confirm Purchase Order,Sean Manney
1116,2011-09-13T04:25:00,2011-09-13T04:31:00,Financial Manager,Release Supplier's Invoice,Pedro Alvares
1116,2011-09-13T05:02:00,2011-09-13T05:17:00,Financial Manager,Settle dispute with supplier Financial Manager,Karalda Nimwada
1116,2011-09-13T05:17:00,2011-09-13T05:17:00,Financial Manager,Authorize Supplier's Invoice payment,Pedro Alvares
1116,2011-09-13T06:22:00,2011-09-13T06:27:00,Financial Manager,Pay invoice,Karalda Nimwada
1116,2011-10-06T22:05:00,2011-10-06T22:26:00,Requester,Create Purchase Requisition,Tesca Lobes
1116,2011-11-06T00:46:00,2011-11-06T00:55:00,Requester,Create Request for Quotation Requester,Kim Passa
1116,2011-12-09T12:53:00,2011-12-09T12:53:00,Supplier,Send invoice,Carmen Finacse
1118,2011-06-14T12:32:00,2011-06-14T12:45:00,Purchasing Agent,Analyze Request for Quotation,Karel de Groot
1118,2011-06-14T15:30:00,2011-06-14T15:44:00,Purchasing Agent,Send Request for Quotation to Supplier,Francois de Perrier
1118,2011-06-14T16:28:00,2011-06-14T19:11:00,Purchasing Agent,Create Quotation comparison Map,Francois de Perrier
1118,2011-06-15T01:49:00,2011-06-15T02:09:00,Requester,Analyze Quotation comparison Map,Kim Passa
1118,2011-06-15T02:09:00,2011-06-15T02:09:00,Requester,Choose best option,Immanuel Karagianni
1118,2011-06-17T13:23:00,2011-06-17T19:57:00,Purchasing Agent,Settle conditions with supplier,Francois de Perrier
1118,2011-06-17T21:41:00,2011-06-17T21:48:00,Purchasing Agent,Create Purchase Order,Magdalena Predutta
1118,2011-06-21T00:05:00,2011-06-21T00:13:00,Supplier,Confirm Purchase Order,Kiu Kan
1118,2011-06-23T12:31:00,2011-06-24T06:10:00,Supplier,Deliver Goods Services,Sean Manney
1118,2011-06-24T13:51:00,2011-06-24T13:52:00,Requester,Release Purchase Order,Esmana Liubiata
1118,2011-06-25T05:43:00,2011-06-25T05:44:00,Purchasing Agent,Approve Purchase Order for payment,Francois de Perrier
1118,2011-06-25T19:00:00,2011-06-25T19:00:00,Supplier,Send invoice,Kiu Kan
1118,2011-06-26T09:20:00,2011-06-26T09:26:00,Financial Manager,Release Supplier's Invoice,Karalda Nimwada
1118,2011-06-26T10:05:00,2011-06-26T10:19:00,Financial Manager,Settle dispute with supplier Financial Manager,Pedro Alvares
1118,2011-06-26T10:19:00,2011-06-26T10:19:00,Financial Manager,Authorize Supplier's Invoice payment,Pedro Alvares
1118,2011-06-26T10:56:00,2011-06-26T11:07:00,Financial Manager,Pay invoice,Karalda Nimwada
1118,2011-11-06T00:44:00,2011-11-06T01:34:00,Requester,Create Purchase Requisition,Anne Olwada
1118,2011-11-06T05:11:00,2011-11-06T05:21:00,Requester,Create Request for Quotation Requester,Clement Duchot
112,2011-01-14T11:30:00,2011-01-14T11:35:00,Requester,Create Purchase Requisition,Penn Osterwalder
112,2011-01-15T05:08:00,2011-01-15T05:14:00,Requester Manager,Analyze Purchase Requisition,Maris Freeman
112,2011-01-15T05:22:00,2011-01-15T05:25:00,Requester Manager,Create Request for Quotation Requester Manager,Maris Freeman
112,2011-01-16T13:03:00,2011-01-16T13:35:00,Purchasing Agent,Analyze Request for Quotation,Karel de Groot
112,2011-01-16T14:19:00,2011-01-16T14:29:00,Requester Manager,Amend Request for Quotation Requester,Alberto Duport
112,2011-01-16T21:56:00,2011-01-16T22:14:00,Purchasing Agent,Analyze Request for Quotation,Francois de Perrier
112,2011-01-18T21:23:00,2011-01-18T21:50:00,Purchasing Agent,Send Request for Quotation to Supplier,Magdalena Predutta
112,2011-01-19T19:43:00,2011-01-20T01:20:00,Purchasing Agent,Create Quotation comparison Map,Karel de Groot
112,2011-01-20T08:27:00,2011-01-20T08:42:00,Requester,Analyze Quotation comparison Map,Fjodor Kowalski
112,2011-01-20T08:42:00,2011-01-20T08:42:00,Requester,Choose best option,Anna Kaufmann
112,2011-01-20T20:24:00,2011-01-21T08:32:00,Purchasing Agent,Settle conditions with supplier,Magdalena Predutta
112,2011-01-22T07:15:00,2011-01-22T07:23:00,Purchasing Agent,Create Purchase Order,Francois de Perrier
112,2011-01-22T11:19:00,2011-01-22T11:46:00,Supplier,Confirm Purchase Order,Esmeralda Clay
112,2011-01-26T08:11:00,2011-01-28T05:54:00,Supplier,Deliver Goods Services,Sean Manney
112,2011-01-28T13:40:00,2011-01-28T13:41:00,Requester,Release Purchase Order,Clement Duchot
112,2011-01-29T11:32:00,2011-01-29T11:33:00,Purchasing Agent,Approve Purchase Order for payment,Francois de Perrier
112,2011-01-31T02:32:00,2011-01-31T02:32:00,Supplier,Send invoice,Kiu Kan
112,2011-01-31T16:55:00,2011-01-31T17:00:00,Financial Manager,Release Supplier's Invoice,Karalda Nimwada
112,2011-01-31T17:00:00,2011-01-31T17:00:00,Financial Manager,Authorize Supplier's Invoice payment,Karalda Nimwada
112,2011-01-31T17:10:00,2011-01-31T17:20:00,Financial Manager,Pay invoice,Pedro Alvares
1123,2011-06-13T01:05:00,2011-06-13T01:05:00,Requester Manager,Analyze Purchase Requisition,Francis Odell
1123,2011-06-13T01:12:00,2011-06-13T01:14:00,Requester Manager,Create Request for Quotation Requester Manager,Heinz Gutschmidt
1123,2011-06-21T23:57:00,2011-06-22T00:38:00,Purchasing Agent,Analyze Request for Quotation,Magdalena Predutta
1123,2011-12-06T13:50:00,2011-12-06T14:31:00,Requester,Create Purchase Requisition,Fjodor Kowalski
1123,2011-12-06T23:58:00,2011-12-06T23:58:00,Requester Manager,Analyze Purchase Requisition,Francis Odell
1128,2011-01-09T04:40:00,2011-01-09T04:40:00,Supplier,Send invoice,Kiu Kan
1128,2011-01-09T19:06:00,2011-01-09T19:13:00,Financial Manager,Release Supplier's Invoice,Karalda Nimwada
1128,2011-01-09T19:13:00,2011-01-09T19:13:00,Financial Manager,Authorize Supplier's Invoice payment,Pedro Alvares
1128,2011-01-09T19:47:00,2011-01-09T19:59:00,Financial Manager,Pay invoice,Pedro Alvares
1128,2011-03-08T01:09:00,2011-03-08T01:25:00,Supplier,Confirm Purchase Order,Karen Clarens
1128,2011-06-13T19:58:00,2011-06-13T20:24:00,Requester,Create Purchase Requisition,Fjodor Kowalski
1128,2011-06-14T02:56:00,2011-06-14T03:06:00,Requester,Create Request for Quotation Requester,Immanuel Karagianni
1128,2011-06-19T23:18:00,2011-06-19T23:46:00,Purchasing Agent,Analyze Request for Quotation,Karel de Groot
1128,2011-06-20T00:43:00,2011-06-20T00:51:00,Requester Manager,Amend Request for Quotation Requester,Clement Duchot
1128,2011-07-22T13:07:00,2011-07-22T13:20:00,Purchasing Agent,Analyze Request for Quotation,Magdalena Predutta
1128,2011-07-23T16:49:00,2011-07-23T17:07:00,Purchasing Agent,Send Request for Quotation to Supplier,Francois de Perrier
1128,2011-07-24T05:19:00,2011-07-24T07:36:00,Purchasing Agent,Create Quotation comparison Map,Francois de Perrier
1128,2011-07-24T14:36:00,2011-07-24T14:49:00,Requester,Analyze Quotation comparison Map,Elvira Lores
1128,2011-07-24T14:49:00,2011-07-24T14:49:00,Requester,Choose best option,Clement Duchot
1128,2011-07-25T05:55:00,2011-07-25T19:17:00,Purchasing Agent,Settle conditions with supplier,Francois de Perrier
1128,2011-07-26T09:37:00,2011-07-26T09:46:00,Purchasing Agent,Create Purchase Order,Francois de Perrier
1128,2011-08-28T16:14:00,2011-08-29T09:16:00,Supplier,Deliver Goods Services,Sean Manney
1128,2011-08-29T16:30:00,2011-08-29T16:31:00,Requester,Release Purchase Order,Nico Ojenbeer
1128,2011-08-30T05:54:00,2011-08-30T05:55:00,Purchasing Agent,Approve Purchase Order for payment,Karel de Groot
1128,2011-12-07T06:13:00,2011-12-07T06:31:00,Purchasing Agent,Analyze Request for Quotation,Karel de Groot
1128,2011-12-07T07:20:00,2011-12-07T07:30:00,Requester Manager,Amend Request for Quotation Requester,Penn Osterwalder
1141,2011-06-15T13:46:00,2011-06-15T14:22:00,Requester,Create Purchase Requisition,Miu Hanwan
1141,2011-06-15T16:50:00,2011-06-15T17:03:00,Requester,Create Request for Quotation Requester,Tesca Lobes
1141,2011-06-20T22:33:00,2011-06-20T22:58:00,Purchasing Agent,Analyze Request for Quotation,Magdalena Predutta
1141,2011-06-20T23:58:00,2011-06-21T00:10:00,Requester Manager,Amend Request for Quotation Requester,Nico Ojenbeer
1141,2011-07-18T17:13:00,2011-07-18T17:37:00,Purchasing Agent,Analyze Request for Quotation,Karel de Groot
1141,2011-07-18T18:15:00,2011-07-18T18:20:00,Requester Manager,Amend Request for Quotation Requester,Penn Osterwalder
1141,2011-08-13T23:30:00,2011-08-14T09:00:00,Purchasing Agent,Settle conditions with supplier,Francois de Perrier
1141,2011-08-14T11:29:00,2011-08-14T11:39:00,Purchasing Agent,Create Purchase Order,Francois de Perrier
1141,2011-08-15T19:01:00,2011-08-15T19:16:00,Supplier,Confirm Purchase Order,Sean Manney
1141,2011-08-21T16:21:00,2011-08-22T10:07:00,Supplier,Deliver Goods Services,Sean Manney
1141,2011-08-22T18:00:00,2011-08-22T18:01:00,Requester,Release Purchase Order,Esmana Liubiata
1141,2011-08-23T15:04:00,2011-08-23T15:05:00,Purchasing Agent,Approve Purchase Order for payment,Magdalena Predutta
1141,2011-08-29T23:17:00,2011-08-29T23:17:00,Supplier,Send invoice,Esmeralda Clay
1141,2011-08-30T13:42:00,2011-08-30T13:48:00,Financial Manager,Release Supplier's Invoice,Pedro Alvares
1141,2011-08-30T13:48:00,2011-08-30T13:48:00,Financial Manager,Authorize Supplier's Invoice payment,Karalda Nimwada
1141,2011-08-30T14:09:00,2011-08-30T14:18:00,Financial Manager,Pay invoice,Pedro Alvares
1141,2011-09-07T03:46:00,2011-09-07T04:25:00,Purchasing Agent,Analyze Request for Quotation,Karel de Groot
1141,2011-09-07T05:16:00,2011-09-07T05:27:00,Requester Manager,Amend Request for Quotation Requester,Elvira Lores
1141,2011-10-08T17:51:00,2011-10-08T18:13:00,Purchasing Agent,Analyze Request for Quotation,Francois de Perrier
1141,2011-11-08T06:37:00,2011-11-08T06:57:00,Purchasing Agent,Send Request for Quotation to Supplier,Karel de Groot
1141,2011-11-08T07:45:00,2011-11-08T12:22:00,Purchasing Agent,Create Quotation comparison Map,Karel de Groot
1141,2011-11-08T19:26:00,2011-11-08T19:52:00,Requester,Analyze Quotation comparison Map,Anna Kaufmann
1141,2011-11-08T19:52:00,2011-11-08T19:52:00,Requester,Choose best option,Elvira Lores
1144,2011-06-16T00:39:00,2011-06-16T01:03:00,Requester,Create Purchase Requisition,Esmana Liubiata
1144,2011-06-16T01:58:00,2011-06-16T02:09:00,Requester,Create Request for Quotation Requester,Kim Passa
1144,2011-06-28T16:28:00,2011-06-28T16:48:00,Purchasing Agent,Analyze Request for Quotation,Magdalena Predutta
1146,2011-06-16T07:19:00,2011-06-16T07:56:00,Requester,Create Purchase Requisition,Christian Francois
1146,2011-06-16T13:23:00,2011-06-16T13:33:00,Requester,Create Request for Quotation Requester,Miu Hanwan
1146,2011-06-21T16:36:00,2011-06-21T16:57:00,Purchasing Agent,Analyze Request for Quotation,Karel de Groot
1146,2011-06-21T21:41:00,2011-06-21T22:16:00,Purchasing Agent,Send Request for Quotation to Supplier,Magdalena Predutta
1146,2011-06-21T22:45:00,2011-06-22T00:40:00,Purchasing Agent,Create Quotation comparison Map,Karel de Groot
1146,2011-06-22T06:55:00,2011-06-22T07:27:00,Requester,Analyze Quotation comparison Map,Anne Olwada
1146,2011-06-22T07:27:00,2011-06-22T07:27:00,Requester,Choose best option,Immanuel Karagianni
1146,2011-06-22T13:19:00,2011-06-22T19:24:00,Purchasing Agent,Settle conditions with supplier,Francois de Perrier
1146,2011-06-23T01:09:00,2011-06-23T01:21:00,Purchasing Agent,Create Purchase Order,Magdalena Predutta
1146,2011-06-24T06:10:00,2011-06-24T06:42:00,Supplier,Confirm Purchase Order,Sean Manney
1146,2011-06-26T16:40:00,2011-06-27T22:04:00,Supplier,Deliver Goods Services,Carmen Finacse
1146,2011-06-28T05:37:00,2011-06-28T05:38:00,Requester,Release Purchase Order,Alberto Duport
1146,2011-06-28T10:34:00,2011-06-28T10:35:00,Purchasing Agent,Approve Purchase Order for payment,Francois de Perrier
1146,2011-06-28T16:50:00,2011-06-28T16:50:00,Supplier,Send invoice,Esmeralda Clay
1146,2011-06-29T07:06:00,2011-06-29T07:09:00,Financial Manager,Release Supplier's Invoice,Karalda Nimwada
1146,2011-06-29T07:09:00,2011-06-29T07:09:00,Financial Manager,Authorize Supplier's Invoice payment,Karalda Nimwada
1146,2011-06-29T07:28:00,2011-06-29T07:34:00,Financial Manager,Pay invoice,Karalda Nimwada
115,2011-01-14T16:40:00,2011-01-14T17:16:00,Requester,Create Purchase Requisition,Nico Ojenbeer
115,2011-01-14T21:17:00,2011-01-14T21:28:00,Requester,Create Request for Quotation Requester,Christian Francois
115,2011-01-16T23:33:00,2011-01-16T23:41:00,Purchasing Agent,Analyze Request for Quotation,Karel de Groot
115,2011-01-17T11:17:00,2011-01-17T11:38:00,Purchasing Agent,Send Request for Quotation to Supplier,Francois de Perrier
115,2011-01-17T14:17:00,2011-01-17T18:59:00,Purchasing Agent,Create Quotation comparison Map,Karel de Groot
115,2011-01-18T01:35:00,2011-01-18T01:50:00,Requester,Analyze Quotation comparison Map,Clement Duchot
115,2011-01-18T01:50:00,2011-01-18T01:50:00,Requester,Choose best option,Anne Olwada
115,2011-01-18T05:31:00,2011-01-18T16:11:00,Purchasing Agent,Settle conditions with supplier,Francois de Perrier
115,2011-01-18T22:26:00,2011-01-18T22:34:00,Purchasing Agent,Create Purchase Order,Magdalena Predutta
115,2011-01-19T08:55:00,2011-01-19T09:10:00,Supplier,Confirm Purchase Order,Kiu Kan
115,2011-01-22T01:36:00,2011-01-22T21:46:00,Supplier,Deliver Goods Services,Karen Clarens
115,2011-01-23T05:40:00,2011-01-23T05:41:00,Requester,Release Purchase Order,Christian Francois
115,2011-01-23T19:36:00,2011-01-23T19:37:00,Purchasing Agent,Approve Purchase Order for payment,Francois de Perrier
115,2011-01-24T05:59:00,2011-01-24T05:59:00,Supplier,Send invoice,Sean Manney
115,2011-01-24T20:07:00,2011-01-24T20:13:00,Financial Manager,Release Supplier's Invoice,Karalda Nimwada
115,2011-01-24T20:13:00,2011-01-24T20:13:00,Financial Manager,Authorize Supplier's Invoice payment,Karalda Nimwada
115,2011-01-24T21:13:00,2011-01-24T21:23:00,Financial Manager,Pay invoice,Karalda Nimwada
1151,2011-06-17T01:38:00,2011-06-17T02:32:00,Requester,Create Purchase Requisition,Clement Duchot
1151,2011-06-17T20:21:00,2011-06-17T20:26:00,Requester Manager,Analyze Purchase Requisition,Francis Odell
1151,2011-06-17T20:30:00,2011-06-17T20:31:00,Requester Manager,Create Request for Quotation Requester Manager,Heinz Gutschmidt
1151,2011-06-17T23:59:00,2011-06-18T00:16:00,Purchasing Agent,Analyze Request for Quotation,Magdalena Predutta
1153,2011-06-17T08:26:00,2011-06-17T09:01:00,Requester,Create Purchase Requisition,Anne Olwada
1153,2011-06-17T23:09:00,2011-06-17T23:14:00,Requester Manager,Analyze Purchase Requisition,Maris Freeman
1158,2011-06-17T18:09:00,2011-06-17T18:30:00,Requester,Create Purchase Requisition,Penn Osterwalder
1158,2011-06-18T12:40:00,2011-06-18T12:48:00,Requester Manager,Analyze Purchase Requisition,Francis Odell
1158,2011-06-18T12:56:00,2011-06-18T12:58:00,Requester Manager,Create Request for Quotation Requester Manager,Heinz Gutschmidt
1158,2011-06-22T00:38:00,2011-06-22T01:21:00,Purchasing Agent,Analyze Request for Quotation,Magdalena Predutta
1160,2011-03-10T05:30:00,2011-03-10T05:30:00,Supplier,Send invoice,Kiu Kan
1160,2011-03-10T19:49:00,2011-03-10T19:55:00,Financial Manager,Release Supplier's Invoice,Pedro Alvares
1160,2011-03-10T20:03:00,2011-03-10T20:33:00,Financial Manager,Settle dispute with supplier Financial Manager,Karalda Nimwada
1160,2011-03-10T20:33:00,2011-03-10T20:33:00,Financial Manager,Authorize Supplier's Invoice payment,Pedro Alvares
1160,2011-03-10T21:32:00,2011-03-10T21:38:00,Financial Manager,Pay invoice,Pedro Alvares
1160,2011-05-07T13:06:00,2011-05-07T13:30:00,Purchasing Agent,Analyze Request for Quotation,Karel de Groot
1160,2011-05-07T14:17:00,2011-05-07T14:31:00,Requester Manager,Amend Request for Quotation Requester,Penn Osterwalder
1160,2011-06-18T05:48:00,2011-06-18T06:13:00,Requester,Create Purchase Requisition,Fjodor Kowalski
1160,2011-06-19T03:55:00,2011-06-19T04:01:00,Requester Manager,Analyze Purchase Requisition,Francis Odell
1160,2011-06-19T04:08:00,2011-06-19T04:11:00,Requester Manager,Create Request for Quotation Requester Manager,Maris Freeman
1160,2011-06-21T23:18:00,2011-06-21T23:40:00,Purchasing Agent,Analyze Request for Quotation,Magdalena Predutta
1160,2011-06-22T00:33:00,2011-06-22T00:40:00,Requester Manager,Amend Request for Quotation Requester,Penn Osterwalder
1160,2011-06-22T03:40:00,2011-06-22T03:58:00,Purchasing Agent,Analyze Request for Quotation,Magdalena Predutta
1160,2011-06-22T04:52:00,2011-06-22T05:07:00,Requester Manager,Amend Request for Quotation Requester,Immanuel Karagianni
1160,2011-07-09T19:23:00,2011-07-09T19:53:00,Purchasing Agent,Analyze Request for Quotation,Karel de Groot
1160,2011-08-08T12:10:00,2011-08-08T12:40:00,Purchasing Agent,Analyze Request for Quotation,Magdalena Predutta
1160,2011-08-08T13:34:00,2011-08-08T13:46:00,Requester Manager,Amend Request for Quotation Requester,Esmana Liubiata
1160,2011-08-09T08:46:00,2011-08-09T09:11:00,Purchasing Agent,Send Request for Quotation to Supplier,Karel de Groot
1160,2011-08-09T13:55:00,2011-08-09T16:01:00,Purchasing Agent,Create Quotation comparison Map,Francois de Perrier
1160,2011-08-09T22:44:00,2011-08-09T23:01:00,Requester,Analyze Quotation comparison Map,Miu Hanwan
1160,2011-08-09T23:01:00,2011-08-09T23:01:00,Requester,Choose best option,Anne Olwada
1160,2011-08-23T06:22:00,2011-08-23T06:53:00,Purchasing Agent,Analyze Request for Quotation,Magdalena Predutta
1160,2011-08-23T07:39:00,2011-08-23T07:52:00,Requester Manager,Amend Request for Quotation Requester,Penn Osterwalder
1160,2011-09-10T00:11:00,2011-10-09T08:34:00,Purchasing Agent,Settle conditions with supplier,Francois de Perrier
1160,2011-09-13T09:43:00,2011-09-13T10:01:00,Supplier,Confirm Purchase Order,Sean Manney
1160,2011-09-28T19:42:00,2011-09-29T00:38:00,Supplier,Deliver Goods Services,Esmeralda Clay
1160,2011-09-29T08:45:00,2011-09-29T08:46:00,Requester,Release Purchase Order,Elvira Lores
1160,2011-09-29T15:00:00,2011-09-29T15:01:00,Purchasing Agent,Approve Purchase Order for payment,Francois de Perrier
1160,2011-10-09T10:57:00,2011-10-09T11:09:00,Purchasing Agent,Create Purchase Order,Magdalena Predutta
117,2011-01-14T18:56:00,2011-01-14T19:07:00,Requester,Create Purchase Requisition,Anne Olwada
117,2011-01-15T14:15:00,2011-01-15T14:21:00,Requester Manager,Analyze Purchase Requisition,Francis Odell
117,2011-01-15T14:25:00,2011-01-15T14:27:00,Requester Manager,Create Request for Quotation Requester Manager,Maris Freeman
117,2011-01-16T23:41:00,2011-01-17T00:11:00,Purchasing Agent,Analyze Request for Quotation,Karel de Groot
117,2011-01-17T01:11:00,2011-01-17T01:35:00,Purchasing Agent,Send Request for Quotation to Supplier,Francois de Perrier
117,2011-01-17T01:39:00,2011-01-17T07:20:00,Purchasing Agent,Create Quotation comparison Map,Karel de Groot
117,2011-01-17T14:20:00,2011-01-17T14:34:00,Requester,Analyze Quotation comparison Map,Alberto Duport
117,2011-01-17T14:34:00,2011-01-17T14:34:00,Requester,Choose best option,Alberto Duport
117,2011-01-17T18:59:00,2011-01-18T08:34:00,Purchasing Agent,Settle conditions with supplier,Karel de Groot
117,2011-01-18T16:40:00,2011-01-18T16:50:00,Purchasing Agent,Create Purchase Order,Magdalena Predutta
117,2011-01-18T23:05:00,2011-01-18T23:16:00,Supplier,Confirm Purchase Order,Sean Manney
117,2011-01-20T11:17:00,2011-01-22T05:00:00,Supplier,Deliver Goods Services,Carmen Finacse
117,2011-01-22T12:29:00,2011-01-22T12:30:00,Requester,Release Purchase Order,Nico Ojenbeer
117,2011-01-23T02:27:00,2011-01-23T02:28:00,Purchasing Agent,Approve Purchase Order for payment,Francois de Perrier
117,2011-01-23T20:23:00,2011-01-23T20:23:00,Supplier,Send invoice,Carmen Finacse
117,2011-01-24T10:47:00,2011-01-24T10:54:00,Financial Manager,Release Supplier's Invoice,Pedro Alvares
117,2011-01-24T10:54:00,2011-01-24T10:54:00,Financial Manager,Authorize Supplier's Invoice payment,Pedro Alvares
117,2011-01-24T11:28:00,2011-01-24T11:37:00,Financial Manager,Pay invoice,Pedro Alvares
1178,2011-06-20T04:32:00,2011-06-20T05:22:00,Requester,Create Purchase Requisition,Fjodor Kowalski
1178,2011-06-21T02:15:00,2011-06-21T02:21:00,Requester Manager,Analyze Purchase Requisition,Heinz Gutschmidt
1178,2011-06-21T02:27:00,2011-06-21T02:29:00,Requester Manager,Create Request for Quotation Requester Manager,Francis Odell
1178,2011-06-21T19:30:00,2011-06-21T20:03:00,Purchasing Agent,Analyze Request for Quotation,Magdalena Predutta
1178,2011-06-21T20:55:00,2011-06-21T21:02:00,Requester Manager,Amend Request for Quotation Requester,Elvira Lores
1178,2011-07-15T07:22:00,2011-07-15T07:56:00,Purchasing Agent,Analyze Request for Quotation,Francois de Perrier
1178,2011-07-15T08:45:00,2011-07-15T08:55:00,Requester Manager,Amend Request for Quotation Requester,Fjodor Kowalski
1178,2011-08-14T12:41:00,2011-08-14T13:00:00,Purchasing Agent,Analyze Request for Quotation,Francois de Perrier
1178,2011-08-14T13:57:00,2011-08-14T14:04:00,Requester Manager,Amend Request for Quotation Requester,Fjodor Kowalski
1178,2011-08-15T07:32:00,2011-08-15T07:52:00,Purchasing Agent,Analyze Request for Quotation,Karel de Groot
1178,2011-08-15T08:49:00,2011-08-15T08:56:00,Requester Manager,Amend Request for Quotation Requester,Immanuel Karagianni
1178,2011-09-14T01:27:00,2011-09-14T01:36:00,Purchasing Agent,Create Purchase Order,Francois de Perrier
1178,2011-09-14T19:55:00,2011-09-14T20:27:00,Supplier,Confirm Purchase Order,Carmen Finacse
1178,2011-09-25T00:56:00,2011-09-25T11:41:00,Supplier,Deliver Goods Services,Kiu Kan
1178,2011-09-25T18:50:00,2011-09-25T18:51:00,Requester,Release Purchase Order,Nico Ojenbeer
1178,2011-09-26T01:02:00,2011-09-26T10:23:00,Purchasing Agent,Settle dispute with supplier Purchasing Agent,Magdalena Predutta
1178,2011-09-26T17:47:00,2011-09-26T17:48:00,Requester,Release Purchase Order,Miu Hanwan
1178,2011-09-26T22:29:00,2011-09-26T22:30:00,Purchasing Agent,Approve Purchase Order for payment,Francois de Perrier
1178,2011-09-28T08:40:00,2011-09-28T08:40:00,Supplier,Send invoice,Carmen Finacse
1178,2011-09-28T23:10:00,2011-09-28T23:14:00,Financial Manager,Release Supplier's Invoice,Pedro Alvares
1178,2011-09-28T23:14:00,2011-09-28T23:14:00,Financial Manager,Authorize Supplier's Invoice payment,Pedro Alvares
1178,2011-09-28T23:37:00,2011-09-28T23:46:00,Financial Manager,Pay invoice,Pedro Alvares
1178,2011-10-09T22:12:00,2011-10-09T22:36:00,Purchasing Agent,Analyze Request for Quotation,Francois de Perrier
1178,2011-11-09T03:01:00,2011-11-09T03:28:00,Purchasing Agent,Send Request for Quotation to Supplier,Karel de Groot
1178,2011-11-09T18:10:00,2011-11-09T21:17:00,Purchasing Agent,Create Quotation comparison Map,Karel de Groot
1178,2011-12-09T03:39:00,2011-12-09T03:47:00,Requester,Analyze Quotation comparison Map,Kim Passa
1178,2011-12-09T03:47:00,2011-12-09T03:47:00,Requester,Choose best option,Penn Osterwalder
1178,2011-12-09T06:21:00,2011-12-09T20:01:00,Purchasing Agent,Settle conditions with supplier,Francois de Perrier
118,2011-01-15T09:31:00,2011-01-15T10:16:00,Requester,Create Purchase Requisition,Tesca Lobes
118,2011-01-15T20:33:00,2011-01-15T20:40:00,Requester Manager,Analyze Purchase Requisition,Francis Odell
118,2011-01-15T20:45:00,2011-01-15T20:47:00,Requester Manager,Create Request for Quotation Requester Manager,Maris Freeman
118,2011-01-16T02:12:00,2011-01-16T02:46:00,Purchasing Agent,Analyze Request for Quotation,Magdalena Predutta
118,2011-01-16T17:10:00,2011-01-16T17:24:00,Purchasing Agent,Send Request for Quotation to Supplier,Francois de Perrier
118,2011-01-16T17:54:00,2011-01-16T18:32:00,Purchasing Agent,Create Quotation comparison Map,Francois de Perrier
118,2011-01-17T01:00:00,2011-01-17T01:26:00,Requester,Analyze Quotation comparison Map,Fjodor Kowalski
118,2011-01-17T01:26:00,2011-01-17T01:26:00,Requester,Choose best option,Penn Osterwalder
118,2011-01-17T05:37:00,2011-01-17T15:00:00,Purchasing Agent,Settle conditions with supplier,Magdalena Predutta
118,2011-01-18T02:13:00,2011-01-18T02:24:00,Purchasing Agent,Create Purchase Order,Magdalena Predutta
118,2011-01-19T09:10:00,2011-01-19T09:42:00,Supplier,Confirm Purchase Order,Kiu Kan
118,2011-01-20T07:17:00,2011-01-21T10:54:00,Supplier,Deliver Goods Services,Esmeralda Clay
118,2011-01-21T17:45:00,2011-01-21T17:46:00,Requester,Release Purchase Order,Anne Olwada
118,2011-01-22T08:05:00,2011-01-22T08:06:00,Purchasing Agent,Approve Purchase Order for payment,Francois de Perrier
118,2011-01-25T09:53:00,2011-01-25T09:53:00,Supplier,Send invoice,Carmen Finacse
118,2011-01-26T00:30:00,2011-01-26T00:32:00,Financial Manager,Release Supplier's Invoice,Karalda Nimwada
118,2011-01-26T00:32:00,2011-01-26T00:32:00,Financial Manager,Authorize Supplier's Invoice payment,Karalda Nimwada
118,2011-01-26T00:43:00,2011-01-26T00:50:00,Financial Manager,Pay invoice,Pedro Alvares
1184,2011-06-21T01:29:00,2011-06-21T01:42:00,Requester,Create Purchase Requisition,Christian Francois
1184,2011-06-21T13:47:00,2011-06-21T13:52:00,Requester Manager,Analyze Purchase Requisition,Heinz Gutschmidt
1184,2011-06-21T13:58:00,2011-06-21T14:00:00,Requester Manager,Create Request for Quotation Requester Manager,Francis Odell
1184,2011-06-21T20:08:00,2011-06-21T20:26:00,Purchasing Agent,Analyze Request for Quotation,Francois de Perrier
1184,2011-06-21T21:06:00,2011-06-21T21:19:00,Requester Manager,Amend Request for Quotation Requester,Esmana Liubiata
1184,2011-06-22T12:53:00,2011-06-22T13:19:00,Purchasing Agent,Analyze Request for Quotation,Francois de Perrier
1184,2011-06-22T14:08:00,2011-06-22T14:19:00,Requester Manager,Amend Request for Quotation Requester,Clement Duchot
1184,2011-07-09T19:00:00,2011-09-09T01:24:00,Supplier,Deliver Goods Services,Carmen Finacse
1184,2011-08-13T18:31:00,2011-08-13T18:56:00,Purchasing Agent,Analyze Request for Quotation,Karel de Groot
1184,2011-08-13T19:51:00,2011-08-13T20:02:00,Requester Manager,Amend Request for Quotation Requester,Elvira Lores
1184,2011-08-20T18:14:00,2011-08-20T18:38:00,Purchasing Agent,Analyze Request for Quotation,Karel de Groot
1184,2011-08-21T02:49:00,2011-08-21T03:10:00,Purchasing Agent,Send Request for Quotation to Supplier,Francois de Perrier
1184,2011-08-22T05:57:00,2011-08-22T07:09:00,Purchasing Agent,Create Quotation comparison Map,Karel de Groot
1184,2011-08-22T13:54:00,2011-08-22T14:00:00,Requester,Analyze Quotation comparison Map,Miu Hanwan
1184,2011-08-22T14:00:00,2011-08-22T14:00:00,Requester,Choose best option,Esmana Liubiata
1184,2011-08-23T07:18:00,2011-08-23T15:04:00,Purchasing Agent,Settle conditions with supplier,Magdalena Predutta
1184,2011-08-23T16:59:00,2011-08-23T17:10:00,Purchasing Agent,Create Purchase Order,Magdalena Predutta
1184,2011-08-25T08:03:00,2011-08-25T08:22:00,Supplier,Confirm Purchase Order,Sean Manney
1184,2011-09-09T09:26:00,2011-09-09T09:27:00,Requester,Release Purchase Order,Clement Duchot
1184,2011-09-09T14:08:00,2011-09-09T14:09:00,Purchasing Agent,Approve Purchase Order for payment,Magdalena Predutta
1184,2011-11-07T19:17:00,2011-11-07T19:50:00,Purchasing Agent,Analyze Request for Quotation,Karel de Groot
1184,2011-11-09T16:36:00,2011-11-09T16:36:00,Supplier,Send invoice,Carmen Finacse
1184,2011-12-07T11:49:00,2011-12-07T12:13:00,Requester Manager,Amend Request for Quotation Requester Manager,Heinz Gutschmidt
1184,2011-12-09T06:55:00,2011-12-09T06:59:00,Financial Manager,Release Supplier's Invoice,Pedro Alvares
1184,2011-12-09T06:59:00,2011-12-09T06:59:00,Financial Manager,Authorize Supplier's Invoice payment,Karalda Nimwada
1184,2011-12-09T07:41:00,2011-12-09T07:51:00,Financial Manager,Pay invoice,Pedro Alvares
119,2011-01-15T20:34:00,2011-01-15T21:05:00,Requester,Create Purchase Requisition,Anna Kaufmann
119,2011-01-16T11:19:00,2011-01-16T11:25:00,Requester Manager,Analyze Purchase Requisition,Maris Freeman
119,2011-01-16T11:33:00,2011-01-16T11:36:00,Requester Manager,Create Request for Quotation Requester Manager,Francis Odell
119,2011-01-17T01:33:00,2011-01-17T01:39:00,Purchasing Agent,Analyze Request for Quotation,Magdalena Predutta
119,2011-01-18T23:00:00,2011-01-18T23:26:00,Purchasing Agent,Send Request for Quotation to Supplier,Magdalena Predutta
119,2011-01-19T03:31:00,2011-01-19T05:04:00,Purchasing Agent,Create Quotation comparison Map,Magdalena Predutta
119,2011-01-19T11:34:00,2011-01-19T11:43:00,Requester,Analyze Quotation comparison Map,Alberto Duport
119,2011-01-19T11:43:00,2011-01-19T11:43:00,Requester,Choose best option,Penn Osterwalder
119,2011-01-19T23:06:00,2011-01-20T03:33:00,Purchasing Agent,Settle conditions with supplier,Francois de Perrier
119,2011-01-21T09:58:00,2011-01-21T10:10:00,Purchasing Agent,Create Purchase Order,Francois de Perrier
119,2011-01-22T06:04:00,2011-01-22T06:20:00,Supplier,Confirm Purchase Order,Carmen Finacse
119,2011-01-22T17:33:00,2011-01-23T18:44:00,Supplier,Deliver Goods Services,Sean Manney
119,2011-01-24T02:07:00,2011-01-24T02:08:00,Requester,Release Purchase Order,Immanuel Karagianni
119,2011-01-24T06:02:00,2011-01-24T06:03:00,Purchasing Agent,Approve Purchase Order for payment,Francois de Perrier
119,2011-01-25T09:33:00,2011-01-25T09:33:00,Supplier,Send invoice,Carmen Finacse
119,2011-01-25T23:54:00,2011-01-25T23:56:00,Financial Manager,Release Supplier's Invoice,Karalda Nimwada
119,2011-01-25T23:56:00,2011-01-25T23:56:00,Financial Manager,Authorize Supplier's Invoice payment,Karalda Nimwada
119,2011-01-26T00:37:00,2011-01-26T00:44:00,Financial Manager,Pay invoice,Karalda Nimwada
1191,2011-02-07T06:20:00,2011-02-07T06:41:00,Purchasing Agent,Analyze Request for Quotation,Francois de Perrier
1191,2011-02-07T07:31:00,2011-02-07T07:36:00,Requester Manager,Amend Request for Quotation Requester,Elvira Lores
1191,2011-04-09T01:32:00,2011-05-09T14:57:00,Supplier,Deliver Goods Services,Esmeralda Clay
1191,2011-05-07T18:59:00,2011-05-07T19:19:00,Purchasing Agent,Analyze Request for Quotation,Karel de Groot
1191,2011-05-07T20:04:00,2011-05-07T20:13:00,Requester Manager,Amend Request for Quotation Requester,Elvira Lores
1191,2011-05-09T22:27:00,2011-05-09T22:28:00,Requester,Release Purchase Order,Immanuel Karagianni
1191,2011-06-21T14:52:00,2011-06-21T15:35:00,Requester,Create Purchase Requisition,Christian Francois
1191,2011-06-22T15:34:00,2011-06-22T15:39:00,Requester Manager,Analyze Purchase Requisition,Maris Freeman
1191,2011-06-22T15:46:00,2011-06-22T15:48:00,Requester Manager,Create Request for Quotation Requester Manager,Francis Odell
1191,2011-07-09T02:33:00,2011-07-09T02:34:00,Purchasing Agent,Approve Purchase Order for payment,Francois de Perrier
1191,2011-08-28T07:26:00,2011-08-28T07:46:00,Purchasing Agent,Analyze Request for Quotation,Magdalena Predutta
1191,2011-08-28T16:10:00,2011-08-28T16:41:00,Purchasing Agent,Send Request for Quotation to Supplier,Francois de Perrier
1191,2011-08-29T01:58:00,2011-08-29T04:05:00,Purchasing Agent,Create Quotation comparison Map,Francois de Perrier
1191,2011-08-29T10:59:00,2011-08-29T11:21:00,Requester,Analyze Quotation comparison Map,Miu Hanwan
1191,2011-08-29T11:21:00,2011-08-29T11:21:00,Requester,Choose best option,Anne Olwada
1191,2011-08-29T20:05:00,2011-08-30T01:04:00,Purchasing Agent,Settle conditions with supplier,Karel de Groot
1191,2011-08-30T12:36:00,2011-08-30T12:47:00,Purchasing Agent,Create Purchase Order,Francois de Perrier
1191,2011-08-31T07:29:00,2011-08-31T07:45:00,Supplier,Confirm Purchase Order,Esmeralda Clay
1191,2011-09-18T00:09:00,2011-09-18T00:09:00,Supplier,Send invoice,Esmeralda Clay
1191,2011-09-18T14:20:00,2011-09-18T14:26:00,Financial Manager,Release Supplier's Invoice,Pedro Alvares
1191,2011-09-18T14:26:00,2011-09-18T14:26:00,Financial Manager,Authorize Supplier's Invoice payment,Pedro Alvares
1191,2011-09-18T14:32:00,2011-09-18T14:41:00,Financial Manager,Pay invoice,Pedro Alvares
1197,2011-06-21T21:55:00,2011-06-21T22:29:00,Requester,Create Purchase Requisition,Nico Ojenbeer
1197,2011-06-22T11:29:00,2011-06-22T11:33:00,Requester Manager,Analyze Purchase Requisition,Heinz Gutschmidt
1198,2011-01-09T04:07:00,2011-01-09T04:40:00,Supplier,Confirm Purchase Order,Kiu Kan
1198,2011-06-22T00:53:00,2011-06-22T01:02:00,Requester,Create Purchase Requisition,Penn Osterwalder
1198,2011-06-22T07:40:00,2011-06-22T07:51:00,Requester,Create Request for Quotation Requester,Penn Osterwalder
1198,2011-07-27T04:21:00,2011-07-27T04:48:00,Purchasing Agent,Analyze Request for Quotation,Karel de Groot
1198,2011-07-27T05:35:00,2011-07-27T05:49:00,Requester Manager,Amend Request for Quotation Requester,Miu Hanwan
1198,2011-07-27T23:06:00,2011-07-27T23:29:00,Purchasing Agent,Analyze Request for Quotation,Francois de Perrier
1198,2011-07-28T00:11:00,2011-07-28T00:25:00,Requester Manager,Amend Request for Quotation Requester,Immanuel Karagianni
1198,2011-07-29T21:53:00,2011-07-29T22:14:00,Purchasing Agent,Analyze Request for Quotation,Karel de Groot
1198,2011-07-29T22:59:00,2011-07-29T23:07:00,Requester Manager,Amend Request for Quotation Requester,Clement Duchot
1198,2011-08-23T05:36:00,2011-08-23T05:55:00,Purchasing Agent,Analyze Request for Quotation,Magdalena Predutta
1198,2011-08-23T19:33:00,2011-08-23T19:44:00,Purchasing Agent,Send Request for Quotation to Supplier,Francois de Perrier
1198,2011-08-23T20:48:00,2011-08-24T00:58:00,Purchasing Agent,Create Quotation comparison Map,Magdalena Predutta
1198,2011-08-24T07:07:00,2011-08-24T07:27:00,Requester,Analyze Quotation comparison Map,Esmana Liubiata
1198,2011-08-24T07:27:00,2011-08-24T07:27:00,Requester,Choose best option,Elvira Lores
1198,2011-08-25T01:40:00,2011-08-25T12:51:00,Purchasing Agent,Settle conditions with supplier,Karel de Groot
1198,2011-08-26T22:14:00,2011-08-26T22:23:00,Purchasing Agent,Create Purchase Order,Francois de Perrier
1198,2011-09-13T17:12:00,2011-09-13T17:12:00,Supplier,Deliver Goods Services,Esmeralda Clay
1198,2011-09-14T00:47:00,2011-09-14T00:48:00,Requester,Release Purchase Order,Nico Ojenbeer
1198,2011-09-14T14:22:00,2011-09-14T14:23:00,Purchasing Agent,Approve Purchase Order for payment,Magdalena Predutta
1198,2011-09-15T02:09:00,2011-09-15T02:09:00,Supplier,Send invoice,Sean Manney
1198,2011-09-15T16:38:00,2011-09-15T16:41:00,Financial Manager,Release Supplier's Invoice,Karalda Nimwada
1198,2011-09-15T17:11:00,2011-09-15T17:43:00,Financial Manager,Settle dispute with supplier Financial Manager,Pedro Alvares
1198,2011-09-15T17:43:00,2011-09-15T17:43:00,Financial Manager,Authorize Supplier's Invoice payment,Karalda Nimwada
1198,2011-09-15T18:42:00,2011-09-15T18:57:00,Financial Manager,Pay invoice,Pedro Alvares
1198,2011-12-09T10:35:00,2011-12-09T10:35:00,Supplier,Deliver Goods Services,Esmeralda Clay
120,2011-01-16T00:28:00,2011-01-16T01:08:00,Requester,Create Purchase Requisition,Immanuel Karagianni
120,2011-01-17T01:05:00,2011-01-17T01:11:00,Requester Manager,Analyze Purchase Requisition,Francis Odell
120,2011-01-17T01:18:00,2011-01-17T01:19:00,Requester Manager,Create Request for Quotation Requester Manager,Francis Odell
120,2011-01-17T02:11:00,2011-01-17T02:44:00,Purchasing Agent,Analyze Request for Quotation,Magdalena Predutta
120,2011-01-17T03:44:00,2011-01-17T03:58:00,Requester Manager,Amend Request for Quotation Requester,Elvira Lores
120,2011-01-17T07:20:00,2011-01-17T07:50:00,Purchasing Agent,Analyze Request for Quotation,Karel de Groot
120,2011-01-17T08:32:00,2011-01-17T08:40:00,Requester Manager,Amend Request for Quotation Requester,Tesca Lobes
120,2011-01-21T03:10:00,2011-01-21T03:42:00,Purchasing Agent,Analyze Request for Quotation,Karel de Groot
120,2011-01-21T17:28:00,2011-01-21T17:52:00,Purchasing Agent,Send Request for Quotation to Supplier,Francois de Perrier
120,2011-01-22T01:25:00,2011-01-22T07:05:00,Purchasing Agent,Create Quotation comparison Map,Francois de Perrier
120,2011-01-22T13:27:00,2011-01-22T13:49:00,Requester,Analyze Quotation comparison Map,Nico Ojenbeer
120,2011-01-22T13:49:00,2011-01-22T13:49:00,Requester,Choose best option,Anna Kaufmann
120,2011-01-22T21:04:00,2011-01-23T04:40:00,Purchasing Agent,Settle conditions with supplier,Karel de Groot
120,2011-01-23T06:38:00,2011-01-23T06:45:00,Purchasing Agent,Create Purchase Order,Francois de Perrier
120,2011-01-23T20:41:00,2011-01-23T20:55:00,Supplier,Confirm Purchase Order,Carmen Finacse
120,2011-01-25T09:53:00,2011-01-26T11:52:00,Supplier,Deliver Goods Services,Carmen Finacse
120,2011-01-26T19:15:00,2011-01-26T19:16:00,Requester,Release Purchase Order,Tesca Lobes
120,2011-01-27T07:05:00,2011-01-27T07:06:00,Purchasing Agent,Approve Purchase Order for payment,Magdalena Predutta
120,2011-01-27T20:49:00,2011-01-27T20:49:00,Supplier,Send invoice,Carmen Finacse
120,2011-01-28T11:08:00,2011-01-28T11:15:00,Financial Manager,Release Supplier's Invoice,Pedro Alvares
120,2011-01-28T11:15:00,2011-01-28T11:15:00,Financial Manager,Authorize Supplier's Invoice payment,Pedro Alvares
120,2011-01-28T11:26:00,2011-01-28T11:34:00,Financial Manager,Pay invoice,Pedro Alvares
1214,2011-06-24T04:14:00,2011-06-24T04:32:00,Requester,Create Purchase Requisition,Fjodor Kowalski
1214,2011-06-24T17:44:00,2011-06-24T17:52:00,Requester Manager,Analyze Purchase Requisition,Francis Odell
1214,2011-06-24T17:59:00,2011-06-24T18:01:00,Requester Manager,Create Request for Quotation Requester Manager,Maris Freeman
1214,2011-08-25T21:32:00,2011-08-25T22:00:00,Purchasing Agent,Analyze Request for Quotation,Karel de Groot
1214,2011-08-25T22:51:00,2011-08-25T23:02:00,Requester Manager,Amend Request for Quotation Requester,Christian Francois
1214,2011-09-20T08:25:00,2011-09-20T08:48:00,Purchasing Agent,Analyze Request for Quotation,Karel de Groot
1215,2011-01-09T07:18:00,2011-01-09T07:18:00,Purchasing Agent,Settle conditions with supplier,Karel de Groot
1215,2011-01-09T14:24:00,2011-01-09T14:33:00,Purchasing Agent,Create Purchase Order,Francois de Perrier
1215,2011-02-09T03:18:00,2011-02-09T03:31:00,Supplier,Confirm Purchase Order,Kiu Kan
1215,2011-06-24T07:49:00,2011-06-24T08:14:00,Requester,Create Purchase Requisition,Christian Francois
1215,2011-06-24T09:24:00,2011-06-24T09:37:00,Requester,Create Request for Quotation Requester,Miu Hanwan
1215,2011-08-08T04:58:00,2011-08-08T05:25:00,Purchasing Agent,Analyze Request for Quotation,Magdalena Predutta
1215,2011-08-08T06:22:00,2011-08-08T06:32:00,Requester Manager,Amend Request for Quotation Requester,Fjodor Kowalski
1215,2011-08-14T02:40:00,2011-08-14T03:12:00,Purchasing Agent,Analyze Request for Quotation,Karel de Groot
1215,2011-08-14T03:55:00,2011-08-14T04:07:00,Requester Manager,Amend Request for Quotation Requester,Miu Hanwan
1215,2011-08-24T22:11:00,2011-08-24T22:26:00,Purchasing Agent,Analyze Request for Quotation,Francois de Perrier
1215,2011-08-25T14:28:00,2011-08-25T14:41:00,Requester Manager,Amend Request for Quotation Requester Manager,Francis Odell
1215,2011-08-29T13:48:00,2011-08-29T14:07:00,Purchasing Agent,Analyze Request for Quotation,Magdalena Predutta
1215,2011-08-29T19:06:00,2011-08-29T19:13:00,Purchasing Agent,Send Request for Quotation to Supplier,Francois de Perrier
1215,2011-08-31T09:15:00,2011-08-31T12:11:00,Purchasing Agent,Create Quotation comparison Map,Magdalena Predutta
1215,2011-08-31T18:14:00,2011-08-31T18:26:00,Requester,Analyze Quotation comparison Map,Christian Francois
1215,2011-08-31T18:26:00,2011-08-31T18:26:00,Requester,Choose best option,Alberto Duport
1215,2011-09-01T00:42:00,2011-09-01T00:42:00,Purchasing Agent,Settle conditions with supplier,Karel de Groot
1215,2011-09-16T02:54:00,2011-09-16T02:54:00,Supplier,Send invoice,Sean Manney
1215,2011-09-16T17:21:00,2011-09-16T17:27:00,Financial Manager,Release Supplier's Invoice,Pedro Alvares
1215,2011-09-16T17:27:00,2011-09-16T17:27:00,Financial Manager,Authorize Supplier's Invoice payment,Pedro Alvares
1215,2011-09-16T17:55:00,2011-09-16T18:06:00,Financial Manager,Pay invoice,Karalda Nimwada
1215,2011-11-09T04:41:00,2011-11-09T09:17:00,Supplier,Deliver Goods Services,Sean Manney
1215,2011-11-09T16:37:00,2011-11-09T16:38:00,Requester,Release Purchase Order,Clement Duchot
1215,2011-12-09T03:02:00,2011-12-09T03:03:00,Purchasing Agent,Approve Purchase Order for payment,Karel de Groot
1220,2011-06-25T03:56:00,2011-06-25T04:36:00,Requester,Create Purchase Requisition,Fjodor Kowalski
1220,2011-06-25T08:58:00,2011-06-25T09:13:00,Requester,Create Request for Quotation Requester,Clement Duchot
1220,2011-06-28T16:48:00,2011-06-28T17:15:00,Purchasing Agent,Analyze Request for Quotation,Francois de Perrier
1220,2011-06-28T18:00:00,2011-06-28T18:06:00,Requester Manager,Amend Request for Quotation Requester,Alberto Duport
1220,2011-07-09T14:00:00,2011-07-09T14:13:00,Purchasing Agent,Analyze Request for Quotation,Francois de Perrier
1220,2011-07-13T16:54:00,2011-07-13T17:22:00,Purchasing Agent,Analyze Request for Quotation,Karel de Groot
1220,2011-07-14T09:14:00,2011-07-14T09:30:00,Requester Manager,Amend Request for Quotation Requester Manager,Francis Odell
1220,2011-08-09T06:18:00,2011-08-09T06:43:00,Requester Manager,Amend Request for Quotation Requester Manager,Heinz Gutschmidt
1220,2011-08-14T10:42:00,2011-08-14T11:24:00,Purchasing Agent,Analyze Request for Quotation,Magdalena Predutta
1220,2011-08-14T12:17:00,2011-08-14T12:24:00,Requester Manager,Amend Request for Quotation Requester,Nico Ojenbeer
1220,2011-09-16T02:54:00,2011-09-16T03:04:00,Supplier,Confirm Purchase Order,Sean Manney
1220,2011-09-18T23:35:00,2011-09-19T21:57:00,Supplier,Deliver Goods Services,Kiu Kan
1220,2011-09-20T05:36:00,2011-09-20T05:37:00,Requester,Release Purchase Order,Tesca Lobes
1220,2011-09-21T02:09:00,2011-09-21T02:10:00,Purchasing Agent,Approve Purchase Order for payment,Magdalena Predutta
1220,2011-09-26T10:10:00,2011-09-26T10:10:00,Supplier,Send invoice,Kiu Kan
1220,2011-09-27T00:22:00,2011-09-27T00:27:00,Financial Manager,Release Supplier's Invoice,Karalda Nimwada
1220,2011-09-27T00:27:00,2011-09-27T00:27:00,Financial Manager,Authorize Supplier's Invoice payment,Pedro Alvares
1220,2011-09-27T00:52:00,2011-09-27T01:04:00,Financial Manager,Pay invoice,Pedro Alvares
1220,2011-10-09T09:10:00,2011-10-09T09:36:00,Purchasing Agent,Analyze Request for Quotation,Karel de Groot
1220,2011-10-09T12:06:00,2011-10-09T12:25:00,Purchasing Agent,Send Request for Quotation to Supplier,Magdalena Predutta
1220,2011-10-09T13:02:00,2011-10-09T17:05:00,Purchasing Agent,Create Quotation comparison Map,Magdalena Predutta
1220,2011-10-09T23:57:00,2011-10-10T00:31:00,Requester,Analyze Quotation comparison Map,Penn Osterwalder
1220,2011-10-10T00:31:00,2011-10-10T00:31:00,Requester,Choose best option,Alberto Duport
1220,2011-11-07T02:31:00,2011-11-07T02:46:00,Purchasing Agent,Analyze Request for Quotation,Francois de Perrier
1220,2011-11-07T03:30:00,2011-11-07T03:43:00,Requester Manager,Amend Request for Quotation Requester,Anne Olwada
1220,2011-11-09T02:29:00,2011-11-09T16:55:00,Purchasing Agent,Settle conditions with supplier,Francois de Perrier
1220,2011-11-09T20:07:00,2011-11-09T20:17:00,Purchasing Agent,Create Purchase Order,Magdalena Predutta
1225,2011-01-07T14:39:00,2011-01-07T15:12:00,Purchasing Agent,Analyze Request for Quotation,Magdalena Predutta
1225,2011-01-07T15:57:00,2011-01-07T16:07:00,Requester Manager,Amend Request for Quotation Requester,Nico Ojenbeer
1225,2011-01-09T15:00:00,2011-01-09T15:32:00,Purchasing Agent,Analyze Request for Quotation,Francois de Perrier
1225,2011-01-09T17:25:00,2011-01-09T17:52:00,Purchasing Agent,Send Request for Quotation to Supplier,Francois de Perrier
1225,2011-01-09T21:26:00,2011-02-09T01:06:00,Purchasing Agent,Create Quotation comparison Map,Karel de Groot
1225,2011-02-09T07:53:00,2011-02-09T08:17:00,Requester,Analyze Quotation comparison Map,Clement Duchot
1225,2011-02-09T08:17:00,2011-02-09T08:17:00,Requester,Choose best option,Tesca Lobes
1225,2011-02-09T19:38:00,2011-03-09T06:05:00,Purchasing Agent,Settle conditions with supplier,Karel de Groot
1225,2011-03-09T16:25:00,2011-03-09T16:36:00,Purchasing Agent,Create Purchase Order,Magdalena Predutta
1225,2011-05-07T15:44:00,2011-05-07T16:07:00,Purchasing Agent,Analyze Request for Quotation,Magdalena Predutta
1225,2011-05-07T17:05:00,2011-05-07T17:19:00,Requester Manager,Amend Request for Quotation Requester,Kim Passa
1225,2011-06-25T17:07:00,2011-06-25T17:52:00,Requester,Create Purchase Requisition,Alberto Duport
1225,2011-06-26T17:12:00,2011-06-26T17:20:00,Requester Manager,Analyze Purchase Requisition,Francis Odell
1225,2011-06-26T17:25:00,2011-06-26T17:27:00,Requester Manager,Create Request for Quotation Requester Manager,Maris Freeman
1225,2011-08-07T18:02:00,2011-08-07T18:29:00,Purchasing Agent,Analyze Request for Quotation,Magdalena Predutta
1225,2011-08-07T19:24:00,2011-08-07T19:36:00,Requester Manager,Amend Request for Quotation Requester,Immanuel Karagianni
1225,2011-09-08T06:06:00,2011-09-08T06:41:00,Purchasing Agent,Analyze Request for Quotation,Magdalena Predutta
1225,2011-09-08T07:32:00,2011-09-08T07:45:00,Requester Manager,Amend Request for Quotation Requester,Christian Francois
1225,2011-09-15T01:27:00,2011-09-15T01:40:00,Supplier,Confirm Purchase Order,Sean Manney
1225,2011-09-22T05:20:00,2011-09-23T08:21:00,Supplier,Deliver Goods Services,Karen Clarens
1225,2011-09-23T15:51:00,2011-09-23T15:52:00,Requester,Release Purchase Order,Anna Kaufmann
1225,2011-09-23T22:23:00,2011-09-23T22:24:00,Purchasing Agent,Approve Purchase Order for payment,Francois de Perrier
1225,2011-09-27T17:27:00,2011-09-27T17:27:00,Supplier,Send invoice,Sean Manney
1225,2011-09-28T07:45:00,2011-09-28T07:47:00,Financial Manager,Release Supplier's Invoice,Karalda Nimwada
1225,2011-09-28T07:47:00,2011-09-28T07:47:00,Financial Manager,Authorize Supplier's Invoice payment,Pedro Alvares
1225,2011-09-28T08:16:00,2011-09-28T08:28:00,Financial Manager,Pay invoice,Karalda Nimwada
1227,2011-06-26T16:35:00,2011-06-26T16:55:00,Requester,Create Purchase Requisition,Esmana Liubiata
1227,2011-06-27T04:45:00,2011-06-27T04:52:00,Requester Manager,Analyze Purchase Requisition,Maris Freeman
1227,2011-06-27T04:59:00,2011-06-27T05:01:00,Requester Manager,Create Request for Quotation Requester Manager,Francis Odell
1227,2011-06-28T17:31:00,2011-06-28T17:45:00,Purchasing Agent,Analyze Request for Quotation,Karel de Groot
1227,2011-06-28T18:32:00,2011-06-28T18:44:00,Requester Manager,Amend Request for Quotation Requester,Immanuel Karagianni
1227,2011-09-13T18:03:00,2011-09-14T01:27:00,Purchasing Agent,Settle conditions with supplier,Francois de Perrier
1227,2011-09-14T16:14:00,2011-09-14T16:21:00,Purchasing Agent,Create Purchase Order,Francois de Perrier
1227,2011-09-14T20:27:00,2011-09-14T20:46:00,Supplier,Confirm Purchase Order,Carmen Finacse
1227,2011-09-18T01:41:00,2011-09-18T23:35:00,Supplier,Deliver Goods Services,Kiu Kan
1227,2011-09-19T06:53:00,2011-09-19T06:54:00,Requester,Release Purchase Order,Kim Passa
1227,2011-09-19T15:39:00,2011-09-19T15:40:00,Purchasing Agent,Approve Purchase Order for payment,Magdalena Predutta
1227,2011-09-22T21:37:00,2011-09-22T21:37:00,Supplier,Send invoice,Sean Manney
1227,2011-09-23T12:00:00,2011-09-23T12:05:00,Financial Manager,Release Supplier's Invoice,Pedro Alvares
1227,2011-09-23T12:05:00,2011-09-23T12:05:00,Financial Manager,Authorize Supplier's Invoice payment,Pedro Alvares
1227,2011-09-23T12:34:00,2011-09-23T12:41:00,Financial Manager,Pay invoice,Karalda Nimwada
1227,2011-11-09T08:51:00,2011-11-09T09:14:00,Purchasing Agent,Analyze Request for Quotation,Magdalena Predutta
1227,2011-12-09T09:52:00,2011-12-09T10:08:00,Purchasing Agent,Send Request for Quotation to Supplier,Magdalena Predutta
1227,2011-12-09T10:29:00,2011-12-09T16:29:00,Purchasing Agent,Create Quotation comparison Map,Magdalena Predutta
1227,2011-12-09T23:20:00,2011-12-09T23:44:00,Requester,Analyze Quotation comparison Map,Tesca Lobes
1227,2011-12-09T23:44:00,2011-12-09T23:44:00,Requester,Choose best option,Alberto Duport
123,2011-01-16T15:19:00,2011-01-16T15:24:00,Requester,Create Purchase Requisition,Clement Duchot
123,2011-01-16T22:08:00,2011-01-16T22:18:00,Requester,Create Request for Quotation Requester,Miu Hanwan
123,2011-01-16T23:08:00,2011-01-16T23:28:00,Purchasing Agent,Analyze Request for Quotation,Magdalena Predutta
123,2011-01-18T08:34:00,2011-01-18T08:57:00,Purchasing Agent,Send Request for Quotation to Supplier,Karel de Groot
123,2011-01-18T18:21:00,2011-01-18T22:16:00,Purchasing Agent,Create Quotation comparison Map,Francois de Perrier
123,2011-01-19T04:56:00,2011-01-19T05:10:00,Requester,Analyze Quotation comparison Map,Penn Osterwalder
123,2011-01-19T05:10:00,2011-01-19T05:10:00,Requester,Choose best option,Nico Ojenbeer
123,2011-01-19T16:20:00,2011-01-19T22:39:00,Purchasing Agent,Settle conditions with supplier,Francois de Perrier
123,2011-01-21T09:55:00,2011-01-21T10:07:00,Purchasing Agent,Create Purchase Order,Magdalena Predutta
123,2011-01-22T06:30:00,2011-01-22T06:39:00,Supplier,Confirm Purchase Order,Kiu Kan
123,2011-01-23T19:03:00,2011-01-24T21:32:00,Supplier,Deliver Goods Services,Esmeralda Clay
123,2011-01-25T05:32:00,2011-01-25T05:33:00,Requester,Release Purchase Order,Elvira Lores
123,2011-01-25T13:53:00,2011-01-25T13:54:00,Purchasing Agent,Approve Purchase Order for payment,Karel de Groot
123,2011-01-26T11:52:00,2011-01-26T11:52:00,Supplier,Send invoice,Carmen Finacse
123,2011-01-27T02:12:00,2011-01-27T02:17:00,Financial Manager,Release Supplier's Invoice,Karalda Nimwada
123,2011-01-27T02:17:00,2011-01-27T02:17:00,Financial Manager,Authorize Supplier's Invoice payment,Karalda Nimwada
123,2011-01-27T03:13:00,2011-01-27T03:22:00,Financial Manager,Pay invoice,Pedro Alvares
125,2011-01-16T18:50:00,2011-01-16T19:16:00,Requester,Create Purchase Requisition,Christian Francois
125,2011-01-17T00:31:00,2011-01-17T00:39:00,Requester,Create Request for Quotation Requester,Nico Ojenbeer
125,2011-01-22T21:59:00,2011-01-22T22:26:00,Purchasing Agent,Analyze Request for Quotation,Magdalena Predutta
125,2011-01-23T14:30:00,2011-01-23T14:43:00,Requester Manager,Amend Request for Quotation Requester Manager,Maris Freeman
125,2011-01-31T01:20:00,2011-01-31T01:36:00,Purchasing Agent,Analyze Request for Quotation,Magdalena Predutta
125,2011-01-31T02:36:00,2011-01-31T02:49:00,Requester Manager,Amend Request for Quotation Requester,Immanuel Karagianni
125,2011-01-31T12:48:00,2011-01-31T13:21:00,Purchasing Agent,Analyze Request for Quotation,Karel de Groot
127,2011-01-16T22:35:00,2011-01-16T23:20:00,Requester,Create Purchase Requisition,Fjodor Kowalski
127,2011-01-17T07:18:00,2011-01-17T07:28:00,Requester,Create Request for Quotation Requester,Kim Passa
127,2011-01-18T01:06:00,2011-01-18T01:25:00,Purchasing Agent,Analyze Request for Quotation,Magdalena Predutta
127,2011-01-18T02:06:00,2011-01-18T02:13:00,Requester Manager,Amend Request for Quotation Requester,Tesca Lobes
127,2011-01-21T10:07:00,2011-01-21T10:20:00,Purchasing Agent,Analyze Request for Quotation,Magdalena Predutta
127,2011-01-21T11:04:00,2011-01-21T11:19:00,Requester Manager,Amend Request for Quotation Requester,Esmana Liubiata
127,2011-01-23T02:59:00,2011-01-23T03:31:00,Purchasing Agent,Analyze Request for Quotation,Francois de Perrier
127,2011-01-23T18:41:00,2011-01-23T19:07:00,Purchasing Agent,Send Request for Quotation to Supplier,Francois de Perrier
127,2011-01-23T20:42:00,2011-01-24T00:45:00,Purchasing Agent,Create Quotation comparison Map,Francois de Perrier
127,2011-01-24T07:17:00,2011-01-24T07:51:00,Requester,Analyze Quotation comparison Map,Fjodor Kowalski
127,2011-01-24T07:51:00,2011-01-24T07:51:00,Requester,Choose best option,Nico Ojenbeer
127,2011-01-24T21:32:00,2011-01-25T01:30:00,Purchasing Agent,Settle conditions with supplier,Francois de Perrier
127,2011-01-25T05:31:00,2011-01-25T05:39:00,Purchasing Agent,Create Purchase Order,Karel de Groot
127,2011-01-27T07:10:00,2011-01-27T07:17:00,Supplier,Confirm Purchase Order,Carmen Finacse
127,2011-01-28T06:45:00,2011-01-29T02:27:00,Supplier,Deliver Goods Services,Sean Manney
127,2011-01-29T10:05:00,2011-01-29T10:06:00,Requester,Release Purchase Order,Anne Olwada
127,2011-01-29T17:28:00,2011-01-29T17:29:00,Purchasing Agent,Approve Purchase Order for payment,Karel de Groot
127,2011-01-30T23:41:00,2011-01-30T23:41:00,Supplier,Send invoice,Esmeralda Clay
127,2011-01-31T14:03:00,2011-01-31T14:06:00,Financial Manager,Release Supplier's Invoice,Karalda Nimwada
127,2011-01-31T14:14:00,2011-01-31T14:38:00,Financial Manager,Settle dispute with supplier Financial Manager,Pedro Alvares
127,2011-01-31T14:38:00,2011-01-31T14:38:00,Financial Manager,Authorize Supplier's Invoice payment,Pedro Alvares
127,2011-01-31T15:29:00,2011-01-31T15:43:00,Financial Manager,Pay invoice,Pedro Alvares
128,2011-01-17T00:27:00,2011-01-17T01:18:00,Requester,Create Purchase Requisition,Elvira Lores
128,2011-01-17T11:27:00,2011-01-17T11:32:00,Requester Manager,Analyze Purchase Requisition,Heinz Gutschmidt
128,2011-01-17T11:35:00,2011-01-17T11:37:00,Requester Manager,Create Request for Quotation Requester Manager,Francis Odell
128,2011-01-17T15:00:00,2011-01-17T15:06:00,Purchasing Agent,Analyze Request for Quotation,Magdalena Predutta
128,2011-01-17T16:02:00,2011-01-17T16:13:00,Requester Manager,Amend Request for Quotation Requester,Alberto Duport
128,2011-01-19T18:02:00,2011-01-19T18:17:00,Purchasing Agent,Analyze Request for Quotation,Magdalena Predutta
128,2011-01-20T23:46:00,2011-01-21T00:04:00,Purchasing Agent,Send Request for Quotation to Supplier,Karel de Groot
128,2011-01-21T12:03:00,2011-01-21T17:55:00,Purchasing Agent,Create Quotation comparison Map,Karel de Groot
128,2011-01-22T00:23:00,2011-01-22T00:42:00,Requester,Analyze Quotation comparison Map,Anne Olwada
128,2011-01-22T00:42:00,2011-01-22T00:42:00,Requester,Choose best option,Nico Ojenbeer
128,2011-01-22T22:26:00,2011-01-23T03:42:00,Purchasing Agent,Settle conditions with supplier,Magdalena Predutta
128,2011-01-23T04:56:00,2011-01-23T05:09:00,Purchasing Agent,Create Purchase Order,Magdalena Predutta
128,2011-01-23T19:50:00,2011-01-23T19:56:00,Supplier,Confirm Purchase Order,Karen Clarens
128,2011-01-24T20:02:00,2011-01-26T18:34:00,Supplier,Deliver Goods Services,Karen Clarens
128,2011-01-27T02:30:00,2011-01-27T02:31:00,Requester,Release Purchase Order,Anna Kaufmann
128,2011-01-27T12:45:00,2011-01-27T12:46:00,Purchasing Agent,Approve Purchase Order for payment,Karel de Groot
128,2011-01-28T05:46:00,2011-01-28T05:46:00,Supplier,Send invoice,Esmeralda Clay
128,2011-01-28T19:58:00,2011-01-28T20:05:00,Financial Manager,Release Supplier's Invoice,Pedro Alvares
128,2011-01-28T20:05:00,2011-01-28T20:05:00,Financial Manager,Authorize Supplier's Invoice payment,Karalda Nimwada
128,2011-01-28T21:07:00,2011-01-28T21:21:00,Financial Manager,Pay invoice,Pedro Alvares
1282,2011-04-07T01:48:00,2011-04-07T02:18:00,Requester,Create Purchase Requisition,Alberto Duport
1282,2011-04-07T16:05:00,2011-04-07T16:09:00,Requester Manager,Analyze Purchase Requisition,Heinz Gutschmidt
1284,2011-04-07T05:38:00,2011-04-07T06:16:00,Requester,Create Purchase Requisition,Christian Francois
1284,2011-04-07T10:30:00,2011-04-07T10:40:00,Requester,Create Request for Quotation Requester,Fjodor Kowalski
1284,2011-06-09T23:31:00,2011-06-09T23:58:00,Purchasing Agent,Analyze Request for Quotation,Francois de Perrier
1284,2011-06-10T17:08:00,2011-08-10T06:20:00,Supplier,Deliver Goods Services,Kiu Kan
1284,2011-07-09T10:45:00,2011-07-09T11:02:00,Purchasing Agent,Send Request for Quotation to Supplier,Magdalena Predutta
1284,2011-07-09T11:37:00,2011-07-09T12:28:00,Purchasing Agent,Create Quotation comparison Map,Karel de Groot
1284,2011-07-09T19:35:00,2011-07-09T19:44:00,Requester,Analyze Quotation comparison Map,Fjodor Kowalski
1284,2011-07-09T19:44:00,2011-07-09T19:44:00,Requester,Choose best option,Esmana Liubiata
1284,2011-08-09T15:57:00,2011-09-09T03:42:00,Purchasing Agent,Settle conditions with supplier,Karel de Groot
1284,2011-08-10T14:05:00,2011-08-10T14:06:00,Requester,Release Purchase Order,Anna Kaufmann
1284,2011-08-14T08:00:00,2011-08-14T08:20:00,Purchasing Agent,Analyze Request for Quotation,Karel de Groot
1284,2011-08-14T09:07:00,2011-08-14T09:21:00,Requester Manager,Amend Request for Quotation Requester,Clement Duchot
1284,2011-08-24T00:43:00,2011-08-24T01:15:00,Purchasing Agent,Analyze Request for Quotation,Francois de Perrier
1284,2011-08-24T02:03:00,2011-08-24T02:09:00,Requester Manager,Amend Request for Quotation Requester,Anne Olwada
1284,2011-09-09T15:29:00,2011-09-09T15:39:00,Purchasing Agent,Create Purchase Order,Magdalena Predutta
1284,2011-09-10T14:50:00,2011-09-10T14:51:00,Purchasing Agent,Approve Purchase Order for payment,Magdalena Predutta
1284,2011-10-09T10:34:00,2011-10-09T11:03:00,Supplier,Confirm Purchase Order,Carmen Finacse
1284,2011-10-13T22:44:00,2011-10-13T22:44:00,Supplier,Send invoice,Carmen Finacse
1284,2011-10-14T13:06:00,2011-10-14T13:10:00,Financial Manager,Release Supplier's Invoice,Karalda Nimwada
1284,2011-10-14T13:10:00,2011-10-14T13:10:00,Financial Manager,Authorize Supplier's Invoice payment,Karalda Nimwada
1284,2011-10-14T13:53:00,2011-10-14T14:07:00,Financial Manager,Pay invoice,Pedro Alvares
1287,2011-04-07T13:39:00,2011-04-07T14:25:00,Requester,Create Purchase Requisition,Fjodor Kowalski
1287,2011-05-07T02:33:00,2011-05-07T02:40:00,Requester Manager,Analyze Purchase Requisition,Heinz Gutschmidt
1287,2011-05-07T02:45:00,2011-05-07T02:47:00,Requester Manager,Create Request for Quotation Requester Manager,Heinz Gutschmidt
1287,2011-05-07T10:18:00,2011-05-07T10:34:00,Purchasing Agent,Analyze Request for Quotation,Karel de Groot
129,2011-01-17T02:01:00,2011-01-17T02:24:00,Requester,Create Purchase Requisition,Nico Ojenbeer
129,2011-01-17T07:31:00,2011-01-17T07:39:00,Requester,Create Request for Quotation Requester,Nico Ojenbeer
129,2011-01-23T06:24:00,2011-01-23T06:38:00,Purchasing Agent,Analyze Request for Quotation,Francois de Perrier
129,2011-01-23T20:23:00,2011-01-23T20:42:00,Purchasing Agent,Send Request for Quotation to Supplier,Francois de Perrier
129,2011-01-23T21:13:00,2011-01-24T01:20:00,Purchasing Agent,Create Quotation comparison Map,Karel de Groot
129,2011-01-24T08:13:00,2011-01-24T08:43:00,Requester,Analyze Quotation comparison Map,Christian Francois
129,2011-01-24T08:43:00,2011-01-24T08:43:00,Requester,Choose best option,Clement Duchot
129,2011-01-24T17:46:00,2011-01-25T03:16:00,Purchasing Agent,Settle conditions with supplier,Magdalena Predutta
129,2011-01-25T13:42:00,2011-01-25T13:53:00,Purchasing Agent,Create Purchase Order,Karel de Groot
129,2011-01-27T07:17:00,2011-01-27T07:33:00,Supplier,Confirm Purchase Order,Carmen Finacse
129,2011-01-28T07:39:00,2011-01-29T15:40:00,Supplier,Deliver Goods Services,Kiu Kan
129,2011-01-29T23:08:00,2011-01-29T23:09:00,Requester,Release Purchase Order,Alberto Duport
129,2011-01-30T18:48:00,2011-01-30T18:49:00,Purchasing Agent,Approve Purchase Order for payment,Francois de Perrier
129,2011-01-31T02:32:00,2011-01-31T02:32:00,Supplier,Send invoice,Kiu Kan
129,2011-01-31T16:54:00,2011-01-31T16:59:00,Financial Manager,Release Supplier's Invoice,Pedro Alvares
129,2011-01-31T16:59:00,2011-01-31T16:59:00,Financial Manager,Authorize Supplier's Invoice payment,Pedro Alvares
129,2011-01-31T17:30:00,2011-01-31T17:41:00,Financial Manager,Pay invoice,Pedro Alvares
1290,2011-04-07T20:21:00,2011-04-07T20:53:00,Requester,Create Purchase Requisition,Penn Osterwalder
1290,2011-05-07T09:05:00,2011-05-07T09:09:00,Requester Manager,Analyze Purchase Requisition,Heinz Gutschmidt
1294,2011-05-07T02:21:00,2011-05-07T03:10:00,Requester,Create Purchase Requisition,Christian Francois
1294,2011-06-07T01:45:00,2011-06-07T01:52:00,Requester Manager,Analyze Purchase Requisition,Francis Odell
1294,2011-06-07T01:57:00,2011-06-07T02:00:00,Requester Manager,Create Request for Quotation Requester Manager,Heinz Gutschmidt
1294,2011-07-22T04:38:00,2011-07-22T05:04:00,Purchasing Agent,Analyze Request for Quotation,Magdalena Predutta
1298,2011-06-07T04:33:00,2011-06-07T04:52:00,Requester,Create Purchase Requisition,Clement Duchot
1298,2011-06-07T19:38:00,2011-06-07T19:45:00,Requester Manager,Analyze Purchase Requisition,Heinz Gutschmidt
1298,2011-06-07T19:48:00,2011-06-07T19:49:00,Requester Manager,Create Request for Quotation Requester Manager,Heinz Gutschmidt
1298,2011-07-13T17:32:00,2011-07-14T08:10:00,Purchasing Agent,Settle conditions with supplier,Karel de Groot
1298,2011-07-15T03:26:00,2011-07-15T03:37:00,Purchasing Agent,Create Purchase Order,Francois de Perrier
1298,2011-07-19T04:22:00,2011-07-19T04:27:00,Supplier,Confirm Purchase Order,Sean Manney
1298,2011-07-20T01:13:00,2011-07-20T17:40:00,Supplier,Deliver Goods Services,Esmeralda Clay
1298,2011-07-21T01:11:00,2011-07-21T01:12:00,Requester,Release Purchase Order,Alberto Duport
1298,2011-07-22T01:30:00,2011-07-22T01:31:00,Purchasing Agent,Approve Purchase Order for payment,Karel de Groot
1298,2011-07-22T16:20:00,2011-07-22T16:20:00,Supplier,Send invoice,Carmen Finacse
1298,2011-07-23T06:40:00,2011-07-23T06:46:00,Financial Manager,Release Supplier's Invoice,Pedro Alvares
1298,2011-07-23T07:40:00,2011-07-23T08:07:00,Financial Manager,Settle dispute with supplier Financial Manager,Pedro Alvares
1298,2011-07-23T08:07:00,2011-07-23T08:07:00,Financial Manager,Authorize Supplier's Invoice payment,Pedro Alvares
1298,2011-07-23T08:52:00,2011-07-23T08:59:00,Financial Manager,Pay invoice,Karalda Nimwada
1298,2011-08-07T19:27:00,2011-08-07T19:40:00,Purchasing Agent,Analyze Request for Quotation,Karel de Groot
1298,2011-09-07T04:40:00,2011-09-07T05:01:00,Purchasing Agent,Send Request for Quotation to Supplier,Karel de Groot
1298,2011-09-07T06:53:00,2011-09-07T10:04:00,Purchasing Agent,Create Quotation comparison Map,Karel de Groot
1298,2011-09-07T16:20:00,2011-09-07T16:52:00,Requester,Analyze Quotation comparison Map,Kim Passa
1298,2011-09-07T16:52:00,2011-09-07T16:52:00,Requester,Choose best option,Penn Osterwalder
1299,2011-06-07T08:17:00,2011-06-07T09:14:00,Requester,Create Purchase Requisition,Penn Osterwalder
1299,2011-07-07T08:23:00,2011-07-07T08:29:00,Requester Manager,Analyze Purchase Requisition,Heinz Gutschmidt
1299,2011-07-07T08:32:00,2011-07-07T08:33:00,Requester Manager,Create Request for Quotation Requester Manager,Heinz Gutschmidt
1299,2011-08-08T19:03:00,2011-08-08T19:26:00,Purchasing Agent,Analyze Request for Quotation,Magdalena Predutta
1299,2011-08-13T06:22:00,2011-08-13T06:22:00,Purchasing Agent,Settle conditions with supplier,Karel de Groot
1299,2011-08-14T05:07:00,2011-08-14T05:14:00,Purchasing Agent,Create Purchase Order,Karel de Groot
1299,2011-08-18T01:54:00,2011-08-18T02:09:00,Supplier,Confirm Purchase Order,Karen Clarens
1299,2011-09-08T17:10:00,2011-09-08T17:38:00,Purchasing Agent,Send Request for Quotation to Supplier,Karel de Groot
1299,2011-09-13T05:28:00,2011-09-15T02:37:00,Supplier,Deliver Goods Services,Kiu Kan
1299,2011-09-15T10:00:00,2011-09-15T10:01:00,Requester,Release Purchase Order,Kim Passa
1299,2011-09-15T16:45:00,2011-09-15T16:46:00,Purchasing Agent,Approve Purchase Order for payment,Karel de Groot
1299,2011-09-19T22:22:00,2011-09-19T22:22:00,Supplier,Send invoice,Kiu Kan
1299,2011-09-20T12:43:00,2011-09-20T12:48:00,Financial Manager,Release Supplier's Invoice,Pedro Alvares
1299,2011-09-20T12:48:00,2011-09-20T12:48:00,Financial Manager,Authorize Supplier's Invoice payment,Karalda Nimwada
1299,2011-09-20T13:05:00,2011-09-20T13:11:00,Financial Manager,Pay invoice,Karalda Nimwada
1299,2011-10-08T18:44:00,2011-10-08T22:02:00,Purchasing Agent,Create Quotation comparison Map,Francois de Perrier
1299,2011-11-08T03:31:00,2011-11-08T03:48:00,Requester,Analyze Quotation comparison Map,Anna Kaufmann
1299,2011-11-08T03:48:00,2011-11-08T03:48:00,Requester,Choose best option,Tesca Lobes
1299,2011-12-08T19:36:00,2011-12-08T19:36:00,Purchasing Agent,Settle conditions with supplier,Karel de Groot
1305,2011-06-07T15:43:00,2011-06-07T16:12:00,Requester,Create Purchase Requisition,Anne Olwada
1305,2011-07-07T02:24:00,2011-07-07T02:29:00,Requester Manager,Analyze Purchase Requisition,Heinz Gutschmidt
1309,2011-07-07T15:58:00,2011-07-07T16:26:00,Requester,Create Purchase Requisition,Fjodor Kowalski
1309,2011-07-07T17:27:00,2011-07-07T17:38:00,Requester,Create Request for Quotation Requester,Christian Francois
1309,2011-07-07T23:59:00,2011-07-08T00:19:00,Purchasing Agent,Analyze Request for Quotation,Francois de Perrier
1309,2011-07-17T17:05:00,2011-07-17T17:19:00,Purchasing Agent,Analyze Request for Quotation,Magdalena Predutta
1309,2011-07-17T18:11:00,2011-07-17T18:18:00,Requester Manager,Amend Request for Quotation Requester,Elvira Lores
1309,2011-08-07T01:10:00,2011-08-07T01:16:00,Requester Manager,Amend Request for Quotation Requester,Alberto Duport
1309,2011-08-23T23:11:00,2011-08-23T23:24:00,Purchasing Agent,Analyze Request for Quotation,Francois de Perrier
1309,2011-08-24T01:15:00,2011-08-24T01:40:00,Purchasing Agent,Send Request for Quotation to Supplier,Francois de Perrier
1309,2011-08-24T02:00:00,2011-08-24T04:34:00,Purchasing Agent,Create Quotation comparison Map,Magdalena Predutta
1309,2011-08-24T11:16:00,2011-08-24T11:49:00,Requester,Analyze Quotation comparison Map,Alberto Duport
1309,2011-08-24T11:49:00,2011-08-24T11:49:00,Requester,Choose best option,Clement Duchot
1309,2011-08-26T09:48:00,2011-08-26T22:06:00,Purchasing Agent,Settle conditions with supplier,Francois de Perrier
1309,2011-08-27T07:19:00,2011-08-27T07:29:00,Purchasing Agent,Create Purchase Order,Karel de Groot
1309,2011-08-30T13:55:00,2011-08-30T14:03:00,Supplier,Confirm Purchase Order,Sean Manney
1309,2011-09-20T00:56:00,2011-09-21T21:40:00,Supplier,Deliver Goods Services,Esmeralda Clay
1309,2011-09-22T06:00:00,2011-09-22T06:01:00,Requester,Release Purchase Order,Elvira Lores
1309,2011-09-22T09:45:00,2011-09-22T09:46:00,Purchasing Agent,Approve Purchase Order for payment,Magdalena Predutta
1309,2011-09-23T13:25:00,2011-09-23T13:25:00,Supplier,Send invoice,Carmen Finacse
1309,2011-09-24T03:50:00,2011-09-24T03:55:00,Financial Manager,Release Supplier's Invoice,Pedro Alvares
1309,2011-09-24T03:55:00,2011-09-24T03:55:00,Financial Manager,Authorize Supplier's Invoice payment,Pedro Alvares
1309,2011-09-24T04:54:00,2011-09-24T05:01:00,Financial Manager,Pay invoice,Pedro Alvares
1310,2011-02-10T22:07:00,2011-03-10T04:55:00,Supplier,Deliver Goods Services,Kiu Kan
1310,2011-03-10T12:27:00,2011-03-10T12:28:00,Requester,Release Purchase Order,Anna Kaufmann
1310,2011-04-10T12:51:00,2011-04-10T12:52:00,Purchasing Agent,Approve Purchase Order for payment,Francois de Perrier
1310,2011-07-07T19:12:00,2011-07-07T19:46:00,Requester,Create Purchase Requisition,Christian Francois
1310,2011-08-07T02:52:00,2011-08-07T03:02:00,Requester,Create Request for Quotation Requester,Clement Duchot
1310,2011-09-15T03:17:00,2011-09-15T03:37:00,Purchasing Agent,Analyze Request for Quotation,Francois de Perrier
1310,2011-09-15T04:28:00,2011-09-15T04:40:00,Requester Manager,Amend Request for Quotation Requester,Nico Ojenbeer
1310,2011-09-21T01:44:00,2011-09-21T02:01:00,Purchasing Agent,Analyze Request for Quotation,Magdalena Predutta
1310,2011-09-21T11:17:00,2011-09-21T11:44:00,Purchasing Agent,Send Request for Quotation to Supplier,Karel de Groot
1310,2011-09-21T11:58:00,2011-09-21T15:42:00,Purchasing Agent,Create Quotation comparison Map,Karel de Groot
1310,2011-09-21T22:35:00,2011-09-21T22:46:00,Requester,Analyze Quotation comparison Map,Miu Hanwan
1310,2011-09-21T22:46:00,2011-09-21T22:46:00,Requester,Choose best option,Miu Hanwan
1310,2011-09-22T02:06:00,2011-09-22T09:28:00,Purchasing Agent,Settle conditions with supplier,Magdalena Predutta
1310,2011-09-22T11:10:00,2011-09-22T11:22:00,Purchasing Agent,Create Purchase Order,Karel de Groot
1310,2011-09-25T03:11:00,2011-09-25T03:41:00,Supplier,Confirm Purchase Order,Sean Manney
1310,2011-11-10T02:46:00,2011-11-10T02:46:00,Supplier,Send invoice,Carmen Finacse
1310,2011-11-10T17:12:00,2011-11-10T17:17:00,Financial Manager,Release Supplier's Invoice,Pedro Alvares
1310,2011-11-10T17:37:00,2011-11-10T17:37:00,Financial Manager,Authorize Supplier's Invoice payment,Pedro Alvares
1310,2011-11-10T17:47:00,2011-11-10T18:01:00,Financial Manager,Pay invoice,Pedro Alvares
132,2011-01-17T07:31:00,2011-01-17T08:23:00,Requester,Create Purchase Requisition,Immanuel Karagianni
132,2011-01-17T09:02:00,2011-01-17T09:11:00,Requester,Create Request for Quotation Requester,Esmana Liubiata
132,2011-01-19T18:32:00,2011-01-19T18:52:00,Purchasing Agent,Analyze Request for Quotation,Magdalena Predutta
132,2011-01-20T12:49:00,2011-01-20T13:15:00,Purchasing Agent,Send Request for Quotation to Supplier,Francois de Perrier
132,2011-01-20T13:48:00,2011-01-20T16:33:00,Purchasing Agent,Create Quotation comparison Map,Francois de Perrier
132,2011-01-20T23:24:00,2011-01-20T23:41:00,Requester,Analyze Quotation comparison Map,Anne Olwada
132,2011-01-20T23:41:00,2011-01-20T23:41:00,Requester,Choose best option,Nico Ojenbeer
132,2011-01-22T08:19:00,2011-01-22T20:21:00,Purchasing Agent,Settle conditions with supplier,Francois de Perrier
132,2011-01-22T21:48:00,2011-01-22T21:59:00,Purchasing Agent,Create Purchase Order,Magdalena Predutta
132,2011-01-23T08:29:00,2011-01-23T08:47:00,Supplier,Confirm Purchase Order,Kiu Kan
132,2011-01-24T21:32:00,2011-01-26T04:16:00,Supplier,Deliver Goods Services,Esmeralda Clay
132,2011-01-26T12:06:00,2011-01-26T12:07:00,Requester,Release Purchase Order,Kim Passa
132,2011-01-26T16:24:00,2011-01-26T16:25:00,Purchasing Agent,Approve Purchase Order for payment,Magdalena Predutta
132,2011-01-27T06:45:00,2011-01-27T06:45:00,Supplier,Send invoice,Carmen Finacse
132,2011-01-27T21:06:00,2011-01-27T21:12:00,Financial Manager,Release Supplier's Invoice,Karalda Nimwada
132,2011-01-27T21:39:00,2011-01-27T22:11:00,Financial Manager,Settle dispute with supplier Financial Manager,Pedro Alvares
132,2011-01-27T22:11:00,2011-01-27T22:11:00,Financial Manager,Authorize Supplier's Invoice payment,Pedro Alvares
132,2011-01-27T22:42:00,2011-01-27T22:47:00,Financial Manager,Pay invoice,Karalda Nimwada
1328,2011-01-10T01:16:00,2011-01-10T01:16:00,Supplier,Deliver Goods Services,Kiu Kan
1328,2011-01-10T08:46:00,2011-01-10T08:47:00,Requester,Release Purchase Order,Nico Ojenbeer
1328,2011-01-10T17:59:00,2011-01-10T18:00:00,Purchasing Agent,Approve Purchase Order for payment,Francois de Perrier
1328,2011-06-10T16:50:00,2011-06-10T16:50:00,Supplier,Send invoice,Kiu Kan
1328,2011-07-10T07:13:00,2011-07-10T07:17:00,Financial Manager,Release Supplier's Invoice,Karalda Nimwada
1328,2011-07-10T07:17:00,2011-07-10T07:17:00,Financial Manager,Authorize Supplier's Invoice payment,Karalda Nimwada
1328,2011-07-10T07:27:00,2011-07-10T07:40:00,Financial Manager,Pay invoice,Pedro Alvares
1328,2011-07-14T16:39:00,2011-07-14T17:04:00,Purchasing Agent,Analyze Request for Quotation,Magdalena Predutta
1328,2011-07-14T17:48:00,2011-07-14T17:57:00,Requester Manager,Amend Request for Quotation Requester,Tesca Lobes
1328,2011-07-18T02:54:00,2011-07-18T03:10:00,Purchasing Agent,Analyze Request for Quotation,Karel de Groot
1328,2011-07-18T04:06:00,2011-07-18T04:14:00,Requester Manager,Amend Request for Quotation Requester,Miu Hanwan
1328,2011-07-31T16:41:00,2011-07-31T16:51:00,Purchasing Agent,Analyze Request for Quotation,Francois de Perrier
1328,2011-07-31T17:34:00,2011-07-31T17:44:00,Requester Manager,Amend Request for Quotation Requester,Immanuel Karagianni
1328,2011-08-26T09:46:00,2011-08-26T10:01:00,Purchasing Agent,Analyze Request for Quotation,Magdalena Predutta
1328,2011-08-26T10:55:00,2011-08-26T11:03:00,Requester Manager,Amend Request for Quotation Requester,Anna Kaufmann
1328,2011-09-15T07:29:00,2011-09-15T08:03:00,Purchasing Agent,Analyze Request for Quotation,Magdalena Predutta
1328,2011-09-15T16:46:00,2011-09-15T17:15:00,Purchasing Agent,Send Request for Quotation to Supplier,Magdalena Predutta
1328,2011-09-15T21:51:00,2011-09-15T23:33:00,Purchasing Agent,Create Quotation comparison Map,Francois de Perrier
1328,2011-09-16T06:20:00,2011-09-16T06:50:00,Requester,Analyze Quotation comparison Map,Anne Olwada
1328,2011-09-16T06:50:00,2011-09-16T06:50:00,Requester,Choose best option,Penn Osterwalder
1328,2011-09-16T21:12:00,2011-09-17T08:00:00,Purchasing Agent,Settle conditions with supplier,Francois de Perrier
1328,2011-09-17T12:58:00,2011-09-17T13:05:00,Purchasing Agent,Create Purchase Order,Magdalena Predutta
1328,2011-09-24T12:13:00,2011-09-24T12:29:00,Supplier,Confirm Purchase Order,Karen Clarens
1328,2011-09-30T19:55:00,2011-09-30T19:55:00,Supplier,Deliver Goods Services,Kiu Kan
1328,2011-11-07T11:12:00,2011-11-07T11:33:00,Requester,Create Purchase Requisition,Anne Olwada
1328,2011-12-07T10:50:00,2011-12-07T10:54:00,Requester Manager,Analyze Purchase Requisition,Heinz Gutschmidt
1328,2011-12-07T10:59:00,2011-12-07T11:01:00,Requester Manager,Create Request for Quotation Requester Manager,Francis Odell
133,2011-01-17T19:24:00,2011-01-17T19:57:00,Requester,Create Purchase Requisition,Kim Passa
133,2011-01-18T07:56:00,2011-01-18T08:01:00,Requester Manager,Analyze Purchase Requisition,Francis Odell
133,2011-01-18T08:09:00,2011-01-18T08:11:00,Requester Manager,Create Request for Quotation Requester Manager,Francis Odell
133,2011-01-19T11:17:00,2011-01-19T11:51:00,Purchasing Agent,Analyze Request for Quotation,Francois de Perrier
133,2011-01-19T12:46:00,2011-01-19T12:53:00,Requester Manager,Amend Request for Quotation Requester,Nico Ojenbeer
133,2011-01-21T17:52:00,2011-01-21T18:14:00,Purchasing Agent,Analyze Request for Quotation,Magdalena Predutta
133,2011-01-22T07:23:00,2011-01-22T07:56:00,Purchasing Agent,Send Request for Quotation to Supplier,Francois de Perrier
133,2011-01-22T19:12:00,2011-01-22T20:52:00,Purchasing Agent,Create Quotation comparison Map,Karel de Groot
133,2011-01-23T03:35:00,2011-01-23T03:41:00,Requester,Analyze Quotation comparison Map,Christian Francois
133,2011-01-23T03:41:00,2011-01-23T03:41:00,Requester,Choose best option,Anna Kaufmann
133,2011-01-23T06:05:00,2011-01-23T10:31:00,Purchasing Agent,Settle conditions with supplier,Karel de Groot
133,2011-01-23T13:18:00,2011-01-23T13:25:00,Purchasing Agent,Create Purchase Order,Karel de Groot
133,2011-01-23T18:38:00,2011-01-23T19:03:00,Supplier,Confirm Purchase Order,Esmeralda Clay
133,2011-01-24T09:20:00,2011-01-26T09:50:00,Supplier,Deliver Goods Services,Kiu Kan
133,2011-01-26T17:21:00,2011-01-26T17:22:00,Requester,Release Purchase Order,Alberto Duport
133,2011-01-27T12:44:00,2011-01-27T12:45:00,Purchasing Agent,Approve Purchase Order for payment,Karel de Groot
133,2011-01-28T05:21:00,2011-01-28T05:21:00,Supplier,Send invoice,Esmeralda Clay
133,2011-01-28T19:33:00,2011-01-28T19:35:00,Financial Manager,Release Supplier's Invoice,Karalda Nimwada
133,2011-01-28T19:35:00,2011-01-28T19:35:00,Financial Manager,Authorize Supplier's Invoice payment,Pedro Alvares
133,2011-01-28T20:40:00,2011-01-28T20:52:00,Financial Manager,Pay invoice,Pedro Alvares
134,2011-01-02T07:00:00,2011-01-02T07:03:00,Financial Manager,Release Supplier's Invoice,Pedro Alvares
134,2011-01-02T07:03:00,2011-01-02T07:03:00,Financial Manager,Authorize Supplier's Invoice payment,Pedro Alvares
134,2011-01-02T07:21:00,2011-01-02T07:26:00,Financial Manager,Pay invoice,Karalda Nimwada
134,2011-01-17T20:00:00,2011-01-17T20:24:00,Requester,Create Purchase Requisition,Alberto Duport
134,2011-01-18T13:18:00,2011-01-18T13:25:00,Requester Manager,Analyze Purchase Requisition,Heinz Gutschmidt
134,2011-01-18T13:31:00,2011-01-18T13:32:00,Requester Manager,Create Request for Quotation Requester Manager,Maris Freeman
134,2011-01-23T01:48:00,2011-01-23T02:07:00,Purchasing Agent,Analyze Request for Quotation,Francois de Perrier
134,2011-01-23T11:07:00,2011-01-23T11:18:00,Purchasing Agent,Send Request for Quotation to Supplier,Karel de Groot
134,2011-01-23T13:25:00,2011-01-23T18:38:00,Purchasing Agent,Create Quotation comparison Map,Karel de Groot
134,2011-01-24T01:24:00,2011-01-24T01:40:00,Requester,Analyze Quotation comparison Map,Nico Ojenbeer
134,2011-01-24T01:40:00,2011-01-24T01:40:00,Requester,Choose best option,Penn Osterwalder
134,2011-01-24T04:42:00,2011-01-24T17:46:00,Purchasing Agent,Settle conditions with supplier,Magdalena Predutta
134,2011-01-25T00:14:00,2011-01-25T00:26:00,Purchasing Agent,Create Purchase Order,Karel de Groot
134,2011-01-28T05:01:00,2011-01-28T05:21:00,Supplier,Confirm Purchase Order,Esmeralda Clay
134,2011-01-28T14:58:00,2011-01-29T01:45:00,Supplier,Deliver Goods Services,Karen Clarens
134,2011-01-29T09:32:00,2011-01-29T09:33:00,Requester,Release Purchase Order,Anna Kaufmann
134,2011-01-30T09:16:00,2011-01-30T09:17:00,Purchasing Agent,Approve Purchase Order for payment,Karel de Groot
134,2011-01-31T16:42:00,2011-01-31T16:42:00,Supplier,Send invoice,Kiu Kan
1347,2011-07-14T04:03:00,2011-07-14T04:35:00,Requester,Create Purchase Requisition,Clement Duchot
1347,2011-07-14T15:54:00,2011-07-14T16:01:00,Requester Manager,Analyze Purchase Requisition,Heinz Gutschmidt
1347,2011-07-14T16:06:00,2011-07-14T16:07:00,Requester Manager,Create Request for Quotation Requester Manager,Heinz Gutschmidt
1347,2011-07-16T15:19:00,2011-07-16T15:37:00,Purchasing Agent,Analyze Request for Quotation,Francois de Perrier
135,2011-01-17T22:44:00,2011-01-17T23:28:00,Requester,Create Purchase Requisition,Esmana Liubiata
135,2011-01-17T23:38:00,2011-01-17T23:48:00,Requester,Create Request for Quotation Requester,Alberto Duport
135,2011-01-19T21:00:00,2011-01-19T21:13:00,Purchasing Agent,Analyze Request for Quotation,Magdalena Predutta
135,2011-01-20T03:33:00,2011-01-20T03:56:00,Purchasing Agent,Send Request for Quotation to Supplier,Francois de Perrier
135,2011-01-20T22:16:00,2011-01-20T23:45:00,Purchasing Agent,Create Quotation comparison Map,Karel de Groot
135,2011-01-21T06:48:00,2011-01-21T07:21:00,Requester,Analyze Quotation comparison Map,Kim Passa
135,2011-01-21T07:21:00,2011-01-21T07:21:00,Requester,Choose best option,Nico Ojenbeer
135,2011-01-21T17:58:00,2011-01-22T00:32:00,Purchasing Agent,Settle conditions with supplier,Francois de Perrier
135,2011-01-22T07:56:00,2011-01-22T08:05:00,Purchasing Agent,Create Purchase Order,Francois de Perrier
135,2011-01-22T12:14:00,2011-01-22T12:32:00,Supplier,Confirm Purchase Order,Esmeralda Clay
135,2011-01-22T22:13:00,2011-01-23T19:50:00,Supplier,Deliver Goods Services,Karen Clarens
135,2011-01-24T03:27:00,2011-01-24T03:28:00,Requester,Release Purchase Order,Christian Francois
135,2011-01-25T01:30:00,2011-01-25T01:31:00,Purchasing Agent,Approve Purchase Order for payment,Francois de Perrier
135,2011-01-25T09:33:00,2011-01-25T09:33:00,Supplier,Send invoice,Carmen Finacse
135,2011-01-25T23:52:00,2011-01-25T23:55:00,Financial Manager,Release Supplier's Invoice,Pedro Alvares
135,2011-01-25T23:56:00,2011-01-25T23:56:00,Financial Manager,Authorize Supplier's Invoice payment,Karalda Nimwada
135,2011-01-26T00:49:00,2011-01-26T00:54:00,Financial Manager,Pay invoice,Karalda Nimwada
1353,2011-07-14T12:59:00,2011-07-14T13:18:00,Requester,Create Purchase Requisition,Christian Francois
1353,2011-07-14T23:56:00,2011-07-15T00:01:00,Requester Manager,Analyze Purchase Requisition,Maris Freeman
1353,2011-07-15T00:04:00,2011-07-15T00:05:00,Requester Manager,Create Request for Quotation Requester Manager,Francis Odell
1353,2011-07-15T01:09:00,2011-07-15T01:30:00,Purchasing Agent,Analyze Request for Quotation,Francois de Perrier
1353,2011-07-15T02:20:00,2011-07-15T02:27:00,Requester Manager,Amend Request for Quotation Requester,Miu Hanwan
1353,2011-07-29T07:48:00,2011-07-29T08:07:00,Purchasing Agent,Analyze Request for Quotation,Karel de Groot
136,2011-01-17T23:47:00,2011-01-17T23:56:00,Requester,Create Purchase Requisition,Clement Duchot
136,2011-01-18T12:57:00,2011-01-18T13:03:00,Requester Manager,Analyze Purchase Requisition,Heinz Gutschmidt
136,2011-01-18T13:09:00,2011-01-18T13:10:00,Requester Manager,Create Request for Quotation Requester Manager,Maris Freeman
136,2011-01-25T21:17:00,2011-01-25T21:38:00,Purchasing Agent,Analyze Request for Quotation,Francois de Perrier
136,2011-01-27T05:53:00,2011-01-27T06:13:00,Purchasing Agent,Send Request for Quotation to Supplier,Magdalena Predutta
136,2011-01-28T20:17:00,2011-01-29T00:56:00,Purchasing Agent,Create Quotation comparison Map,Magdalena Predutta
136,2011-01-29T08:15:00,2011-01-29T08:45:00,Requester,Analyze Quotation comparison Map,Penn Osterwalder
136,2011-01-29T08:45:00,2011-01-29T08:45:00,Requester,Choose best option,Esmana Liubiata
136,2011-01-29T17:25:00,2011-01-30T05:23:00,Purchasing Agent,Settle conditions with supplier,Francois de Perrier
136,2011-01-30T09:17:00,2011-01-30T09:28:00,Purchasing Agent,Create Purchase Order,Karel de Groot
136,2011-01-31T19:06:00,2011-01-31T19:32:00,Supplier,Confirm Purchase Order,Kiu Kan
136,2011-02-02T00:56:00,2011-02-02T13:17:00,Supplier,Deliver Goods Services,Sean Manney
136,2011-02-02T20:15:00,2011-02-02T20:16:00,Requester,Release Purchase Order,Christian Francois
136,2011-03-02T02:55:00,2011-03-02T02:56:00,Purchasing Agent,Approve Purchase Order for payment,Karel de Groot
136,2011-03-02T11:01:00,2011-03-02T11:01:00,Supplier,Send invoice,Kiu Kan
136,2011-04-02T02:15:00,2011-04-02T02:20:00,Financial Manager,Release Supplier's Invoice,Karalda Nimwada
136,2011-04-02T02:20:00,2011-04-02T02:20:00,Financial Manager,Authorize Supplier's Invoice payment,Karalda Nimwada
136,2011-04-02T02:27:00,2011-04-02T02:34:00,Financial Manager,Pay invoice,Karalda Nimwada
1360,2011-07-15T03:06:00,2011-07-15T03:52:00,Requester,Create Purchase Requisition,Tesca Lobes
1360,2011-07-16T04:31:00,2011-07-16T04:37:00,Requester Manager,Analyze Purchase Requisition,Francis Odell
1361,2011-03-10T20:51:00,2011-03-10T21:06:00,Supplier,Confirm Purchase Order,Esmeralda Clay
1361,2011-07-15T04:32:00,2011-07-15T05:10:00,Requester,Create Purchase Requisition,Elvira Lores
1361,2011-07-15T05:52:00,2011-07-15T06:03:00,Requester,Create Request for Quotation Requester,Alberto Duport
1361,2011-08-10T06:37:00,2011-09-10T07:34:00,Supplier,Deliver Goods Services,Kiu Kan
1361,2011-08-20T11:09:00,2011-08-20T11:31:00,Purchasing Agent,Analyze Request for Quotation,Karel de Groot
1361,2011-08-20T12:20:00,2011-08-20T12:34:00,Requester Manager,Amend Request for Quotation Requester,Elvira Lores
1361,2011-08-21T22:35:00,2011-08-21T22:55:00,Purchasing Agent,Analyze Request for Quotation,Karel de Groot
1361,2011-08-21T23:41:00,2011-08-21T23:48:00,Requester Manager,Amend Request for Quotation Requester,Kim Passa
1361,2011-09-10T14:51:00,2011-09-10T14:52:00,Requester,Release Purchase Order,Anna Kaufmann
1361,2011-09-10T23:05:00,2011-09-10T23:06:00,Purchasing Agent,Approve Purchase Order for payment,Karel de Groot
1361,2011-09-21T09:46:00,2011-09-21T10:06:00,Purchasing Agent,Analyze Request for Quotation,Francois de Perrier
1361,2011-09-22T00:59:00,2011-09-22T01:25:00,Purchasing Agent,Send Request for Quotation to Supplier,Magdalena Predutta
1361,2011-09-22T05:44:00,2011-09-22T10:47:00,Purchasing Agent,Create Quotation comparison Map,Karel de Groot
1361,2011-09-22T17:14:00,2011-09-22T17:35:00,Requester,Analyze Quotation comparison Map,Alberto Duport
1361,2011-09-22T17:35:00,2011-09-22T17:35:00,Requester,Choose best option,Alberto Duport
1361,2011-09-22T21:37:00,2011-09-23T04:11:00,Purchasing Agent,Settle conditions with supplier,Magdalena Predutta
1361,2011-09-23T05:05:00,2011-09-23T05:13:00,Purchasing Agent,Create Purchase Order,Magdalena Predutta
1361,2011-11-10T02:46:00,2011-11-10T02:46:00,Supplier,Send invoice,Carmen Finacse
1361,2011-11-10T17:03:00,2011-11-10T17:05:00,Financial Manager,Release Supplier's Invoice,Pedro Alvares
1361,2011-11-10T17:17:00,2011-11-10T17:37:00,Financial Manager,Settle dispute with supplier Financial Manager,Pedro Alvares
1361,2011-11-10T17:37:00,2011-11-10T17:37:00,Financial Manager,Authorize Supplier's Invoice payment,Pedro Alvares
1361,2011-11-10T18:15:00,2011-11-10T18:29:00,Financial Manager,Pay invoice,Karalda Nimwada
1362,2011-07-15T09:29:00,2011-07-15T09:47:00,Requester,Create Purchase Requisition,Christian Francois
1362,2011-07-15T22:10:00,2011-07-15T22:16:00,Requester Manager,Analyze Purchase Requisition,Heinz Gutschmidt
1366,2011-01-10T11:29:00,2011-01-10T11:29:00,Supplier,Deliver Goods Services,Esmeralda Clay
1366,2011-01-10T18:58:00,2011-01-10T18:59:00,Requester,Release Purchase Order,Immanuel Karagianni
1366,2011-02-10T07:31:00,2011-02-10T07:32:00,Purchasing Agent,Approve Purchase Order for payment,Magdalena Predutta
1366,2011-02-10T21:26:00,2011-02-10T21:26:00,Supplier,Send invoice,Sean Manney
1366,2011-03-10T11:45:00,2011-03-10T11:50:00,Financial Manager,Release Supplier's Invoice,Karalda Nimwada
1366,2011-03-10T11:50:00,2011-03-10T11:50:00,Financial Manager,Authorize Supplier's Invoice payment,Karalda Nimwada
1366,2011-03-10T12:49:00,2011-03-10T12:53:00,Financial Manager,Pay invoice,Pedro Alvares
1366,2011-07-15T20:41:00,2011-07-15T21:21:00,Requester,Create Purchase Requisition,Elvira Lores
1366,2011-07-16T07:49:00,2011-07-16T07:57:00,Requester Manager,Analyze Purchase Requisition,Francis Odell
1366,2011-07-16T08:00:00,2011-07-16T08:03:00,Requester Manager,Create Request for Quotation Requester Manager,Maris Freeman
1366,2011-08-09T06:53:00,2011-08-09T07:19:00,Purchasing Agent,Analyze Request for Quotation,Francois de Perrier
1366,2011-08-09T08:13:00,2011-08-09T08:27:00,Requester Manager,Amend Request for Quotation Requester,Fjodor Kowalski
1366,2011-09-13T17:39:00,2011-09-13T18:03:00,Purchasing Agent,Send Request for Quotation to Supplier,Francois de Perrier
1366,2011-09-14T19:32:00,2011-09-15T00:54:00,Purchasing Agent,Create Quotation comparison Map,Karel de Groot
1366,2011-09-15T07:25:00,2011-09-15T07:48:00,Requester,Analyze Quotation comparison Map,Immanuel Karagianni
1366,2011-09-15T07:48:00,2011-09-15T07:48:00,Requester,Choose best option,Christian Francois
1366,2011-09-15T13:00:00,2011-09-15T21:51:00,Purchasing Agent,Settle conditions with supplier,Francois de Perrier
1366,2011-09-16T00:39:00,2011-09-16T00:50:00,Purchasing Agent,Create Purchase Order,Karel de Groot
1366,2011-09-29T01:06:00,2011-09-29T01:22:00,Supplier,Confirm Purchase Order,Esmeralda Clay
1366,2011-09-30T14:17:00,2011-09-30T14:17:00,Supplier,Deliver Goods Services,Esmeralda Clay
1366,2011-12-09T21:32:00,2011-12-09T22:10:00,Purchasing Agent,Analyze Request for Quotation,Francois de Perrier
1367,2011-07-16T04:48:00,2011-07-16T05:37:00,Requester,Create Purchase Requisition,Penn Osterwalder
1367,2011-07-16T15:50:00,2011-07-16T15:55:00,Requester Manager,Analyze Purchase Requisition,Maris Freeman
1377,2011-07-17T21:07:00,2011-07-17T21:40:00,Requester,Create Purchase Requisition,Nico Ojenbeer
1377,2011-07-17T22:39:00,2011-07-17T22:51:00,Requester,Create Request for Quotation Requester,Anne Olwada
1377,2011-10-14T12:15:00,2011-10-14T12:50:00,Purchasing Agent,Analyze Request for Quotation,Francois de Perrier
1378,2011-07-17T23:04:00,2011-07-17T23:43:00,Requester,Create Purchase Requisition,Anne Olwada
1378,2011-07-18T14:26:00,2011-07-18T14:33:00,Requester Manager,Analyze Purchase Requisition,Maris Freeman
138,2011-01-18T04:14:00,2011-01-18T05:04:00,Requester,Create Purchase Requisition,Immanuel Karagianni
138,2011-01-18T12:38:00,2011-01-18T12:47:00,Requester,Create Request for Quotation Requester,Nico Ojenbeer
138,2011-01-19T21:13:00,2011-01-19T21:34:00,Purchasing Agent,Analyze Request for Quotation,Magdalena Predutta
138,2011-01-20T19:35:00,2011-01-20T20:03:00,Purchasing Agent,Send Request for Quotation to Supplier,Magdalena Predutta
138,2011-01-21T08:32:00,2011-01-21T09:43:00,Purchasing Agent,Create Quotation comparison Map,Magdalena Predutta
138,2011-01-21T16:04:00,2011-01-21T16:23:00,Requester,Analyze Quotation comparison Map,Fjodor Kowalski
138,2011-01-21T16:23:00,2011-01-21T16:23:00,Requester,Choose best option,Nico Ojenbeer
138,2011-01-21T18:14:00,2011-01-22T02:46:00,Purchasing Agent,Settle conditions with supplier,Magdalena Predutta
138,2011-01-22T07:05:00,2011-01-22T07:15:00,Purchasing Agent,Create Purchase Order,Francois de Perrier
138,2011-01-22T11:11:00,2011-01-22T11:22:00,Supplier,Confirm Purchase Order,Kiu Kan
138,2011-01-23T08:47:00,2011-01-24T09:20:00,Supplier,Deliver Goods Services,Kiu Kan
138,2011-01-24T16:39:00,2011-01-24T16:40:00,Requester,Release Purchase Order,Kim Passa
138,2011-01-25T14:44:00,2011-01-25T14:45:00,Purchasing Agent,Approve Purchase Order for payment,Karel de Groot
138,2011-01-27T07:17:00,2011-01-27T07:17:00,Supplier,Send invoice,Carmen Finacse
138,2011-01-27T21:43:00,2011-01-27T21:46:00,Financial Manager,Release Supplier's Invoice,Karalda Nimwada
138,2011-01-27T22:02:00,2011-01-27T22:02:00,Financial Manager,Authorize Supplier's Invoice payment,Karalda Nimwada
138,2011-01-27T22:32:00,2011-01-27T22:42:00,Financial Manager,Pay invoice,Karalda Nimwada
1380,2011-07-18T04:06:00,2011-07-18T04:34:00,Requester,Create Purchase Requisition,Anne Olwada
1380,2011-07-18T05:03:00,2011-07-18T05:12:00,Requester,Create Request for Quotation Requester,Anne Olwada
1380,2011-07-27T21:55:00,2011-07-27T22:16:00,Purchasing Agent,Analyze Request for Quotation,Francois de Perrier
1387,2011-07-19T11:08:00,2011-07-19T11:24:00,Requester,Create Purchase Requisition,Tesca Lobes
1387,2011-07-20T09:17:00,2011-07-20T09:23:00,Requester Manager,Analyze Purchase Requisition,Maris Freeman
1388,2011-07-10T11:37:00,2011-07-10T11:37:00,Supplier,Send invoice,Karen Clarens
1388,2011-07-19T17:59:00,2011-07-19T18:48:00,Requester,Create Purchase Requisition,Miu Hanwan
1388,2011-07-20T15:25:00,2011-07-20T15:31:00,Requester Manager,Analyze Purchase Requisition,Heinz Gutschmidt
1388,2011-07-20T15:37:00,2011-07-20T15:38:00,Requester Manager,Create Request for Quotation Requester Manager,Heinz Gutschmidt
1388,2011-08-09T09:11:00,2011-08-09T09:49:00,Purchasing Agent,Analyze Request for Quotation,Karel de Groot
1388,2011-08-10T01:58:00,2011-08-10T02:03:00,Financial Manager,Release Supplier's Invoice,Karalda Nimwada
1388,2011-08-10T02:03:00,2011-08-10T02:03:00,Financial Manager,Authorize Supplier's Invoice payment,Karalda Nimwada
1388,2011-08-10T02:07:00,2011-08-10T02:15:00,Financial Manager,Pay invoice,Karalda Nimwada
1388,2011-08-28T00:20:00,2011-08-28T00:43:00,Purchasing Agent,Analyze Request for Quotation,Francois de Perrier
1388,2011-08-28T16:40:00,2011-08-28T16:54:00,Requester Manager,Amend Request for Quotation Requester Manager,Francis Odell
1388,2011-09-09T03:42:00,2011-09-09T04:03:00,Purchasing Agent,Send Request for Quotation to Supplier,Karel de Groot
1388,2011-09-09T08:51:00,2011-09-09T14:08:00,Purchasing Agent,Create Quotation comparison Map,Magdalena Predutta
1388,2011-09-09T20:36:00,2011-09-09T21:04:00,Requester,Analyze Quotation comparison Map,Anne Olwada
1388,2011-09-09T21:04:00,2011-09-09T21:04:00,Requester,Choose best option,Penn Osterwalder
1388,2011-09-23T14:52:00,2011-09-24T23:48:00,Supplier,Deliver Goods Services,Kiu Kan
1388,2011-09-25T07:16:00,2011-09-25T07:17:00,Requester,Release Purchase Order,Kim Passa
1388,2011-09-25T16:15:00,2011-09-26T01:12:00,Purchasing Agent,Settle dispute with supplier Purchasing Agent,Francois de Perrier
1388,2011-09-26T08:27:00,2011-09-26T08:28:00,Requester,Release Purchase Order,Esmana Liubiata
1388,2011-09-26T14:23:00,2011-09-26T14:24:00,Purchasing Agent,Approve Purchase Order for payment,Francois de Perrier
1388,2011-10-09T04:24:00,2011-10-09T10:09:00,Purchasing Agent,Settle conditions with supplier,Magdalena Predutta
1388,2011-10-09T12:25:00,2011-10-09T12:32:00,Purchasing Agent,Create Purchase Order,Magdalena Predutta
1388,2011-11-09T18:01:00,2011-11-09T18:08:00,Supplier,Confirm Purchase Order,Karen Clarens
1394,2011-02-08T03:12:00,2011-02-08T03:37:00,Purchasing Agent,Analyze Request for Quotation,Francois de Perrier
1394,2011-02-08T04:32:00,2011-02-08T04:47:00,Requester Manager,Amend Request for Quotation Requester,Clement Duchot
1394,2011-07-21T07:24:00,2011-07-21T08:08:00,Requester,Create Purchase Requisition,Christian Francois
1394,2011-07-21T08:31:00,2011-07-21T08:36:00,Requester,Create Request for Quotation Requester,Immanuel Karagianni
1394,2011-08-10T18:16:00,2011-09-10T19:16:00,Supplier,Deliver Goods Services,Carmen Finacse
1394,2011-08-14T09:33:00,2011-08-14T10:05:00,Purchasing Agent,Analyze Request for Quotation,Magdalena Predutta
1394,2011-08-14T10:57:00,2011-08-14T11:10:00,Requester Manager,Amend Request for Quotation Requester,Penn Osterwalder
1394,2011-09-19T13:18:00,2011-09-19T13:32:00,Purchasing Agent,Analyze Request for Quotation,Francois de Perrier
1394,2011-09-20T17:40:00,2011-09-20T18:03:00,Purchasing Agent,Send Request for Quotation to Supplier,Karel de Groot
1394,2011-09-21T04:26:00,2011-09-21T07:26:00,Purchasing Agent,Create Quotation comparison Map,Francois de Perrier
1394,2011-09-21T14:06:00,2011-09-21T14:36:00,Requester,Analyze Quotation comparison Map,Immanuel Karagianni
1394,2011-09-21T14:36:00,2011-09-21T14:36:00,Requester,Choose best option,Anne Olwada
1394,2011-09-21T16:12:00,2011-09-22T00:59:00,Purchasing Agent,Settle conditions with supplier,Magdalena Predutta
1394,2011-09-22T05:35:00,2011-09-22T05:44:00,Purchasing Agent,Create Purchase Order,Karel de Groot
1394,2011-09-23T13:43:00,2011-09-23T14:13:00,Supplier,Confirm Purchase Order,Carmen Finacse
1394,2011-10-10T03:25:00,2011-10-10T03:26:00,Requester,Release Purchase Order,Christian Francois
1394,2011-10-10T20:14:00,2011-10-10T20:15:00,Purchasing Agent,Approve Purchase Order for payment,Magdalena Predutta
1394,2011-10-13T10:45:00,2011-10-13T10:48:00,Financial Manager,Release Supplier's Invoice,Karalda Nimwada
1394,2011-10-13T10:48:00,2011-10-13T10:48:00,Financial Manager,Authorize Supplier's Invoice payment,Karalda Nimwada
1394,2011-10-13T10:56:00,2011-10-13T11:07:00,Financial Manager,Pay invoice,Pedro Alvares
1394,2011-12-10T19:17:00,2011-12-10T19:17:00,Supplier,Send invoice,Esmeralda Clay
14,2011-02-01T12:58:00,2011-02-01T13:50:00,Requester,Create Purchase Requisition,Miu Hanwan
14,2011-03-01T03:56:00,2011-03-01T04:04:00,Requester Manager,Analyze Purchase Requisition,Maris Freeman
14,2011-03-01T04:11:00,2011-03-01T04:14:00,Requester Manager,Create Request for Quotation Requester Manager,Maris Freeman
14,2011-03-01T11:17:00,2011-03-01T11:52:00,Purchasing Agent,Analyze Request for Quotation,Magdalena Predutta
14,2011-03-01T12:45:00,2011-03-01T12:56:00,Requester Manager,Amend Request for Quotation Requester,Christian Francois
14,2011-03-01T13:28:00,2011-03-01T13:57:00,Purchasing Agent,Analyze Request for Quotation,Karel de Groot
14,2011-03-01T14:52:00,2011-03-01T14:59:00,Requester Manager,Amend Request for Quotation Requester,Tesca Lobes
14,2011-03-01T19:06:00,2011-03-01T19:38:00,Purchasing Agent,Analyze Request for Quotation,Magdalena Predutta
14,2011-03-01T20:26:00,2011-03-01T20:33:00,Requester Manager,Amend Request for Quotation Requester,Clement Duchot
14,2011-03-01T21:44:00,2011-03-01T22:21:00,Purchasing Agent,Analyze Request for Quotation,Karel de Groot
14,2011-04-01T08:01:00,2011-04-01T08:18:00,Purchasing Agent,Send Request for Quotation to Supplier,Francois de Perrier
14,2011-04-01T11:26:00,2011-04-01T16:43:00,Purchasing Agent,Create Quotation comparison Map,Karel de Groot
14,2011-04-01T22:51:00,2011-04-01T23:00:00,Requester,Analyze Quotation comparison Map,Penn Osterwalder
14,2011-04-01T23:00:00,2011-04-01T23:00:00,Requester,Choose best option,Anne Olwada
14,2011-05-01T02:26:00,2011-05-01T16:28:00,Purchasing Agent,Settle conditions with supplier,Francois de Perrier
14,2011-06-01T13:27:00,2011-06-01T13:40:00,Purchasing Agent,Create Purchase Order,Francois de Perrier
14,2011-07-01T02:28:00,2011-07-01T02:40:00,Supplier,Confirm Purchase Order,Kiu Kan
14,2011-08-01T01:26:00,2011-09-01T11:38:00,Supplier,Deliver Goods Services,Kiu Kan
14,2011-09-01T18:55:00,2011-09-01T18:56:00,Requester,Release Purchase Order,Immanuel Karagianni
14,2011-10-01T05:22:00,2011-10-01T05:23:00,Purchasing Agent,Approve Purchase Order for payment,Francois de Perrier
14,2011-10-01T20:27:00,2011-10-01T20:27:00,Supplier,Send invoice,Sean Manney
14,2011-11-01T09:49:00,2011-11-01T09:53:00,Financial Manager,Release Supplier's Invoice,Pedro Alvares
14,2011-11-01T10:10:00,2011-11-01T10:26:00,Financial Manager,Settle dispute with supplier Financial Manager,Pedro Alvares
14,2011-11-01T10:26:00,2011-11-01T10:26:00,Financial Manager,Authorize Supplier's Invoice payment,Pedro Alvares
14,2011-11-01T10:59:00,2011-11-01T11:05:00,Financial Manager,Pay invoice,Karalda Nimwada
140,2011-01-18T10:22:00,2011-01-18T10:36:00,Requester,Create Purchase Requisition,Anna Kaufmann
140,2011-01-18T16:54:00,2011-01-18T17:00:00,Requester,Create Request for Quotation Requester,Clement Duchot
140,2011-01-21T22:26:00,2011-01-21T22:52:00,Purchasing Agent,Analyze Request for Quotation,Karel de Groot
140,2011-01-22T18:58:00,2011-01-22T19:12:00,Purchasing Agent,Send Request for Quotation to Supplier,Karel de Groot
140,2011-01-22T20:47:00,2011-01-22T23:59:00,Purchasing Agent,Create Quotation comparison Map,Francois de Perrier
140,2011-01-23T07:28:00,2011-01-23T07:42:00,Requester,Analyze Quotation comparison Map,Anna Kaufmann
140,2011-01-23T07:42:00,2011-01-23T07:42:00,Requester,Choose best option,Tesca Lobes
140,2011-01-23T11:05:00,2011-01-23T17:58:00,Purchasing Agent,Settle conditions with supplier,Francois de Perrier
140,2011-01-24T00:45:00,2011-01-24T00:52:00,Purchasing Agent,Create Purchase Order,Francois de Perrier
140,2011-01-24T05:59:00,2011-01-24T06:04:00,Supplier,Confirm Purchase Order,Sean Manney
140,2011-01-26T11:52:00,2011-01-27T06:45:00,Supplier,Deliver Goods Services,Carmen Finacse
140,2011-01-27T13:47:00,2011-01-27T13:48:00,Requester,Release Purchase Order,Kim Passa
140,2011-01-27T21:50:00,2011-01-27T21:51:00,Purchasing Agent,Approve Purchase Order for payment,Karel de Groot
140,2011-01-28T05:01:00,2011-01-28T05:01:00,Supplier,Send invoice,Esmeralda Clay
140,2011-01-28T19:20:00,2011-01-28T19:26:00,Financial Manager,Release Supplier's Invoice,Karalda Nimwada
140,2011-01-28T19:26:00,2011-01-28T19:26:00,Financial Manager,Authorize Supplier's Invoice payment,Karalda Nimwada
140,2011-01-28T20:24:00,2011-01-28T20:30:00,Financial Manager,Pay invoice,Karalda Nimwada
1404,2011-07-22T02:38:00,2011-07-22T02:47:00,Requester,Create Purchase Requisition,Kim Passa
1404,2011-07-22T05:04:00,2011-07-22T05:13:00,Requester,Create Request for Quotation Requester,Tesca Lobes
1404,2011-07-25T19:52:00,2011-07-25T20:18:00,Purchasing Agent,Analyze Request for Quotation,Karel de Groot
141,2011-01-18T16:55:00,2011-01-18T17:10:00,Requester,Create Purchase Requisition,Elvira Lores
141,2011-01-19T05:19:00,2011-01-19T05:25:00,Requester Manager,Analyze Purchase Requisition,Heinz Gutschmidt
141,2011-01-19T05:28:00,2011-01-19T05:30:00,Requester Manager,Create Request for Quotation Requester Manager,Heinz Gutschmidt
141,2011-01-20T20:12:00,2011-01-20T20:24:00,Purchasing Agent,Analyze Request for Quotation,Magdalena Predutta
141,2011-01-21T17:15:00,2011-01-21T17:52:00,Purchasing Agent,Send Request for Quotation to Supplier,Magdalena Predutta
141,2011-01-21T18:39:00,2011-01-21T22:25:00,Purchasing Agent,Create Quotation comparison Map,Karel de Groot
141,2011-01-22T05:13:00,2011-01-22T05:35:00,Requester,Analyze Quotation comparison Map,Miu Hanwan
141,2011-01-22T05:35:00,2011-01-22T05:35:00,Requester,Choose best option,Alberto Duport
141,2011-01-22T08:45:00,2011-01-22T18:57:00,Purchasing Agent,Settle conditions with supplier,Karel de Groot
141,2011-01-22T20:52:00,2011-01-22T21:04:00,Purchasing Agent,Create Purchase Order,Karel de Groot
141,2011-01-23T08:00:00,2011-01-23T08:29:00,Supplier,Confirm Purchase Order,Kiu Kan
141,2011-01-23T19:56:00,2011-01-24T15:37:00,Supplier,Deliver Goods Services,Karen Clarens
141,2011-01-24T22:59:00,2011-01-24T23:00:00,Requester,Release Purchase Order,Miu Hanwan
141,2011-01-25T14:33:00,2011-01-25T14:34:00,Purchasing Agent,Approve Purchase Order for payment,Magdalena Predutta
141,2011-01-27T03:22:00,2011-01-27T03:22:00,Supplier,Send invoice,Esmeralda Clay
141,2011-01-27T17:36:00,2011-01-27T17:40:00,Financial Manager,Release Supplier's Invoice,Karalda Nimwada
141,2011-01-27T17:40:00,2011-01-27T17:40:00,Financial Manager,Authorize Supplier's Invoice payment,Pedro Alvares
141,2011-01-27T18:07:00,2011-01-27T18:18:00,Financial Manager,Pay invoice,Karalda Nimwada
1420,2011-03-10T05:15:00,2011-03-10T05:30:00,Supplier,Confirm Purchase Order,Kiu Kan
1420,2011-06-10T10:34:00,2011-06-10T16:50:00,Supplier,Deliver Goods Services,Kiu Kan
1420,2011-06-10T23:54:00,2011-06-10T23:55:00,Requester,Release Purchase Order,Clement Duchot
1420,2011-07-10T23:04:00,2011-07-10T23:05:00,Purchasing Agent,Approve Purchase Order for payment,Francois de Perrier
1420,2011-07-23T22:37:00,2011-07-23T23:24:00,Requester,Create Purchase Requisition,Anna Kaufmann
1420,2011-07-24T16:32:00,2011-07-24T16:41:00,Requester Manager,Analyze Purchase Requisition,Heinz Gutschmidt
1420,2011-07-24T16:45:00,2011-07-24T16:47:00,Requester Manager,Create Request for Quotation Requester Manager,Maris Freeman
1420,2011-08-08T03:37:00,2011-08-08T04:08:00,Purchasing Agent,Analyze Request for Quotation,Francois de Perrier
1420,2011-08-08T05:17:00,2011-08-08T05:32:00,Requester Manager,Amend Request for Quotation Requester,Anne Olwada
1420,2011-09-21T05:27:00,2011-09-21T05:50:00,Purchasing Agent,Analyze Request for Quotation,Magdalena Predutta
1420,2011-09-21T12:55:00,2011-09-21T13:25:00,Purchasing Agent,Send Request for Quotation to Supplier,Francois de Perrier
1420,2011-09-21T14:22:00,2011-09-21T19:38:00,Purchasing Agent,Create Quotation comparison Map,Francois de Perrier
1420,2011-09-22T02:45:00,2011-09-22T03:14:00,Requester,Analyze Quotation comparison Map,Miu Hanwan
1420,2011-09-22T03:14:00,2011-09-22T03:14:00,Requester,Choose best option,Anne Olwada
1420,2011-09-22T09:46:00,2011-09-22T17:11:00,Purchasing Agent,Settle conditions with supplier,Magdalena Predutta
1420,2011-09-22T19:33:00,2011-09-22T19:44:00,Purchasing Agent,Create Purchase Order,Karel de Groot
1420,2011-11-10T14:13:00,2011-11-10T14:13:00,Supplier,Send invoice,Kiu Kan
1420,2011-12-10T04:32:00,2011-12-10T04:36:00,Financial Manager,Release Supplier's Invoice,Karalda Nimwada
1420,2011-12-10T04:36:00,2011-12-10T04:36:00,Financial Manager,Authorize Supplier's Invoice payment,Karalda Nimwada
1420,2011-12-10T05:15:00,2011-12-10T05:30:00,Financial Manager,Pay invoice,Pedro Alvares
1422,2011-01-09T17:23:00,2011-01-09T17:25:00,Purchasing Agent,Analyze Request for Quotation,Francois de Perrier
1422,2011-02-09T10:23:00,2011-02-09T10:41:00,Purchasing Agent,Send Request for Quotation to Supplier,Francois de Perrier
1422,2011-02-09T16:10:00,2011-02-09T18:28:00,Purchasing Agent,Create Quotation comparison Map,Karel de Groot
1422,2011-03-09T01:28:00,2011-03-09T01:56:00,Requester,Analyze Quotation comparison Map,Esmana Liubiata
1422,2011-03-09T01:56:00,2011-03-09T01:56:00,Requester,Choose best option,Esmana Liubiata
1422,2011-03-09T05:47:00,2011-03-09T10:52:00,Purchasing Agent,Settle conditions with supplier,Francois de Perrier
1422,2011-03-09T15:39:00,2011-03-09T15:50:00,Purchasing Agent,Create Purchase Order,Karel de Groot
1422,2011-07-09T11:39:00,2011-07-09T12:01:00,Supplier,Confirm Purchase Order,Carmen Finacse
1422,2011-07-24T08:52:00,2011-07-24T09:08:00,Requester,Create Purchase Requisition,Christian Francois
1422,2011-07-24T21:15:00,2011-07-24T21:24:00,Requester Manager,Analyze Purchase Requisition,Heinz Gutschmidt
1422,2011-07-24T21:30:00,2011-07-24T21:31:00,Requester Manager,Create Request for Quotation Requester Manager,Maris Freeman
1422,2011-09-19T22:22:00,2011-09-21T21:58:00,Supplier,Deliver Goods Services,Kiu Kan
1422,2011-09-22T05:22:00,2011-09-22T05:23:00,Requester,Release Purchase Order,Tesca Lobes
1422,2011-09-22T17:54:00,2011-09-22T17:55:00,Purchasing Agent,Approve Purchase Order for payment,Magdalena Predutta
1422,2011-10-10T22:17:00,2011-10-10T22:17:00,Supplier,Send invoice,Kiu Kan
1422,2011-11-10T11:36:00,2011-11-10T11:40:00,Financial Manager,Release Supplier's Invoice,Pedro Alvares
1422,2011-11-10T11:40:00,2011-11-10T11:40:00,Financial Manager,Authorize Supplier's Invoice payment,Pedro Alvares
1422,2011-11-10T11:47:00,2011-11-10T12:02:00,Financial Manager,Pay invoice,Pedro Alvares
143,2011-01-18T19:39:00,2011-01-18T20:24:00,Requester,Create Purchase Requisition,Penn Osterwalder
143,2011-01-19T01:49:00,2011-01-19T01:58:00,Requester,Create Request for Quotation Requester,Immanuel Karagianni
143,2011-01-23T01:20:00,2011-01-23T01:48:00,Purchasing Agent,Analyze Request for Quotation,Francois de Perrier
1439,2011-03-08T02:57:00,2011-03-08T03:09:00,Supplier,Confirm Purchase Order,Carmen Finacse
1439,2011-06-08T05:18:00,2011-07-08T12:41:00,Supplier,Deliver Goods Services,Karen Clarens
1439,2011-07-08T20:26:00,2011-07-08T20:27:00,Requester,Release Purchase Order,Anna Kaufmann
1439,2011-07-26T12:14:00,2011-07-26T12:22:00,Requester,Create Purchase Requisition,Anna Kaufmann
1439,2011-07-27T09:15:00,2011-07-27T09:21:00,Requester Manager,Analyze Purchase Requisition,Heinz Gutschmidt
1439,2011-07-27T09:26:00,2011-07-27T09:28:00,Requester Manager,Create Request for Quotation Requester Manager,Maris Freeman
1439,2011-07-28T12:54:00,2011-07-28T13:07:00,Purchasing Agent,Analyze Request for Quotation,Francois de Perrier
1439,2011-07-29T07:24:00,2011-07-29T07:47:00,Purchasing Agent,Send Request for Quotation to Supplier,Karel de Groot
1439,2011-07-29T17:46:00,2011-07-29T21:53:00,Purchasing Agent,Create Quotation comparison Map,Karel de Groot
1439,2011-07-30T05:07:00,2011-07-30T05:30:00,Requester,Analyze Quotation comparison Map,Anna Kaufmann
1439,2011-07-30T05:30:00,2011-07-30T05:30:00,Requester,Choose best option,Penn Osterwalder
1439,2011-07-31T02:16:00,2011-07-31T14:11:00,Purchasing Agent,Settle conditions with supplier,Magdalena Predutta
1439,2011-07-31T16:09:00,2011-07-31T16:16:00,Purchasing Agent,Create Purchase Order,Francois de Perrier
1439,2011-08-08T05:39:00,2011-08-08T05:40:00,Purchasing Agent,Approve Purchase Order for payment,Francois de Perrier
1439,2011-08-08T13:28:00,2011-08-08T13:28:00,Supplier,Send invoice,Sean Manney
1439,2011-09-08T03:49:00,2011-09-08T03:55:00,Financial Manager,Release Supplier's Invoice,Karalda Nimwada
1439,2011-09-08T03:55:00,2011-09-08T03:55:00,Financial Manager,Authorize Supplier's Invoice payment,Karalda Nimwada
1439,2011-09-08T04:31:00,2011-09-08T04:38:00,Financial Manager,Pay invoice,Pedro Alvares
1448,2011-01-10T16:08:00,2011-01-10T19:11:00,Supplier,Deliver Goods Services,Kiu Kan
1448,2011-02-10T02:43:00,2011-02-10T02:44:00,Requester,Release Purchase Order,Kim Passa
1448,2011-02-10T08:56:00,2011-02-10T08:57:00,Purchasing Agent,Approve Purchase Order for payment,Magdalena Predutta
1448,2011-06-08T20:52:00,2011-06-08T21:21:00,Purchasing Agent,Analyze Request for Quotation,Karel de Groot
1448,2011-06-08T22:07:00,2011-06-08T22:20:00,Requester Manager,Amend Request for Quotation Requester,Miu Hanwan
1448,2011-07-28T07:24:00,2011-07-28T08:14:00,Requester,Create Purchase Requisition,Anna Kaufmann
1448,2011-07-28T08:55:00,2011-07-28T09:04:00,Requester,Create Request for Quotation Requester,Elvira Lores
1448,2011-08-08T16:33:00,2011-08-08T16:52:00,Purchasing Agent,Analyze Request for Quotation,Karel de Groot
1448,2011-08-08T17:38:00,2011-08-08T17:46:00,Requester Manager,Amend Request for Quotation Requester,Christian Francois
1448,2011-09-14T05:53:00,2011-09-14T11:46:00,Purchasing Agent,Create Quotation comparison Map,Karel de Groot
1448,2011-09-14T18:40:00,2011-09-14T19:01:00,Requester,Analyze Quotation comparison Map,Anna Kaufmann
1448,2011-09-14T19:01:00,2011-09-14T19:01:00,Requester,Choose best option,Nico Ojenbeer
1448,2011-09-14T23:13:00,2011-09-15T04:27:00,Purchasing Agent,Settle conditions with supplier,Magdalena Predutta
1448,2011-09-15T04:40:00,2011-09-15T04:50:00,Purchasing Agent,Create Purchase Order,Francois de Perrier
1448,2011-09-17T23:48:00,2011-09-18T00:09:00,Supplier,Confirm Purchase Order,Esmeralda Clay
1448,2011-10-13T22:44:00,2011-10-13T22:44:00,Supplier,Send invoice,Carmen Finacse
1448,2011-10-14T12:56:00,2011-10-14T13:03:00,Financial Manager,Release Supplier's Invoice,Pedro Alvares
1448,2011-10-14T13:56:00,2011-10-14T14:24:00,Financial Manager,Settle dispute with supplier Financial Manager,Karalda Nimwada
1448,2011-10-14T14:24:00,2011-10-14T14:24:00,Financial Manager,Authorize Supplier's Invoice payment,Karalda Nimwada
1448,2011-10-14T15:16:00,2011-10-14T15:31:00,Financial Manager,Pay invoice,Karalda Nimwada
1448,2011-11-09T23:36:00,2011-12-09T00:01:00,Purchasing Agent,Analyze Request for Quotation,Magdalena Predutta
1448,2011-12-09T20:01:00,2011-12-09T20:14:00,Purchasing Agent,Send Request for Quotation to Supplier,Francois de Perrier
145,2011-01-02T06:07:00,2011-01-02T20:48:00,Supplier,Deliver Goods Services,Carmen Finacse
145,2011-01-18T22:20:00,2011-01-18T22:58:00,Requester,Create Purchase Requisition,Immanuel Karagianni
145,2011-01-19T15:35:00,2011-01-19T15:41:00,Requester Manager,Analyze Purchase Requisition,Heinz Gutschmidt
145,2011-01-19T15:48:00,2011-01-19T15:50:00,Requester Manager,Create Request for Quotation Requester Manager,Maris Freeman
145,2011-01-23T06:40:00,2011-01-23T06:57:00,Purchasing Agent,Analyze Request for Quotation,Magdalena Predutta
145,2011-01-23T07:43:00,2011-01-23T07:52:00,Requester Manager,Amend Request for Quotation Requester,Clement Duchot
145,2011-01-25T14:19:00,2011-01-25T14:44:00,Purchasing Agent,Analyze Request for Quotation,Karel de Groot
145,2011-01-25T21:09:00,2011-01-25T21:22:00,Purchasing Agent,Send Request for Quotation to Supplier,Karel de Groot
145,2011-01-25T21:35:00,2011-01-26T02:28:00,Purchasing Agent,Create Quotation comparison Map,Magdalena Predutta
145,2011-01-26T09:10:00,2011-01-26T09:36:00,Requester,Analyze Quotation comparison Map,Clement Duchot
145,2011-01-26T09:36:00,2011-01-26T09:36:00,Requester,Choose best option,Alberto Duport
145,2011-01-26T23:46:00,2011-01-27T14:22:00,Purchasing Agent,Settle conditions with supplier,Francois de Perrier
145,2011-01-30T06:08:00,2011-01-30T06:21:00,Purchasing Agent,Create Purchase Order,Francois de Perrier
145,2011-01-31T19:40:00,2011-01-31T19:53:00,Supplier,Confirm Purchase Order,Karen Clarens
145,2011-02-02T04:39:00,2011-02-02T04:40:00,Requester,Release Purchase Order,Miu Hanwan
145,2011-02-02T21:12:00,2011-02-02T21:13:00,Purchasing Agent,Approve Purchase Order for payment,Karel de Groot
145,2011-03-02T11:01:00,2011-03-02T11:01:00,Supplier,Send invoice,Kiu Kan
145,2011-04-02T02:18:00,2011-04-02T02:22:00,Financial Manager,Release Supplier's Invoice,Pedro Alvares
145,2011-04-02T02:22:00,2011-04-02T02:22:00,Financial Manager,Authorize Supplier's Invoice payment,Pedro Alvares
145,2011-04-02T03:13:00,2011-04-02T03:23:00,Financial Manager,Pay invoice,Karalda Nimwada
1452,2011-07-28T18:38:00,2011-07-28T18:55:00,Requester,Create Purchase Requisition,Elvira Lores
1452,2011-07-29T06:53:00,2011-07-29T07:01:00,Requester Manager,Analyze Purchase Requisition,Francis Odell
1452,2011-07-29T07:08:00,2011-07-29T07:10:00,Requester Manager,Create Request for Quotation Requester Manager,Heinz Gutschmidt
1452,2011-08-13T06:22:00,2011-08-13T06:43:00,Purchasing Agent,Analyze Request for Quotation,Karel de Groot
1457,2011-07-29T11:30:00,2011-07-29T12:23:00,Requester,Create Purchase Requisition,Clement Duchot
1457,2011-07-30T11:20:00,2011-07-30T11:29:00,Requester Manager,Analyze Purchase Requisition,Heinz Gutschmidt
1457,2011-07-30T11:32:00,2011-07-30T11:33:00,Requester Manager,Create Request for Quotation Requester Manager,Heinz Gutschmidt
1457,2011-08-08T07:16:00,2011-08-08T07:52:00,Purchasing Agent,Analyze Request for Quotation,Karel de Groot
1458,2011-05-08T03:42:00,2011-05-08T04:06:00,Purchasing Agent,Analyze Request for Quotation,Magdalena Predutta
1458,2011-06-08T09:05:00,2011-06-08T09:28:00,Purchasing Agent,Send Request for Quotation to Supplier,Karel de Groot
1458,2011-06-08T15:26:00,2011-06-08T20:25:00,Purchasing Agent,Create Quotation comparison Map,Karel de Groot
1458,2011-07-08T02:54:00,2011-07-08T03:27:00,Requester,Analyze Quotation comparison Map,Penn Osterwalder
1458,2011-07-08T03:27:00,2011-07-08T03:27:00,Requester,Choose best option,Christian Francois
1458,2011-07-08T13:13:00,2011-07-08T23:53:00,Purchasing Agent,Settle conditions with supplier,Francois de Perrier
1458,2011-07-09T00:38:00,2011-07-09T00:46:00,Purchasing Agent,Create Purchase Order,Magdalena Predutta
1458,2011-07-29T13:57:00,2011-07-29T14:47:00,Requester,Create Purchase Requisition,Tesca Lobes
1458,2011-07-30T01:55:00,2011-07-30T02:04:00,Requester Manager,Analyze Purchase Requisition,Maris Freeman
1458,2011-07-30T02:10:00,2011-07-30T02:12:00,Requester Manager,Create Request for Quotation Requester Manager,Maris Freeman
1458,2011-08-13T07:33:00,2011-08-13T07:34:00,Purchasing Agent,Approve Purchase Order for payment,Karel de Groot
1458,2011-08-14T00:26:00,2011-08-14T00:26:00,Supplier,Send invoice,Karen Clarens
1458,2011-08-14T14:44:00,2011-08-14T14:50:00,Financial Manager,Release Supplier's Invoice,Karalda Nimwada
1458,2011-08-14T15:29:00,2011-08-14T15:50:00,Financial Manager,Settle dispute with supplier Financial Manager,Pedro Alvares
1458,2011-08-14T15:50:00,2011-08-14T15:50:00,Financial Manager,Authorize Supplier's Invoice payment,Karalda Nimwada
1458,2011-08-14T16:47:00,2011-08-14T17:01:00,Financial Manager,Pay invoice,Pedro Alvares
1458,2011-09-08T02:07:00,2011-09-08T02:27:00,Supplier,Confirm Purchase Order,Karen Clarens
1458,2011-10-08T15:36:00,2011-12-08T06:52:00,Supplier,Deliver Goods Services,Kiu Kan
1458,2011-12-08T14:18:00,2011-12-08T14:19:00,Requester,Release Purchase Order,Immanuel Karagianni
146,2011-01-19T05:25:00,2011-01-19T05:50:00,Requester,Create Purchase Requisition,Tesca Lobes
146,2011-01-20T03:11:00,2011-01-20T03:18:00,Requester Manager,Analyze Purchase Requisition,Maris Freeman
146,2011-01-20T03:23:00,2011-01-20T03:26:00,Requester Manager,Create Request for Quotation Requester Manager,Heinz Gutschmidt
146,2011-01-21T18:14:00,2011-01-21T18:39:00,Purchasing Agent,Analyze Request for Quotation,Karel de Groot
146,2011-01-22T15:56:00,2011-01-22T16:16:00,Purchasing Agent,Send Request for Quotation to Supplier,Magdalena Predutta
146,2011-01-22T16:55:00,2011-01-22T21:48:00,Purchasing Agent,Create Quotation comparison Map,Magdalena Predutta
146,2011-01-23T04:30:00,2011-01-23T04:48:00,Requester,Analyze Quotation comparison Map,Alberto Duport
146,2011-01-23T04:48:00,2011-01-23T04:48:00,Requester,Choose best option,Fjodor Kowalski
146,2011-01-23T07:37:00,2011-01-23T21:40:00,Purchasing Agent,Settle conditions with supplier,Magdalena Predutta
146,2011-01-24T03:11:00,2011-01-24T03:18:00,Purchasing Agent,Create Purchase Order,Magdalena Predutta
146,2011-01-24T19:33:00,2011-01-24T20:02:00,Supplier,Confirm Purchase Order,Karen Clarens
146,2011-01-27T04:02:00,2011-01-28T05:01:00,Supplier,Deliver Goods Services,Esmeralda Clay
146,2011-01-28T12:31:00,2011-01-28T12:32:00,Requester,Release Purchase Order,Immanuel Karagianni
146,2011-01-28T20:30:00,2011-01-29T06:40:00,Purchasing Agent,Settle dispute with supplier Purchasing Agent,Karel de Groot
146,2011-01-29T14:11:00,2011-01-29T14:12:00,Requester,Release Purchase Order,Tesca Lobes
146,2011-01-30T07:45:00,2011-01-30T07:46:00,Purchasing Agent,Approve Purchase Order for payment,Karel de Groot
146,2011-01-30T23:41:00,2011-01-30T23:41:00,Supplier,Send invoice,Esmeralda Clay
146,2011-01-31T13:57:00,2011-01-31T14:02:00,Financial Manager,Release Supplier's Invoice,Karalda Nimwada
146,2011-01-31T14:02:00,2011-01-31T14:02:00,Financial Manager,Authorize Supplier's Invoice payment,Karalda Nimwada
146,2011-01-31T14:16:00,2011-01-31T14:29:00,Financial Manager,Pay invoice,Karalda Nimwada
1463,2011-07-29T23:58:00,2011-07-30T00:44:00,Requester,Create Purchase Requisition,Clement Duchot
1463,2011-07-30T22:43:00,2011-07-30T22:51:00,Requester Manager,Analyze Purchase Requisition,Heinz Gutschmidt
1463,2011-07-30T22:58:00,2011-07-30T22:59:00,Requester Manager,Create Request for Quotation Requester Manager,Heinz Gutschmidt
1463,2011-07-31T17:01:00,2011-07-31T17:28:00,Purchasing Agent,Analyze Request for Quotation,Magdalena Predutta
1477,2011-02-08T03:54:00,2011-02-08T04:23:00,Purchasing Agent,Analyze Request for Quotation,Karel de Groot
1477,2011-02-08T05:17:00,2011-02-08T05:23:00,Requester Manager,Amend Request for Quotation Requester,Nico Ojenbeer
1477,2011-07-31T09:55:00,2011-07-31T10:17:00,Requester,Create Purchase Requisition,Kim Passa
1477,2011-07-31T13:37:00,2011-07-31T13:50:00,Requester,Create Request for Quotation Requester,Fjodor Kowalski
1477,2011-10-08T18:25:00,2011-10-08T18:44:00,Purchasing Agent,Analyze Request for Quotation,Francois de Perrier
149,2011-01-02T06:55:00,2011-01-02T06:59:00,Financial Manager,Release Supplier's Invoice,Karalda Nimwada
149,2011-01-02T07:03:00,2011-01-02T07:03:00,Financial Manager,Authorize Supplier's Invoice payment,Pedro Alvares
149,2011-01-02T07:26:00,2011-01-02T07:30:00,Financial Manager,Pay invoice,Karalda Nimwada
149,2011-01-19T09:49:00,2011-01-19T10:12:00,Requester,Create Purchase Requisition,Clement Duchot
149,2011-01-20T10:14:00,2011-01-20T10:21:00,Requester Manager,Analyze Purchase Requisition,Heinz Gutschmidt
149,2011-01-20T10:28:00,2011-01-20T10:30:00,Requester Manager,Create Request for Quotation Requester Manager,Heinz Gutschmidt
149,2011-01-22T00:58:00,2011-01-22T01:16:00,Purchasing Agent,Analyze Request for Quotation,Francois de Perrier
149,2011-01-22T02:06:00,2011-01-22T02:15:00,Requester Manager,Amend Request for Quotation Requester,Kim Passa
149,2011-01-23T03:31:00,2011-01-23T03:53:00,Purchasing Agent,Analyze Request for Quotation,Francois de Perrier
149,2011-01-23T17:58:00,2011-01-23T18:25:00,Purchasing Agent,Send Request for Quotation to Supplier,Francois de Perrier
149,2011-01-23T18:38:00,2011-01-23T19:26:00,Purchasing Agent,Create Quotation comparison Map,Karel de Groot
149,2011-01-24T02:14:00,2011-01-24T02:22:00,Requester,Analyze Quotation comparison Map,Fjodor Kowalski
149,2011-01-24T02:22:00,2011-01-24T02:22:00,Requester,Choose best option,Elvira Lores
149,2011-01-24T13:19:00,2011-01-24T17:22:00,Purchasing Agent,Settle conditions with supplier,Karel de Groot
149,2011-01-25T01:02:00,2011-01-25T01:13:00,Purchasing Agent,Create Purchase Order,Karel de Groot
149,2011-01-25T09:33:00,2011-01-25T09:53:00,Supplier,Confirm Purchase Order,Carmen Finacse
149,2011-01-26T09:50:00,2011-01-28T07:39:00,Supplier,Deliver Goods Services,Kiu Kan
149,2011-01-28T14:59:00,2011-01-28T15:00:00,Requester,Release Purchase Order,Miu Hanwan
149,2011-01-30T02:56:00,2011-01-30T02:57:00,Purchasing Agent,Approve Purchase Order for payment,Magdalena Predutta
149,2011-01-31T16:29:00,2011-01-31T16:29:00,Supplier,Send invoice,Kiu Kan
1499,2011-04-08T06:17:00,2011-04-08T06:38:00,Requester,Create Purchase Requisition,Tesca Lobes
1499,2011-04-08T09:31:00,2011-04-08T09:41:00,Requester,Create Request for Quotation Requester,Esmana Liubiata
1499,2011-10-08T22:42:00,2011-10-08T23:12:00,Purchasing Agent,Analyze Request for Quotation,Magdalena Predutta
150,2011-01-02T07:05:00,2011-01-02T07:05:00,Financial Manager,Authorize Supplier's Invoice payment,Karalda Nimwada
150,2011-01-02T07:27:00,2011-01-02T07:40:00,Financial Manager,Pay invoice,Pedro Alvares
150,2011-01-19T14:05:00,2011-01-19T14:22:00,Requester,Create Purchase Requisition,Nico Ojenbeer
150,2011-01-19T23:49:00,2011-01-19T23:55:00,Requester Manager,Analyze Purchase Requisition,Maris Freeman
150,2011-01-19T23:59:00,2011-01-20T00:01:00,Requester Manager,Create Request for Quotation Requester Manager,Maris Freeman
150,2011-01-23T06:45:00,2011-01-23T06:57:00,Purchasing Agent,Analyze Request for Quotation,Francois de Perrier
150,2011-01-23T19:07:00,2011-01-23T19:36:00,Purchasing Agent,Send Request for Quotation to Supplier,Francois de Perrier
150,2011-01-23T21:40:00,2011-01-24T02:22:00,Purchasing Agent,Create Quotation comparison Map,Magdalena Predutta
150,2011-01-24T08:54:00,2011-01-24T09:19:00,Requester,Analyze Quotation comparison Map,Fjodor Kowalski
150,2011-01-24T09:19:00,2011-01-24T09:19:00,Requester,Choose best option,Elvira Lores
150,2011-01-24T17:47:00,2011-01-24T23:58:00,Purchasing Agent,Settle conditions with supplier,Karel de Groot
150,2011-01-25T11:02:00,2011-01-25T11:13:00,Purchasing Agent,Create Purchase Order,Magdalena Predutta
150,2011-01-27T06:45:00,2011-01-27T06:55:00,Supplier,Confirm Purchase Order,Carmen Finacse
150,2011-01-27T20:49:00,2011-01-29T06:44:00,Supplier,Deliver Goods Services,Carmen Finacse
150,2011-01-29T14:22:00,2011-01-29T14:23:00,Requester,Release Purchase Order,Penn Osterwalder
150,2011-01-29T23:20:00,2011-01-29T23:21:00,Purchasing Agent,Approve Purchase Order for payment,Magdalena Predutta
150,2011-01-31T16:42:00,2011-01-31T16:42:00,Supplier,Send invoice,Kiu Kan
1500,2011-04-08T08:23:00,2011-04-08T09:04:00,Requester,Create Purchase Requisition,Penn Osterwalder
1500,2011-05-08T02:50:00,2011-05-08T02:59:00,Requester Manager,Analyze Purchase Requisition,Francis Odell
1500,2011-05-08T03:02:00,2011-05-08T03:04:00,Requester Manager,Create Request for Quotation Requester Manager,Heinz Gutschmidt
1500,2011-11-08T07:22:00,2011-11-08T07:44:00,Purchasing Agent,Analyze Request for Quotation,Karel de Groot
151,2011-01-19T15:32:00,2011-01-19T16:21:00,Requester,Create Purchase Requisition,Anne Olwada
151,2011-01-20T12:14:00,2011-01-20T12:21:00,Requester Manager,Analyze Purchase Requisition,Maris Freeman
1511,2011-06-08T11:45:00,2011-06-08T12:14:00,Requester,Create Purchase Requisition,Anne Olwada
1511,2011-07-08T04:09:00,2011-07-08T04:15:00,Requester Manager,Analyze Purchase Requisition,Heinz Gutschmidt
1511,2011-07-08T04:23:00,2011-07-08T04:24:00,Requester Manager,Create Request for Quotation Requester Manager,Maris Freeman
1511,2011-08-14T14:59:00,2011-08-14T15:27:00,Purchasing Agent,Analyze Request for Quotation,Magdalena Predutta
152,2011-01-02T06:07:00,2011-01-02T06:07:00,Supplier,Deliver Goods Services,Carmen Finacse
152,2011-01-02T13:08:00,2011-01-02T13:09:00,Requester,Release Purchase Order,Kim Passa
152,2011-01-02T19:37:00,2011-01-02T19:38:00,Purchasing Agent,Approve Purchase Order for payment,Magdalena Predutta
152,2011-01-19T23:20:00,2011-01-19T23:29:00,Requester,Create Purchase Requisition,Clement Duchot
152,2011-01-20T22:11:00,2011-01-20T22:18:00,Requester Manager,Analyze Purchase Requisition,Francis Odell
152,2011-01-20T22:23:00,2011-01-20T22:24:00,Requester Manager,Create Request for Quotation Requester Manager,Heinz Gutschmidt
152,2011-01-23T05:28:00,2011-01-23T05:49:00,Purchasing Agent,Analyze Request for Quotation,Magdalena Predutta
152,2011-01-23T06:38:00,2011-01-23T06:45:00,Requester Manager,Amend Request for Quotation Requester,Kim Passa
152,2011-01-25T03:16:00,2011-01-25T03:42:00,Purchasing Agent,Analyze Request for Quotation,Magdalena Predutta
152,2011-01-25T04:21:00,2011-01-25T04:28:00,Requester Manager,Amend Request for Quotation Requester,Miu Hanwan
152,2011-01-25T15:57:00,2011-01-25T16:15:00,Purchasing Agent,Analyze Request for Quotation,Karel de Groot
152,2011-01-25T17:03:00,2011-01-25T17:15:00,Requester Manager,Amend Request for Quotation Requester,Elvira Lores
152,2011-01-26T03:42:00,2011-01-26T04:07:00,Purchasing Agent,Analyze Request for Quotation,Magdalena Predutta
152,2011-01-28T14:10:00,2011-01-28T14:22:00,Purchasing Agent,Send Request for Quotation to Supplier,Karel de Groot
152,2011-01-28T18:18:00,2011-01-28T20:17:00,Purchasing Agent,Create Quotation comparison Map,Magdalena Predutta
152,2011-01-29T02:37:00,2011-01-29T03:07:00,Requester,Analyze Quotation comparison Map,Tesca Lobes
152,2011-01-29T03:07:00,2011-01-29T03:07:00,Requester,Choose best option,Nico Ojenbeer
152,2011-01-29T23:58:00,2011-01-30T07:45:00,Purchasing Agent,Settle conditions with supplier,Karel de Groot
152,2011-01-30T08:42:00,2011-01-30T08:52:00,Purchasing Agent,Create Purchase Order,Karel de Groot
152,2011-01-31T02:13:00,2011-01-31T02:32:00,Supplier,Confirm Purchase Order,Kiu Kan
152,2011-01-31T12:02:00,2011-01-31T12:02:00,Supplier,Deliver Goods Services,Carmen Finacse
152,2011-02-02T18:12:00,2011-02-02T18:12:00,Supplier,Send invoice,Esmeralda Clay
152,2011-03-02T08:27:00,2011-03-02T08:31:00,Financial Manager,Release Supplier's Invoice,Pedro Alvares
152,2011-03-02T08:31:00,2011-03-02T08:31:00,Financial Manager,Authorize Supplier's Invoice payment,Pedro Alvares
152,2011-03-02T09:15:00,2011-03-02T09:29:00,Financial Manager,Pay invoice,Karalda Nimwada
153,2011-01-02T07:35:00,2011-01-02T07:41:00,Financial Manager,Release Supplier's Invoice,Karalda Nimwada
153,2011-01-02T07:41:00,2011-01-02T07:41:00,Financial Manager,Authorize Supplier's Invoice payment,Karalda Nimwada
153,2011-01-02T07:50:00,2011-01-02T07:56:00,Financial Manager,Pay invoice,Karalda Nimwada
153,2011-01-20T07:25:00,2011-01-20T07:34:00,Requester,Create Purchase Requisition,Nico Ojenbeer
153,2011-01-21T01:59:00,2011-01-21T02:07:00,Requester Manager,Analyze Purchase Requisition,Heinz Gutschmidt
153,2011-01-21T02:12:00,2011-01-21T02:13:00,Requester Manager,Create Request for Quotation Requester Manager,Maris Freeman
153,2011-01-22T16:23:00,2011-01-22T16:55:00,Purchasing Agent,Analyze Request for Quotation,Magdalena Predutta
153,2011-01-22T17:37:00,2011-01-22T17:46:00,Requester Manager,Amend Request for Quotation Requester,Miu Hanwan
153,2011-01-23T05:36:00,2011-01-23T06:05:00,Purchasing Agent,Analyze Request for Quotation,Karel de Groot
153,2011-01-23T18:25:00,2011-01-23T18:41:00,Purchasing Agent,Send Request for Quotation to Supplier,Francois de Perrier
153,2011-01-23T19:53:00,2011-01-23T21:13:00,Purchasing Agent,Create Quotation comparison Map,Karel de Groot
153,2011-01-24T03:31:00,2011-01-24T03:48:00,Requester,Analyze Quotation comparison Map,Alberto Duport
153,2011-01-24T03:48:00,2011-01-24T03:48:00,Requester,Choose best option,Alberto Duport
153,2011-01-25T01:13:00,2011-01-25T05:30:00,Purchasing Agent,Settle conditions with supplier,Karel de Groot
153,2011-01-25T14:46:00,2011-01-25T14:54:00,Purchasing Agent,Create Purchase Order,Karel de Groot
153,2011-01-27T03:51:00,2011-01-27T04:02:00,Supplier,Confirm Purchase Order,Esmeralda Clay
153,2011-01-28T12:59:00,2011-01-29T05:26:00,Supplier,Deliver Goods Services,Esmeralda Clay
153,2011-01-29T12:54:00,2011-01-29T12:55:00,Requester,Release Purchase Order,Christian Francois
153,2011-01-30T08:15:00,2011-01-30T08:16:00,Purchasing Agent,Approve Purchase Order for payment,Karel de Groot
153,2011-01-31T17:25:00,2011-01-31T17:25:00,Supplier,Send invoice,Kiu Kan
154,2011-01-02T02:18:00,2011-01-02T02:19:00,Requester,Release Purchase Order,Alberto Duport
154,2011-01-02T10:13:00,2011-01-02T10:14:00,Purchasing Agent,Approve Purchase Order for payment,Karel de Groot
154,2011-01-20T09:40:00,2011-01-20T10:06:00,Requester,Create Purchase Requisition,Miu Hanwan
154,2011-01-20T17:36:00,2011-01-20T17:46:00,Requester,Create Request for Quotation Requester,Tesca Lobes
154,2011-01-23T00:44:00,2011-01-23T01:20:00,Purchasing Agent,Analyze Request for Quotation,Francois de Perrier
154,2011-01-23T17:12:00,2011-01-23T17:25:00,Requester Manager,Amend Request for Quotation Requester Manager,Maris Freeman
154,2011-01-24T03:36:00,2011-01-24T03:47:00,Purchasing Agent,Analyze Request for Quotation,Magdalena Predutta
154,2011-01-25T11:13:00,2011-01-25T11:43:00,Purchasing Agent,Send Request for Quotation to Supplier,Magdalena Predutta
154,2011-01-25T12:09:00,2011-01-25T14:33:00,Purchasing Agent,Create Quotation comparison Map,Magdalena Predutta
154,2011-01-25T21:01:00,2011-01-25T21:34:00,Requester,Analyze Quotation comparison Map,Esmana Liubiata
154,2011-01-25T21:34:00,2011-01-25T21:34:00,Requester,Choose best option,Tesca Lobes
154,2011-01-26T00:14:00,2011-01-26T12:26:00,Purchasing Agent,Settle conditions with supplier,Francois de Perrier
154,2011-01-26T22:19:00,2011-01-26T22:30:00,Purchasing Agent,Create Purchase Order,Magdalena Predutta
154,2011-01-28T05:21:00,2011-01-28T05:46:00,Supplier,Confirm Purchase Order,Esmeralda Clay
154,2011-01-30T21:20:00,2011-01-31T19:06:00,Supplier,Deliver Goods Services,Karen Clarens
154,2011-02-02T12:20:00,2011-02-02T12:20:00,Supplier,Send invoice,Esmeralda Clay
154,2011-03-02T02:36:00,2011-03-02T02:39:00,Financial Manager,Release Supplier's Invoice,Pedro Alvares
154,2011-03-02T02:39:00,2011-03-02T02:39:00,Financial Manager,Authorize Supplier's Invoice payment,Pedro Alvares
154,2011-03-02T03:25:00,2011-03-02T03:38:00,Financial Manager,Pay invoice,Karalda Nimwada
1547,2011-08-14T11:43:00,2011-08-14T12:10:00,Purchasing Agent,Analyze Request for Quotation,Francois de Perrier
1547,2011-08-14T14:13:00,2011-08-14T14:39:00,Purchasing Agent,Send Request for Quotation to Supplier,Karel de Groot
1547,2011-08-14T15:27:00,2011-08-14T20:53:00,Purchasing Agent,Create Quotation comparison Map,Magdalena Predutta
1547,2011-08-15T03:20:00,2011-08-15T03:32:00,Requester,Analyze Quotation comparison Map,Nico Ojenbeer
1547,2011-08-15T03:32:00,2011-08-15T03:32:00,Requester,Choose best option,Anna Kaufmann
1547,2011-08-15T21:26:00,2011-08-16T11:18:00,Purchasing Agent,Settle conditions with supplier,Karel de Groot
1547,2011-08-16T12:44:00,2011-08-16T12:50:00,Purchasing Agent,Create Purchase Order,Francois de Perrier
1547,2011-08-18T01:03:00,2011-08-18T01:21:00,Supplier,Confirm Purchase Order,Karen Clarens
1547,2011-08-19T16:25:00,2011-08-21T16:21:00,Supplier,Deliver Goods Services,Sean Manney
1547,2011-08-21T23:31:00,2011-08-21T23:32:00,Requester,Release Purchase Order,Immanuel Karagianni
1547,2011-08-22T05:29:00,2011-08-22T05:30:00,Purchasing Agent,Approve Purchase Order for payment,Karel de Groot
1547,2011-08-23T14:05:00,2011-08-23T14:05:00,Supplier,Send invoice,Carmen Finacse
1547,2011-08-24T04:16:00,2011-08-24T04:20:00,Financial Manager,Release Supplier's Invoice,Pedro Alvares
1547,2011-08-24T04:59:00,2011-08-24T05:33:00,Financial Manager,Settle dispute with supplier Financial Manager,Pedro Alvares
1547,2011-08-24T05:33:00,2011-08-24T05:33:00,Financial Manager,Authorize Supplier's Invoice payment,Pedro Alvares
1547,2011-08-24T06:25:00,2011-08-24T06:31:00,Financial Manager,Pay invoice,Karalda Nimwada
1547,2011-11-08T07:08:00,2011-11-08T07:39:00,Requester,Create Purchase Requisition,Esmana Liubiata
1547,2011-11-08T09:25:00,2011-11-08T09:35:00,Requester,Create Request for Quotation Requester,Esmana Liubiata
155,2011-01-02T09:32:00,2011-01-02T09:32:00,Purchasing Agent,Settle dispute with supplier Purchasing Agent,Karel de Groot
155,2011-01-02T16:53:00,2011-01-02T16:54:00,Requester,Release Purchase Order,Immanuel Karagianni
155,2011-01-02T23:16:00,2011-01-02T23:17:00,Purchasing Agent,Approve Purchase Order for payment,Magdalena Predutta
155,2011-01-20T20:08:00,2011-01-20T20:48:00,Requester,Create Purchase Requisition,Anna Kaufmann
155,2011-01-21T01:55:00,2011-01-21T02:01:00,Requester,Create Request for Quotation Requester,Elvira Lores
155,2011-01-23T05:49:00,2011-01-23T06:19:00,Purchasing Agent,Analyze Request for Quotation,Magdalena Predutta
155,2011-01-23T06:55:00,2011-01-23T07:02:00,Requester Manager,Amend Request for Quotation Requester,Immanuel Karagianni
155,2011-01-23T19:26:00,2011-01-23T19:53:00,Purchasing Agent,Analyze Request for Quotation,Karel de Groot
155,2011-01-23T20:48:00,2011-01-23T20:58:00,Requester Manager,Amend Request for Quotation Requester,Christian Francois
155,2011-01-24T23:58:00,2011-01-25T00:14:00,Purchasing Agent,Analyze Request for Quotation,Karel de Groot
155,2011-01-25T16:55:00,2011-01-25T17:20:00,Purchasing Agent,Send Request for Quotation to Supplier,Karel de Groot
155,2011-01-25T17:41:00,2011-01-25T19:42:00,Purchasing Agent,Create Quotation comparison Map,Karel de Groot
155,2011-01-26T01:30:00,2011-01-26T01:45:00,Requester,Analyze Quotation comparison Map,Elvira Lores
155,2011-01-26T01:45:00,2011-01-26T01:45:00,Requester,Choose best option,Miu Hanwan
155,2011-01-26T05:47:00,2011-01-26T15:49:00,Purchasing Agent,Settle conditions with supplier,Karel de Groot
155,2011-01-26T22:30:00,2011-01-26T22:42:00,Purchasing Agent,Create Purchase Order,Magdalena Predutta
155,2011-01-28T05:54:00,2011-01-28T06:27:00,Supplier,Confirm Purchase Order,Sean Manney
155,2011-01-29T20:07:00,2011-01-31T11:51:00,Supplier,Deliver Goods Services,Carmen Finacse
155,2011-01-31T19:14:00,2011-01-31T19:15:00,Requester,Release Purchase Order,Esmana Liubiata
155,2011-01-31T23:57:00,2011-01-31T23:57:00,Purchasing Agent,Settle dispute with supplier Purchasing Agent,Karel de Groot
155,2011-02-02T18:12:00,2011-02-02T18:12:00,Supplier,Send invoice,Esmeralda Clay
155,2011-03-02T08:30:00,2011-03-02T08:32:00,Financial Manager,Release Supplier's Invoice,Karalda Nimwada
155,2011-03-02T08:32:00,2011-03-02T08:32:00,Financial Manager,Authorize Supplier's Invoice payment,Karalda Nimwada
155,2011-03-02T09:27:00,2011-03-02T09:40:00,Financial Manager,Pay invoice,Pedro Alvares
156,2011-01-21T07:49:00,2011-01-21T08:18:00,Requester,Create Purchase Requisition,Penn Osterwalder
156,2011-01-22T08:04:00,2011-01-22T08:13:00,Requester Manager,Analyze Purchase Requisition,Francis Odell
156,2011-01-22T08:17:00,2011-01-22T08:20:00,Requester Manager,Create Request for Quotation Requester Manager,Maris Freeman
156,2011-01-23T05:32:00,2011-01-23T05:59:00,Purchasing Agent,Analyze Request for Quotation,Francois de Perrier
156,2011-01-23T06:46:00,2011-01-23T06:54:00,Requester Manager,Amend Request for Quotation Requester,Penn Osterwalder
156,2011-01-25T00:26:00,2011-01-25T01:02:00,Purchasing Agent,Analyze Request for Quotation,Karel de Groot
156,2011-01-25T01:43:00,2011-01-25T01:57:00,Requester Manager,Amend Request for Quotation Requester,Alberto Duport
156,2011-01-25T20:07:00,2011-01-25T20:34:00,Purchasing Agent,Analyze Request for Quotation,Karel de Groot
158,2011-01-02T06:07:00,2011-01-02T06:07:00,Supplier,Send invoice,Carmen Finacse
158,2011-01-02T20:26:00,2011-01-02T20:31:00,Financial Manager,Release Supplier's Invoice,Karalda Nimwada
158,2011-01-02T20:31:00,2011-01-02T20:31:00,Financial Manager,Authorize Supplier's Invoice payment,Pedro Alvares
158,2011-01-02T20:49:00,2011-01-02T20:59:00,Financial Manager,Pay invoice,Pedro Alvares
158,2011-01-21T11:26:00,2011-01-21T12:01:00,Requester,Create Purchase Requisition,Christian Francois
158,2011-01-21T20:06:00,2011-01-21T20:14:00,Requester,Create Request for Quotation Requester,Esmana Liubiata
158,2011-01-24T02:22:00,2011-01-24T02:37:00,Purchasing Agent,Analyze Request for Quotation,Magdalena Predutta
158,2011-01-25T13:55:00,2011-01-25T14:19:00,Purchasing Agent,Send Request for Quotation to Supplier,Karel de Groot
158,2011-01-25T14:34:00,2011-01-25T18:57:00,Purchasing Agent,Create Quotation comparison Map,Magdalena Predutta
158,2011-01-26T01:04:00,2011-01-26T01:22:00,Requester,Analyze Quotation comparison Map,Fjodor Kowalski
158,2011-01-26T01:22:00,2011-01-26T01:22:00,Requester,Choose best option,Penn Osterwalder
158,2011-01-26T04:07:00,2011-01-26T16:24:00,Purchasing Agent,Settle conditions with supplier,Magdalena Predutta
158,2011-01-27T05:44:00,2011-01-27T05:53:00,Purchasing Agent,Create Purchase Order,Magdalena Predutta
158,2011-01-28T06:19:00,2011-01-28T06:29:00,Supplier,Confirm Purchase Order,Esmeralda Clay
158,2011-01-29T21:09:00,2011-01-31T07:44:00,Supplier,Deliver Goods Services,Sean Manney
158,2011-01-31T15:37:00,2011-01-31T15:38:00,Requester,Release Purchase Order,Miu Hanwan
158,2011-01-31T23:19:00,2011-01-31T23:20:00,Purchasing Agent,Approve Purchase Order for payment,Karel de Groot
1584,2011-02-09T09:29:00,2011-02-09T09:29:00,Supplier,Send invoice,Esmeralda Clay
1584,2011-02-09T23:50:00,2011-02-09T23:55:00,Financial Manager,Release Supplier's Invoice,Karalda Nimwada
1584,2011-02-09T23:55:00,2011-02-09T23:55:00,Financial Manager,Authorize Supplier's Invoice payment,Karalda Nimwada
1584,2011-03-09T00:43:00,2011-03-09T00:54:00,Financial Manager,Pay invoice,Pedro Alvares
1584,2011-08-16T23:28:00,2011-08-17T00:02:00,Requester,Create Purchase Requisition,Christian Francois
1584,2011-08-17T23:59:00,2011-08-18T00:04:00,Requester Manager,Analyze Purchase Requisition,Francis Odell
1584,2011-08-18T00:10:00,2011-08-18T00:12:00,Requester Manager,Create Request for Quotation Requester Manager,Maris Freeman
1584,2011-08-24T01:42:00,2011-08-24T01:55:00,Purchasing Agent,Analyze Request for Quotation,Francois de Perrier
1584,2011-08-24T05:21:00,2011-08-24T05:46:00,Purchasing Agent,Send Request for Quotation to Supplier,Francois de Perrier
1584,2011-08-24T06:21:00,2011-08-24T07:14:00,Purchasing Agent,Create Quotation comparison Map,Magdalena Predutta
1584,2011-08-24T13:52:00,2011-08-24T14:15:00,Requester,Analyze Quotation comparison Map,Alberto Duport
1584,2011-08-24T14:15:00,2011-08-24T14:15:00,Requester,Choose best option,Esmana Liubiata
1584,2011-08-24T19:12:00,2011-08-25T07:36:00,Purchasing Agent,Settle conditions with supplier,Magdalena Predutta
1584,2011-08-25T17:14:00,2011-08-25T17:21:00,Purchasing Agent,Create Purchase Order,Francois de Perrier
1584,2011-08-27T17:25:00,2011-08-27T17:33:00,Supplier,Confirm Purchase Order,Esmeralda Clay
1584,2011-08-28T12:55:00,2011-08-29T10:14:00,Supplier,Deliver Goods Services,Carmen Finacse
1584,2011-08-29T17:53:00,2011-08-29T17:54:00,Requester,Release Purchase Order,Nico Ojenbeer
1584,2011-08-29T23:58:00,2011-08-29T23:59:00,Purchasing Agent,Approve Purchase Order for payment,Francois de Perrier
1592,2011-01-09T04:07:00,2011-01-09T04:07:00,Supplier,Send invoice,Kiu Kan
1592,2011-01-09T18:19:00,2011-01-09T18:23:00,Financial Manager,Release Supplier's Invoice,Karalda Nimwada
1592,2011-01-09T18:23:00,2011-01-09T18:23:00,Financial Manager,Authorize Supplier's Invoice payment,Pedro Alvares
1592,2011-01-09T18:27:00,2011-01-09T18:40:00,Financial Manager,Pay invoice,Pedro Alvares
1592,2011-08-18T11:23:00,2011-08-18T12:06:00,Requester,Create Purchase Requisition,Christian Francois
1592,2011-08-19T03:29:00,2011-08-19T03:34:00,Requester Manager,Analyze Purchase Requisition,Heinz Gutschmidt
1592,2011-08-19T03:41:00,2011-08-19T03:42:00,Requester Manager,Create Request for Quotation Requester Manager,Maris Freeman
1592,2011-08-20T08:21:00,2011-08-20T08:36:00,Purchasing Agent,Analyze Request for Quotation,Karel de Groot
1592,2011-08-20T20:39:00,2011-08-20T20:59:00,Purchasing Agent,Send Request for Quotation to Supplier,Francois de Perrier
1592,2011-08-21T16:55:00,2011-08-21T22:35:00,Purchasing Agent,Create Quotation comparison Map,Karel de Groot
1592,2011-08-22T05:06:00,2011-08-22T05:14:00,Requester,Analyze Quotation comparison Map,Christian Francois
1592,2011-08-22T05:14:00,2011-08-22T05:14:00,Requester,Choose best option,Fjodor Kowalski
1592,2011-08-22T21:15:00,2011-08-23T05:22:00,Purchasing Agent,Settle conditions with supplier,Magdalena Predutta
1592,2011-08-23T15:18:00,2011-08-23T15:26:00,Purchasing Agent,Create Purchase Order,Francois de Perrier
1592,2011-08-24T00:41:00,2011-08-24T01:08:00,Supplier,Confirm Purchase Order,Karen Clarens
1592,2011-08-25T11:51:00,2011-08-26T03:35:00,Supplier,Deliver Goods Services,Esmeralda Clay
1592,2011-08-26T11:07:00,2011-08-26T11:08:00,Requester,Release Purchase Order,Fjodor Kowalski
1592,2011-08-26T20:21:00,2011-08-26T20:22:00,Purchasing Agent,Approve Purchase Order for payment,Karel de Groot
160,2011-01-21T15:29:00,2011-01-21T15:59:00,Requester,Create Purchase Requisition,Anna Kaufmann
160,2011-01-22T02:27:00,2011-01-22T02:32:00,Requester Manager,Analyze Purchase Requisition,Francis Odell
160,2011-01-22T02:39:00,2011-01-22T02:42:00,Requester Manager,Create Request for Quotation Requester Manager,Francis Odell
160,2011-01-24T02:37:00,2011-01-24T03:11:00,Purchasing Agent,Analyze Request for Quotation,Magdalena Predutta
1613,2011-01-09T13:49:00,2011-01-09T14:04:00,Purchasing Agent,Analyze Request for Quotation,Magdalena Predutta
1613,2011-01-09T14:49:00,2011-01-09T15:02:00,Requester Manager,Amend Request for Quotation Requester,Fjodor Kowalski
1613,2011-03-09T21:21:00,2011-03-09T21:50:00,Purchasing Agent,Analyze Request for Quotation,Magdalena Predutta
1613,2011-08-22T06:12:00,2011-08-22T06:35:00,Requester,Create Purchase Requisition,Anna Kaufmann
1613,2011-08-23T02:13:00,2011-08-23T02:19:00,Requester Manager,Analyze Purchase Requisition,Francis Odell
1613,2011-08-23T02:26:00,2011-08-23T02:28:00,Requester Manager,Create Request for Quotation Requester Manager,Francis Odell
162,2011-01-02T09:26:00,2011-01-02T09:31:00,Financial Manager,Release Supplier's Invoice,Pedro Alvares
162,2011-01-02T09:31:00,2011-01-02T09:31:00,Financial Manager,Authorize Supplier's Invoice payment,Karalda Nimwada
162,2011-01-02T10:21:00,2011-01-02T10:35:00,Financial Manager,Pay invoice,Karalda Nimwada
162,2011-01-21T22:18:00,2011-01-21T22:24:00,Requester,Create Purchase Requisition,Elvira Lores
162,2011-01-22T19:25:00,2011-01-22T19:31:00,Requester Manager,Analyze Purchase Requisition,Heinz Gutschmidt
162,2011-01-22T19:38:00,2011-01-22T19:40:00,Requester Manager,Create Request for Quotation Requester Manager,Francis Odell
162,2011-01-23T02:07:00,2011-01-23T02:26:00,Purchasing Agent,Analyze Request for Quotation,Francois de Perrier
162,2011-01-24T01:44:00,2011-01-24T02:05:00,Purchasing Agent,Send Request for Quotation to Supplier,Karel de Groot
162,2011-01-24T07:48:00,2011-01-24T10:51:00,Purchasing Agent,Create Quotation comparison Map,Karel de Groot
162,2011-01-24T17:18:00,2011-01-24T17:30:00,Requester,Analyze Quotation comparison Map,Esmana Liubiata
162,2011-01-24T17:30:00,2011-01-24T17:30:00,Requester,Choose best option,Miu Hanwan
162,2011-01-25T03:42:00,2011-01-25T11:02:00,Purchasing Agent,Settle conditions with supplier,Magdalena Predutta
162,2011-01-25T15:02:00,2011-01-25T15:09:00,Purchasing Agent,Create Purchase Order,Karel de Groot
162,2011-01-27T02:53:00,2011-01-27T03:22:00,Supplier,Confirm Purchase Order,Esmeralda Clay
162,2011-01-29T05:26:00,2011-01-30T23:41:00,Supplier,Deliver Goods Services,Esmeralda Clay
162,2011-01-31T07:31:00,2011-01-31T07:32:00,Requester,Release Purchase Order,Immanuel Karagianni
162,2011-01-31T11:46:00,2011-01-31T11:47:00,Purchasing Agent,Approve Purchase Order for payment,Francois de Perrier
162,2011-01-31T19:06:00,2011-01-31T19:06:00,Supplier,Send invoice,Kiu Kan
1682,2011-03-09T23:40:00,2011-04-09T01:00:00,Purchasing Agent,Analyze Request for Quotation,Karel de Groot
1682,2011-05-09T03:21:00,2011-05-09T03:43:00,Purchasing Agent,Send Request for Quotation to Supplier,Karel de Groot
1682,2011-05-09T04:12:00,2011-05-09T08:36:00,Purchasing Agent,Create Quotation comparison Map,Karel de Groot
1682,2011-05-09T15:31:00,2011-05-09T15:40:00,Requester,Analyze Quotation comparison Map,Esmana Liubiata
1682,2011-05-09T15:40:00,2011-05-09T15:40:00,Requester,Choose best option,Esmana Liubiata
1682,2011-05-10T00:10:00,2011-06-09T08:41:00,Purchasing Agent,Settle conditions with supplier,Francois de Perrier
1682,2011-06-09T23:10:00,2011-06-09T23:22:00,Purchasing Agent,Create Purchase Order,Francois de Perrier
1682,2011-07-09T04:43:00,2011-07-09T05:11:00,Supplier,Confirm Purchase Order,Esmeralda Clay
1682,2011-08-30T11:34:00,2011-08-30T11:41:00,Requester,Create Purchase Requisition,Penn Osterwalder
1682,2011-08-30T16:34:00,2011-08-30T16:43:00,Requester,Create Request for Quotation Requester,Fjodor Kowalski
1682,2011-10-09T05:29:00,2011-10-09T10:34:00,Supplier,Deliver Goods Services,Carmen Finacse
1682,2011-10-09T17:54:00,2011-10-09T17:55:00,Requester,Release Purchase Order,Kim Passa
1682,2011-10-09T21:47:00,2011-10-09T21:48:00,Purchasing Agent,Approve Purchase Order for payment,Francois de Perrier
1682,2011-11-09T18:08:00,2011-11-09T18:08:00,Supplier,Send invoice,Karen Clarens
1682,2011-12-09T08:33:00,2011-12-09T08:35:00,Financial Manager,Release Supplier's Invoice,Karalda Nimwada
1682,2011-12-09T09:02:00,2011-12-09T09:33:00,Financial Manager,Settle dispute with supplier Financial Manager,Pedro Alvares
1682,2011-12-09T09:33:00,2011-12-09T09:33:00,Financial Manager,Authorize Supplier's Invoice payment,Karalda Nimwada
1682,2011-12-09T10:34:00,2011-12-09T10:41:00,Financial Manager,Pay invoice,Pedro Alvares
169,2011-01-02T01:37:00,2011-01-02T06:05:00,Purchasing Agent,Settle conditions with supplier,Francois de Perrier
169,2011-01-02T11:50:00,2011-01-02T11:58:00,Purchasing Agent,Create Purchase Order,Francois de Perrier
169,2011-01-22T14:00:00,2011-01-22T14:55:00,Requester,Create Purchase Requisition,Nico Ojenbeer
169,2011-01-22T15:33:00,2011-01-22T15:45:00,Requester,Create Request for Quotation Requester,Miu Hanwan
169,2011-01-31T03:00:00,2011-01-31T03:22:00,Purchasing Agent,Analyze Request for Quotation,Magdalena Predutta
169,2011-01-31T12:42:00,2011-01-31T13:07:00,Purchasing Agent,Send Request for Quotation to Supplier,Magdalena Predutta
169,2011-01-31T13:21:00,2011-01-31T14:59:00,Purchasing Agent,Create Quotation comparison Map,Karel de Groot
169,2011-01-31T22:03:00,2011-01-31T22:14:00,Requester,Analyze Quotation comparison Map,Kim Passa
169,2011-01-31T22:14:00,2011-01-31T22:14:00,Requester,Choose best option,Tesca Lobes
169,2011-02-02T00:41:00,2011-02-02T00:56:00,Supplier,Confirm Purchase Order,Sean Manney
169,2011-03-02T06:44:00,2011-03-02T11:01:00,Supplier,Deliver Goods Services,Kiu Kan
169,2011-03-02T18:53:00,2011-03-02T18:54:00,Requester,Release Purchase Order,Penn Osterwalder
169,2011-05-02T09:39:00,2011-05-02T09:40:00,Purchasing Agent,Approve Purchase Order for payment,Magdalena Predutta
169,2011-05-03T00:24:00,2011-05-03T00:24:00,Supplier,Send invoice,Karen Clarens
169,2011-06-02T14:48:00,2011-06-02T14:50:00,Financial Manager,Release Supplier's Invoice,Pedro Alvares
169,2011-06-02T14:50:00,2011-06-02T14:50:00,Financial Manager,Authorize Supplier's Invoice payment,Pedro Alvares
169,2011-06-02T15:51:00,2011-06-02T16:01:00,Financial Manager,Pay invoice,Pedro Alvares
17,2011-02-01T18:32:00,2011-02-01T19:17:00,Requester,Create Purchase Requisition,Anne Olwada
17,2011-03-01T03:02:00,2011-03-01T03:12:00,Requester,Create Request for Quotation Requester,Alberto Duport
17,2011-03-01T12:41:00,2011-03-01T13:02:00,Purchasing Agent,Analyze Request for Quotation,Francois de Perrier
17,2011-03-01T13:53:00,2011-03-01T13:58:00,Requester Manager,Amend Request for Quotation Requester,Penn Osterwalder
17,2011-03-01T15:19:00,2011-03-01T15:28:00,Purchasing Agent,Analyze Request for Quotation,Karel de Groot
17,2011-03-01T16:13:00,2011-03-01T16:27:00,Requester Manager,Amend Request for Quotation Requester,Anne Olwada
17,2011-03-01T18:10:00,2011-03-01T18:24:00,Purchasing Agent,Analyze Request for Quotation,Karel de Groot
17,2011-03-01T19:17:00,2011-03-01T19:31:00,Requester Manager,Amend Request for Quotation Requester,Anna Kaufmann
17,2011-03-01T21:16:00,2011-03-01T21:36:00,Purchasing Agent,Analyze Request for Quotation,Francois de Perrier
170,2011-01-02T07:56:00,2011-01-02T07:56:00,Supplier,Deliver Goods Services,Esmeralda Clay
170,2011-01-02T15:35:00,2011-01-02T15:36:00,Requester,Release Purchase Order,Kim Passa
170,2011-01-02T23:15:00,2011-01-02T23:16:00,Purchasing Agent,Approve Purchase Order for payment,Magdalena Predutta
170,2011-01-22T21:35:00,2011-01-22T22:20:00,Requester,Create Purchase Requisition,Miu Hanwan
170,2011-01-23T14:11:00,2011-01-23T14:16:00,Requester Manager,Analyze Purchase Requisition,Francis Odell
170,2011-01-23T14:21:00,2011-01-23T14:23:00,Requester Manager,Create Request for Quotation Requester Manager,Heinz Gutschmidt
170,2011-01-25T22:48:00,2011-01-25T23:25:00,Purchasing Agent,Analyze Request for Quotation,Francois de Perrier
170,2011-01-26T01:45:00,2011-01-26T02:06:00,Purchasing Agent,Send Request for Quotation to Supplier,Karel de Groot
170,2011-01-26T02:25:00,2011-01-26T05:47:00,Purchasing Agent,Create Quotation comparison Map,Karel de Groot
170,2011-01-26T12:28:00,2011-01-26T13:00:00,Requester,Analyze Quotation comparison Map,Esmana Liubiata
170,2011-01-26T13:00:00,2011-01-26T13:00:00,Requester,Choose best option,Tesca Lobes
170,2011-01-26T19:26:00,2011-01-27T09:27:00,Purchasing Agent,Settle conditions with supplier,Karel de Groot
170,2011-01-27T21:40:00,2011-01-27T21:50:00,Purchasing Agent,Create Purchase Order,Karel de Groot
170,2011-01-28T06:12:00,2011-01-28T06:19:00,Supplier,Confirm Purchase Order,Esmeralda Clay
170,2011-01-30T23:41:00,2011-01-30T23:41:00,Supplier,Deliver Goods Services,Esmeralda Clay
170,2011-02-02T13:17:00,2011-02-02T13:17:00,Supplier,Send invoice,Sean Manney
170,2011-03-02T03:57:00,2011-03-02T03:57:00,Financial Manager,Authorize Supplier's Invoice payment,Karalda Nimwada
170,2011-03-02T04:49:00,2011-03-02T04:55:00,Financial Manager,Pay invoice,Pedro Alvares
171,2011-01-23T16:59:00,2011-01-23T17:11:00,Requester,Create Purchase Requisition,Anna Kaufmann
171,2011-01-24T11:30:00,2011-01-24T11:37:00,Requester Manager,Analyze Purchase Requisition,Maris Freeman
171,2011-01-24T11:42:00,2011-01-24T11:44:00,Requester Manager,Create Request for Quotation Requester Manager,Maris Freeman
171,2011-01-28T19:03:00,2011-01-28T19:28:00,Purchasing Agent,Analyze Request for Quotation,Karel de Groot
171,2011-01-29T16:58:00,2011-01-29T17:25:00,Purchasing Agent,Send Request for Quotation to Supplier,Francois de Perrier
171,2011-01-29T21:41:00,2011-01-29T23:58:00,Purchasing Agent,Create Quotation comparison Map,Karel de Groot
171,2011-01-30T06:43:00,2011-01-30T06:53:00,Requester,Analyze Quotation comparison Map,Anne Olwada
171,2011-01-30T06:53:00,2011-01-30T06:53:00,Requester,Choose best option,Kim Passa
171,2011-01-30T18:49:00,2011-01-31T07:46:00,Purchasing Agent,Settle conditions with supplier,Francois de Perrier
171,2011-01-31T08:34:00,2011-01-31T08:42:00,Purchasing Agent,Create Purchase Order,Magdalena Predutta
171,2011-01-31T18:33:00,2011-01-31T19:06:00,Supplier,Confirm Purchase Order,Kiu Kan
171,2011-02-02T13:17:00,2011-04-02T10:38:00,Supplier,Deliver Goods Services,Sean Manney
171,2011-04-02T18:15:00,2011-04-02T18:16:00,Requester,Release Purchase Order,Anne Olwada
171,2011-05-02T05:20:00,2011-05-02T05:21:00,Purchasing Agent,Approve Purchase Order for payment,Karel de Groot
171,2011-05-02T12:11:00,2011-05-02T12:11:00,Supplier,Send invoice,Kiu Kan
171,2011-06-02T02:30:00,2011-06-02T02:36:00,Financial Manager,Release Supplier's Invoice,Pedro Alvares
171,2011-06-02T02:36:00,2011-06-02T02:36:00,Financial Manager,Authorize Supplier's Invoice payment,Karalda Nimwada
171,2011-06-02T02:46:00,2011-06-02T02:57:00,Financial Manager,Pay invoice,Pedro Alvares
1722,2011-06-09T18:37:00,2011-06-09T19:22:00,Requester,Create Purchase Requisition,Clement Duchot
1722,2011-06-09T21:44:00,2011-06-09T21:55:00,Requester,Create Request for Quotation Requester,Penn Osterwalder
1722,2011-09-15T05:27:00,2011-09-15T05:55:00,Purchasing Agent,Analyze Request for Quotation,Francois de Perrier
1722,2011-11-09T13:55:00,2011-11-09T14:06:00,Purchasing Agent,Analyze Request for Quotation,Magdalena Predutta
1722,2011-11-09T14:47:00,2011-11-09T14:55:00,Requester Manager,Amend Request for Quotation Requester,Clement Duchot
1722,2011-11-09T19:37:00,2011-11-09T20:07:00,Purchasing Agent,Analyze Request for Quotation,Magdalena Predutta
1722,2011-11-09T20:56:00,2011-11-09T21:09:00,Requester Manager,Amend Request for Quotation Requester,Alberto Duport
1725,2011-07-09T06:50:00,2011-07-09T07:17:00,Requester,Create Purchase Requisition,Fjodor Kowalski
1725,2011-07-10T00:38:00,2011-07-10T00:43:00,Requester Manager,Analyze Purchase Requisition,Heinz Gutschmidt
1749,2011-09-24T12:29:00,2011-09-24T13:06:00,Purchasing Agent,Analyze Request for Quotation,Francois de Perrier
1749,2011-11-09T11:06:00,2011-11-09T11:32:00,Requester,Create Purchase Requisition,Nico Ojenbeer
1749,2011-12-09T11:55:00,2011-12-09T12:03:00,Requester Manager,Analyze Purchase Requisition,Heinz Gutschmidt
1749,2011-12-09T12:09:00,2011-12-09T12:11:00,Requester Manager,Create Request for Quotation Requester Manager,Francis Odell
175,2011-01-24T05:14:00,2011-01-24T05:50:00,Requester,Create Purchase Requisition,Elvira Lores
175,2011-01-25T00:26:00,2011-01-25T00:33:00,Requester Manager,Analyze Purchase Requisition,Heinz Gutschmidt
1770,2011-09-13T14:33:00,2011-09-13T15:25:00,Requester,Create Purchase Requisition,Kim Passa
1770,2011-09-14T11:13:00,2011-09-14T11:19:00,Requester Manager,Analyze Purchase Requisition,Heinz Gutschmidt
1770,2011-09-14T11:25:00,2011-09-14T11:27:00,Requester Manager,Create Request for Quotation Requester Manager,Maris Freeman
1770,2011-09-15T04:41:00,2011-09-15T04:52:00,Purchasing Agent,Analyze Request for Quotation,Karel de Groot
1770,2011-09-15T20:59:00,2011-09-15T21:16:00,Requester Manager,Amend Request for Quotation Requester Manager,Francis Odell
1770,2011-09-21T11:57:00,2011-09-21T12:09:00,Purchasing Agent,Analyze Request for Quotation,Francois de Perrier
1789,2011-09-17T14:43:00,2011-09-17T15:04:00,Requester,Create Purchase Requisition,Christian Francois
1789,2011-09-17T19:24:00,2011-09-17T19:34:00,Requester,Create Request for Quotation Requester,Elvira Lores
1789,2011-09-24T07:44:00,2011-09-24T07:52:00,Purchasing Agent,Analyze Request for Quotation,Magdalena Predutta
1796,2011-09-18T16:42:00,2011-09-18T17:15:00,Requester,Create Purchase Requisition,Clement Duchot
1796,2011-09-18T23:32:00,2011-09-18T23:40:00,Requester,Create Request for Quotation Requester,Kim Passa
1796,2011-09-19T17:45:00,2011-09-19T18:03:00,Purchasing Agent,Analyze Request for Quotation,Francois de Perrier
18,2011-02-01T18:36:00,2011-02-01T18:52:00,Requester,Create Purchase Requisition,Tesca Lobes
18,2011-03-01T19:45:00,2011-03-01T19:49:00,Requester Manager,Analyze Purchase Requisition,Heinz Gutschmidt
18,2011-03-01T19:54:00,2011-03-01T19:57:00,Requester Manager,Create Request for Quotation Requester Manager,Heinz Gutschmidt
18,2011-03-01T21:15:00,2011-03-01T21:36:00,Purchasing Agent,Analyze Request for Quotation,Karel de Groot
18,2011-04-01T09:30:00,2011-04-01T09:44:00,Purchasing Agent,Send Request for Quotation to Supplier,Karel de Groot
18,2011-04-01T13:46:00,2011-04-01T15:40:00,Purchasing Agent,Create Quotation comparison Map,Magdalena Predutta
18,2011-04-01T21:48:00,2011-04-01T21:57:00,Requester,Analyze Quotation comparison Map,Tesca Lobes
18,2011-04-01T21:57:00,2011-04-01T21:57:00,Requester,Choose best option,Anna Kaufmann
18,2011-05-01T17:36:00,2011-06-01T07:03:00,Purchasing Agent,Settle conditions with supplier,Karel de Groot
18,2011-06-01T13:40:00,2011-06-01T13:46:00,Purchasing Agent,Create Purchase Order,Francois de Perrier
18,2011-07-01T01:45:00,2011-07-01T02:19:00,Supplier,Confirm Purchase Order,Kiu Kan
18,2011-07-01T15:43:00,2011-08-01T16:31:00,Supplier,Deliver Goods Services,Karen Clarens
18,2011-08-01T23:51:00,2011-08-01T23:52:00,Requester,Release Purchase Order,Anne Olwada
18,2011-09-01T07:09:00,2011-09-01T07:10:00,Purchasing Agent,Approve Purchase Order for payment,Francois de Perrier
18,2011-09-01T15:46:00,2011-09-01T15:46:00,Supplier,Send invoice,Sean Manney
18,2011-10-01T06:08:00,2011-10-01T06:12:00,Financial Manager,Release Supplier's Invoice,Karalda Nimwada
18,2011-10-01T06:12:00,2011-10-01T06:12:00,Financial Manager,Authorize Supplier's Invoice payment,Karalda Nimwada
18,2011-10-01T06:29:00,2011-10-01T06:34:00,Financial Manager,Pay invoice,Karalda Nimwada
180,2011-01-24T16:16:00,2011-01-24T17:12:00,Requester,Create Purchase Requisition,Elvira Lores
180,2011-01-25T05:51:00,2011-01-25T05:55:00,Requester Manager,Analyze Purchase Requisition,Francis Odell
180,2011-01-25T06:01:00,2011-01-25T06:04:00,Requester Manager,Create Request for Quotation Requester Manager,Maris Freeman
180,2011-01-25T16:15:00,2011-01-25T16:37:00,Purchasing Agent,Analyze Request for Quotation,Karel de Groot
180,2011-01-26T03:24:00,2011-01-26T03:42:00,Purchasing Agent,Send Request for Quotation to Supplier,Magdalena Predutta
180,2011-01-26T16:09:00,2011-01-26T19:13:00,Purchasing Agent,Create Quotation comparison Map,Karel de Groot
180,2011-01-27T02:26:00,2011-01-27T02:40:00,Requester,Analyze Quotation comparison Map,Immanuel Karagianni
180,2011-01-27T02:40:00,2011-01-27T02:40:00,Requester,Choose best option,Immanuel Karagianni
180,2011-01-27T14:15:00,2011-01-27T21:40:00,Purchasing Agent,Settle conditions with supplier,Karel de Groot
180,2011-01-30T05:23:00,2011-01-30T05:34:00,Purchasing Agent,Create Purchase Order,Francois de Perrier
180,2011-01-31T17:47:00,2011-01-31T17:57:00,Supplier,Confirm Purchase Order,Kiu Kan
180,2011-02-02T18:12:00,2011-03-02T05:26:00,Supplier,Deliver Goods Services,Esmeralda Clay
180,2011-03-02T13:10:00,2011-03-02T13:11:00,Requester,Release Purchase Order,Nico Ojenbeer
180,2011-05-02T05:04:00,2011-05-02T05:05:00,Purchasing Agent,Approve Purchase Order for payment,Karel de Groot
180,2011-06-02T02:54:00,2011-06-02T02:54:00,Supplier,Send invoice,Karen Clarens
180,2011-06-02T17:03:00,2011-06-02T17:06:00,Financial Manager,Release Supplier's Invoice,Pedro Alvares
180,2011-06-02T18:00:00,2011-06-02T18:19:00,Financial Manager,Settle dispute with supplier Financial Manager,Pedro Alvares
180,2011-06-02T18:19:00,2011-06-02T18:19:00,Financial Manager,Authorize Supplier's Invoice payment,Pedro Alvares
180,2011-06-02T18:59:00,2011-06-02T19:07:00,Financial Manager,Pay invoice,Pedro Alvares
1817,2011-09-22T00:08:00,2011-09-22T00:17:00,Requester,Create Purchase Requisition,Tesca Lobes
1817,2011-09-22T21:47:00,2011-09-22T21:54:00,Requester Manager,Analyze Purchase Requisition,Maris Freeman
1817,2011-09-22T21:59:00,2011-09-22T22:02:00,Requester Manager,Create Request for Quotation Requester Manager,Maris Freeman
1817,2011-09-23T04:49:00,2011-09-23T05:05:00,Purchasing Agent,Analyze Request for Quotation,Magdalena Predutta
183,2011-01-02T11:13:00,2011-01-02T11:43:00,Purchasing Agent,Send Request for Quotation to Supplier,Magdalena Predutta
183,2011-01-02T15:07:00,2011-01-02T18:49:00,Purchasing Agent,Create Quotation comparison Map,Francois de Perrier
183,2011-01-24T19:27:00,2011-01-24T19:49:00,Requester,Create Purchase Requisition,Nico Ojenbeer
183,2011-01-25T05:26:00,2011-01-25T05:33:00,Requester Manager,Analyze Purchase Requisition,Francis Odell
183,2011-01-25T05:37:00,2011-01-25T05:40:00,Requester Manager,Create Request for Quotation Requester Manager,Heinz Gutschmidt
183,2011-01-26T02:56:00,2011-01-26T03:24:00,Purchasing Agent,Analyze Request for Quotation,Magdalena Predutta
183,2011-01-26T04:13:00,2011-01-26T04:25:00,Requester Manager,Amend Request for Quotation Requester,Immanuel Karagianni
183,2011-01-31T08:17:00,2011-01-31T08:43:00,Purchasing Agent,Analyze Request for Quotation,Francois de Perrier
183,2011-01-31T09:41:00,2011-01-31T09:52:00,Requester Manager,Amend Request for Quotation Requester,Immanuel Karagianni
183,2011-01-31T13:33:00,2011-01-31T14:03:00,Purchasing Agent,Analyze Request for Quotation,Magdalena Predutta
183,2011-02-02T00:52:00,2011-02-02T01:24:00,Requester,Analyze Quotation comparison Map,Clement Duchot
183,2011-02-02T01:24:00,2011-02-02T01:24:00,Requester,Choose best option,Esmana Liubiata
183,2011-04-02T09:22:00,2011-04-02T13:41:00,Purchasing Agent,Settle conditions with supplier,Karel de Groot
183,2011-05-02T08:50:00,2011-05-02T08:57:00,Purchasing Agent,Create Purchase Order,Magdalena Predutta
183,2011-06-02T01:53:00,2011-06-02T01:58:00,Supplier,Confirm Purchase Order,Karen Clarens
183,2011-07-02T01:10:00,2011-07-02T16:30:00,Supplier,Deliver Goods Services,Karen Clarens
183,2011-07-02T23:49:00,2011-07-02T23:50:00,Requester,Release Purchase Order,Alberto Duport
183,2011-08-02T09:30:00,2011-08-02T09:31:00,Purchasing Agent,Approve Purchase Order for payment,Karel de Groot
183,2011-08-02T18:00:00,2011-08-02T18:00:00,Supplier,Send invoice,Esmeralda Clay
183,2011-09-02T08:31:00,2011-09-02T08:36:00,Financial Manager,Release Supplier's Invoice,Karalda Nimwada
183,2011-09-02T08:36:00,2011-09-02T08:36:00,Financial Manager,Authorize Supplier's Invoice payment,Pedro Alvares
183,2011-09-02T09:04:00,2011-09-02T09:10:00,Financial Manager,Pay invoice,Karalda Nimwada
185,2011-01-24T22:36:00,2011-01-24T23:24:00,Requester,Create Purchase Requisition,Penn Osterwalder
185,2011-01-25T09:52:00,2011-01-25T09:56:00,Requester Manager,Analyze Purchase Requisition,Francis Odell
185,2011-01-25T10:01:00,2011-01-25T10:02:00,Requester Manager,Create Request for Quotation Requester Manager,Heinz Gutschmidt
185,2011-01-25T23:42:00,2011-01-26T00:02:00,Purchasing Agent,Analyze Request for Quotation,Karel de Groot
185,2011-01-27T03:50:00,2011-01-27T04:04:00,Purchasing Agent,Send Request for Quotation to Supplier,Magdalena Predutta
185,2011-01-27T14:34:00,2011-01-27T17:42:00,Purchasing Agent,Create Quotation comparison Map,Francois de Perrier
185,2011-01-28T00:31:00,2011-01-28T00:50:00,Requester,Analyze Quotation comparison Map,Esmana Liubiata
185,2011-01-28T00:50:00,2011-01-28T00:50:00,Requester,Choose best option,Anna Kaufmann
185,2011-01-30T09:43:00,2011-01-30T19:51:00,Purchasing Agent,Settle conditions with supplier,Magdalena Predutta
185,2011-01-31T01:36:00,2011-01-31T01:44:00,Purchasing Agent,Create Purchase Order,Magdalena Predutta
185,2011-01-31T17:25:00,2011-01-31T17:47:00,Supplier,Confirm Purchase Order,Kiu Kan
185,2011-03-02T14:35:00,2011-03-02T18:38:00,Supplier,Deliver Goods Services,Kiu Kan
185,2011-04-02T03:46:00,2011-04-02T03:47:00,Requester,Release Purchase Order,Anne Olwada
185,2011-04-02T13:41:00,2011-04-02T13:42:00,Purchasing Agent,Approve Purchase Order for payment,Karel de Groot
185,2011-04-02T23:52:00,2011-04-02T23:52:00,Supplier,Send invoice,Carmen Finacse
185,2011-05-02T14:07:00,2011-05-02T14:12:00,Financial Manager,Release Supplier's Invoice,Pedro Alvares
185,2011-05-02T14:12:00,2011-05-02T14:12:00,Financial Manager,Authorize Supplier's Invoice payment,Pedro Alvares
185,2011-05-02T14:19:00,2011-05-02T14:32:00,Financial Manager,Pay invoice,Karalda Nimwada
1852,2011-09-26T09:50:00,2011-09-26T10:42:00,Requester,Create Purchase Requisition,Miu Hanwan
1852,2011-09-26T22:23:00,2011-09-26T22:28:00,Requester Manager,Analyze Purchase Requisition,Heinz Gutschmidt
186,2011-01-24T23:57:00,2011-01-25T00:10:00,Requester,Create Purchase Requisition,Esmana Liubiata
186,2011-01-25T19:58:00,2011-01-25T20:05:00,Requester Manager,Analyze Purchase Requisition,Maris Freeman
186,2011-01-25T20:09:00,2011-01-25T20:11:00,Requester Manager,Create Request for Quotation Requester Manager,Francis Odell
186,2011-01-25T21:22:00,2011-01-25T21:34:00,Purchasing Agent,Analyze Request for Quotation,Karel de Groot
186,2011-01-26T22:07:00,2011-01-26T22:19:00,Purchasing Agent,Send Request for Quotation to Supplier,Magdalena Predutta
186,2011-01-27T21:51:00,2011-01-28T02:28:00,Purchasing Agent,Create Quotation comparison Map,Karel de Groot
186,2011-01-28T08:34:00,2011-01-28T09:04:00,Requester,Analyze Quotation comparison Map,Christian Francois
186,2011-01-28T09:04:00,2011-01-28T09:04:00,Requester,Choose best option,Elvira Lores
186,2011-01-28T14:23:00,2011-01-28T19:03:00,Purchasing Agent,Settle conditions with supplier,Karel de Groot
186,2011-01-29T01:29:00,2011-01-29T01:37:00,Purchasing Agent,Create Purchase Order,Francois de Perrier
186,2011-01-29T06:44:00,2011-01-29T07:18:00,Supplier,Confirm Purchase Order,Carmen Finacse
186,2011-01-29T16:09:00,2011-01-31T02:13:00,Supplier,Deliver Goods Services,Kiu Kan
186,2011-01-31T09:52:00,2011-01-31T09:53:00,Requester,Release Purchase Order,Esmana Liubiata
186,2011-01-31T18:49:00,2011-01-31T18:50:00,Purchasing Agent,Approve Purchase Order for payment,Karel de Groot
186,2011-02-02T00:56:00,2011-02-02T00:56:00,Supplier,Send invoice,Sean Manney
186,2011-02-02T15:10:00,2011-02-02T15:13:00,Financial Manager,Release Supplier's Invoice,Karalda Nimwada
186,2011-02-02T15:13:00,2011-02-02T15:13:00,Financial Manager,Authorize Supplier's Invoice payment,Pedro Alvares
186,2011-02-02T15:56:00,2011-02-02T16:02:00,Financial Manager,Pay invoice,Pedro Alvares
1871,2011-09-29T21:10:00,2011-09-29T21:51:00,Requester,Create Purchase Requisition,Clement Duchot
1871,2011-09-30T09:00:00,2011-09-30T09:06:00,Requester Manager,Analyze Purchase Requisition,Francis Odell
1873,2011-01-10T16:55:00,2011-01-10T17:00:00,Requester Manager,Analyze Purchase Requisition,Heinz Gutschmidt
1873,2011-09-30T17:33:00,2011-09-30T18:06:00,Requester,Create Purchase Requisition,Anna Kaufmann
1874,2011-01-10T02:03:00,2011-01-10T02:11:00,Requester,Create Purchase Requisition,Christian Francois
1874,2011-02-10T00:12:00,2011-02-10T00:19:00,Requester Manager,Analyze Purchase Requisition,Heinz Gutschmidt
1874,2011-02-10T00:23:00,2011-02-10T00:24:00,Requester Manager,Create Request for Quotation Requester Manager,Francis Odell
1874,2011-08-10T02:10:00,2011-08-10T02:40:00,Purchasing Agent,Analyze Request for Quotation,Karel de Groot
189,2011-01-02T06:56:00,2011-01-02T07:00:00,Financial Manager,Release Supplier's Invoice,Pedro Alvares
189,2011-01-02T07:03:00,2011-01-02T07:03:00,Financial Manager,Authorize Supplier's Invoice payment,Pedro Alvares
189,2011-01-02T07:45:00,2011-01-02T07:50:00,Financial Manager,Pay invoice,Karalda Nimwada
189,2011-01-25T06:28:00,2011-01-25T06:38:00,Requester,Create Purchase Requisition,Nico Ojenbeer
189,2011-01-25T14:05:00,2011-01-25T14:15:00,Requester,Create Request for Quotation Requester,Penn Osterwalder
189,2011-01-25T15:51:00,2011-01-25T15:57:00,Purchasing Agent,Analyze Request for Quotation,Karel de Groot
189,2011-01-25T18:57:00,2011-01-25T19:23:00,Purchasing Agent,Send Request for Quotation to Supplier,Magdalena Predutta
189,2011-01-25T19:52:00,2011-01-25T21:35:00,Purchasing Agent,Create Quotation comparison Map,Magdalena Predutta
189,2011-01-26T04:21:00,2011-01-26T04:42:00,Requester,Analyze Quotation comparison Map,Tesca Lobes
189,2011-01-26T04:42:00,2011-01-26T04:42:00,Requester,Choose best option,Alberto Duport
189,2011-01-26T17:21:00,2011-01-26T23:46:00,Purchasing Agent,Settle conditions with supplier,Francois de Perrier
189,2011-01-27T03:38:00,2011-01-27T03:50:00,Purchasing Agent,Create Purchase Order,Magdalena Predutta
189,2011-01-28T05:46:00,2011-01-28T06:12:00,Supplier,Confirm Purchase Order,Esmeralda Clay
189,2011-01-29T07:18:00,2011-01-29T20:07:00,Supplier,Deliver Goods Services,Carmen Finacse
189,2011-01-30T03:34:00,2011-01-30T03:35:00,Requester,Release Purchase Order,Elvira Lores
189,2011-01-30T19:51:00,2011-01-30T19:52:00,Purchasing Agent,Approve Purchase Order for payment,Magdalena Predutta
189,2011-01-31T16:29:00,2011-01-31T16:29:00,Supplier,Send invoice,Kiu Kan
1892,2011-04-10T03:28:00,2011-04-10T04:15:00,Requester,Create Purchase Requisition,Nico Ojenbeer
1892,2011-04-10T14:24:00,2011-04-10T14:31:00,Requester Manager,Analyze Purchase Requisition,Heinz Gutschmidt
191,2011-01-25T08:03:00,2011-01-25T08:28:00,Requester,Create Purchase Requisition,Nico Ojenbeer
191,2011-01-26T01:04:00,2011-01-26T01:13:00,Requester Manager,Analyze Purchase Requisition,Francis Odell
191,2011-01-26T01:20:00,2011-01-26T01:21:00,Requester Manager,Create Request for Quotation Requester Manager,Maris Freeman
191,2011-01-26T21:42:00,2011-01-26T22:07:00,Purchasing Agent,Analyze Request for Quotation,Magdalena Predutta
191,2011-01-26T22:59:00,2011-01-26T23:08:00,Requester Manager,Amend Request for Quotation Requester,Immanuel Karagianni
191,2011-01-31T11:47:00,2011-01-31T12:06:00,Purchasing Agent,Analyze Request for Quotation,Francois de Perrier
191,2011-02-02T20:44:00,2011-02-02T21:12:00,Purchasing Agent,Send Request for Quotation to Supplier,Karel de Groot
191,2011-03-02T00:05:00,2011-03-02T05:13:00,Purchasing Agent,Create Quotation comparison Map,Magdalena Predutta
191,2011-03-02T11:43:00,2011-03-02T12:04:00,Requester,Analyze Quotation comparison Map,Esmana Liubiata
191,2011-03-02T12:04:00,2011-03-02T12:04:00,Requester,Choose best option,Miu Hanwan
191,2011-05-02T04:30:00,2011-05-02T10:39:00,Purchasing Agent,Settle conditions with supplier,Francois de Perrier
191,2011-05-02T12:10:00,2011-05-02T12:21:00,Purchasing Agent,Create Purchase Order,Francois de Perrier
191,2011-06-02T02:16:00,2011-06-02T02:23:00,Supplier,Confirm Purchase Order,Karen Clarens
191,2011-07-02T02:58:00,2011-08-02T20:37:00,Supplier,Deliver Goods Services,Kiu Kan
191,2011-09-02T04:15:00,2011-09-02T04:16:00,Requester,Release Purchase Order,Christian Francois
191,2011-09-02T10:32:00,2011-09-02T10:33:00,Purchasing Agent,Approve Purchase Order for payment,Karel de Groot
191,2011-09-02T22:51:00,2011-09-02T22:51:00,Supplier,Send invoice,Esmeralda Clay
191,2011-10-02T13:10:00,2011-10-02T13:16:00,Financial Manager,Release Supplier's Invoice,Karalda Nimwada
191,2011-10-02T13:33:00,2011-10-02T14:04:00,Financial Manager,Settle dispute with supplier Financial Manager,Pedro Alvares
191,2011-10-02T14:04:00,2011-10-02T14:04:00,Financial Manager,Authorize Supplier's Invoice payment,Pedro Alvares
191,2011-10-02T15:03:00,2011-10-02T15:08:00,Financial Manager,Pay invoice,Karalda Nimwada
193,2011-01-02T11:58:00,2011-01-02T14:45:00,Purchasing Agent,Create Quotation comparison Map,Francois de Perrier
193,2011-01-02T21:36:00,2011-01-02T21:53:00,Requester,Analyze Quotation comparison Map,Nico Ojenbeer
193,2011-01-02T21:53:00,2011-01-02T21:53:00,Requester,Choose best option,Alberto Duport
193,2011-01-25T09:42:00,2011-01-25T10:01:00,Requester,Create Purchase Requisition,Anne Olwada
193,2011-01-25T16:23:00,2011-01-25T16:31:00,Requester,Create Request for Quotation Requester,Christian Francois
193,2011-01-25T23:07:00,2011-01-25T23:11:00,Purchasing Agent,Analyze Request for Quotation,Karel de Groot
193,2011-01-26T00:06:00,2011-01-26T00:19:00,Requester Manager,Amend Request for Quotation Requester,Miu Hanwan
193,2011-01-31T15:06:00,2011-01-31T15:33:00,Purchasing Agent,Analyze Request for Quotation,Magdalena Predutta
193,2011-01-31T21:04:00,2011-01-31T21:24:00,Purchasing Agent,Send Request for Quotation to Supplier,Magdalena Predutta
193,2011-02-02T04:34:00,2011-02-02T16:08:00,Purchasing Agent,Settle conditions with supplier,Karel de Groot
193,2011-03-02T11:07:00,2011-03-02T11:20:00,Purchasing Agent,Create Purchase Order,Francois de Perrier
193,2011-03-02T18:38:00,2011-03-02T19:01:00,Supplier,Confirm Purchase Order,Kiu Kan
193,2011-04-02T10:38:00,2011-05-02T18:11:00,Supplier,Deliver Goods Services,Sean Manney
193,2011-06-02T01:40:00,2011-06-02T01:41:00,Requester,Release Purchase Order,Nico Ojenbeer
193,2011-06-02T10:24:00,2011-06-02T10:25:00,Purchasing Agent,Approve Purchase Order for payment,Francois de Perrier
193,2011-07-02T01:29:00,2011-07-02T01:29:00,Supplier,Send invoice,Kiu Kan
193,2011-07-02T15:45:00,2011-07-02T15:49:00,Financial Manager,Release Supplier's Invoice,Pedro Alvares
193,2011-07-02T15:49:00,2011-07-02T15:49:00,Financial Manager,Authorize Supplier's Invoice payment,Pedro Alvares
193,2011-07-02T16:20:00,2011-07-02T16:31:00,Financial Manager,Pay invoice,Karalda Nimwada
1949,2011-10-13T06:27:00,2011-10-13T07:21:00,Requester,Create Purchase Requisition,Tesca Lobes
1949,2011-10-13T17:03:00,2011-10-13T17:09:00,Requester Manager,Analyze Purchase Requisition,Francis Odell
195,2011-01-25T13:50:00,2011-01-25T13:57:00,Requester,Create Purchase Requisition,Fjodor Kowalski
195,2011-01-25T17:12:00,2011-01-25T17:21:00,Requester,Create Request for Quotation Requester,Fjodor Kowalski
195,2011-01-25T23:25:00,2011-01-25T23:47:00,Purchasing Agent,Analyze Request for Quotation,Francois de Perrier
195,2011-01-26T00:28:00,2011-01-26T00:40:00,Requester Manager,Amend Request for Quotation Requester,Anna Kaufmann
195,2011-01-31T17:44:00,2011-01-31T18:05:00,Purchasing Agent,Analyze Request for Quotation,Francois de Perrier
195,2011-01-31T19:02:00,2011-01-31T19:09:00,Requester Manager,Amend Request for Quotation Requester,Anne Olwada
195,2011-02-02T19:06:00,2011-02-02T19:19:00,Purchasing Agent,Analyze Request for Quotation,Magdalena Predutta
195,2011-02-02T20:06:00,2011-02-02T20:13:00,Requester Manager,Amend Request for Quotation Requester,Christian Francois
195,2011-04-02T07:29:00,2011-04-02T07:30:00,Purchasing Agent,Analyze Request for Quotation,Magdalena Predutta
195,2011-04-02T08:18:00,2011-04-02T08:28:00,Requester Manager,Amend Request for Quotation Requester,Fjodor Kowalski
195,2011-05-02T10:39:00,2011-05-02T11:11:00,Purchasing Agent,Analyze Request for Quotation,Francois de Perrier
197,2011-01-02T11:13:00,2011-01-02T11:13:00,Purchasing Agent,Settle conditions with supplier,Magdalena Predutta
197,2011-01-25T22:13:00,2011-01-25T22:47:00,Requester,Create Purchase Requisition,Kim Passa
197,2011-01-26T17:41:00,2011-01-26T17:45:00,Requester Manager,Analyze Purchase Requisition,Maris Freeman
197,2011-01-26T17:50:00,2011-01-26T17:52:00,Requester Manager,Create Request for Quotation Requester Manager,Maris Freeman
197,2011-01-31T06:47:00,2011-01-31T07:19:00,Purchasing Agent,Analyze Request for Quotation,Magdalena Predutta
197,2011-01-31T09:14:00,2011-01-31T09:49:00,Purchasing Agent,Send Request for Quotation to Supplier,Magdalena Predutta
197,2011-01-31T10:13:00,2011-01-31T11:40:00,Purchasing Agent,Create Quotation comparison Map,Magdalena Predutta
197,2011-01-31T18:11:00,2011-01-31T18:42:00,Requester,Analyze Quotation comparison Map,Miu Hanwan
197,2011-01-31T18:42:00,2011-01-31T18:42:00,Requester,Choose best option,Fjodor Kowalski
197,2011-01-31T21:38:00,2011-01-31T21:38:00,Purchasing Agent,Settle conditions with supplier,Magdalena Predutta
197,2011-02-02T17:28:00,2011-02-02T17:40:00,Purchasing Agent,Create Purchase Order,Francois de Perrier
197,2011-03-02T06:14:00,2011-03-02T06:44:00,Supplier,Confirm Purchase Order,Kiu Kan
197,2011-03-02T14:33:00,2011-04-02T22:13:00,Supplier,Deliver Goods Services,Karen Clarens
197,2011-05-02T05:35:00,2011-05-02T05:36:00,Requester,Release Purchase Order,Immanuel Karagianni
197,2011-05-02T08:26:00,2011-05-02T08:27:00,Purchasing Agent,Approve Purchase Order for payment,Karel de Groot
197,2011-05-03T00:24:00,2011-05-03T00:24:00,Supplier,Send invoice,Karen Clarens
197,2011-06-02T14:48:00,2011-06-02T14:53:00,Financial Manager,Release Supplier's Invoice,Karalda Nimwada
197,2011-06-02T14:53:00,2011-06-02T14:53:00,Financial Manager,Authorize Supplier's Invoice payment,Pedro Alvares
197,2011-06-02T15:04:00,2011-06-02T15:10:00,Financial Manager,Pay invoice,Pedro Alvares
2,2010-12-31T23:16:00,2010-12-31T23:29:00,Requester,Create Purchase Requisition,Immanuel Karagianni
2,2011-01-01T07:16:00,2011-01-01T07:26:00,Requester,Create Request for Quotation Requester,Alberto Duport
2,2011-01-01T08:34:00,2011-01-01T08:38:00,Purchasing Agent,Analyze Request for Quotation,Karel de Groot
2,2011-01-01T09:16:00,2011-01-01T09:21:00,Requester Manager,Amend Request for Quotation Requester,Christian Francois
2,2011-01-01T10:15:00,2011-01-01T10:48:00,Purchasing Agent,Analyze Request for Quotation,Magdalena Predutta
2,2011-01-01T11:33:00,2011-01-01T11:39:00,Requester Manager,Amend Request for Quotation Requester,Esmana Liubiata
2,2011-01-01T12:28:00,2011-01-01T12:38:00,Purchasing Agent,Analyze Request for Quotation,Karel de Groot
2,2011-01-01T14:18:00,2011-01-01T14:40:00,Purchasing Agent,Send Request for Quotation to Supplier,Francois de Perrier
2,2011-01-01T14:55:00,2011-01-01T15:43:00,Purchasing Agent,Create Quotation comparison Map,Karel de Groot
2,2011-01-01T22:33:00,2011-01-01T22:44:00,Requester,Analyze Quotation comparison Map,Esmana Liubiata
2,2011-01-01T22:44:00,2011-01-01T22:44:00,Requester,Choose best option,Fjodor Kowalski
2,2011-02-01T01:15:00,2011-02-01T14:07:00,Purchasing Agent,Settle conditions with supplier,Magdalena Predutta
2,2011-02-01T15:21:00,2011-02-01T15:31:00,Purchasing Agent,Create Purchase Order,Magdalena Predutta
2,2011-02-01T19:23:00,2011-02-01T19:29:00,Supplier,Confirm Purchase Order,Esmeralda Clay
2,2011-03-01T02:15:00,2011-04-01T14:53:00,Supplier,Deliver Goods Services,Esmeralda Clay
2,2011-04-01T23:01:00,2011-04-01T23:02:00,Requester,Release Purchase Order,Elvira Lores
2,2011-05-01T09:03:00,2011-05-01T09:04:00,Purchasing Agent,Approve Purchase Order for payment,Karel de Groot
2,2011-05-01T14:50:00,2011-05-01T14:50:00,Supplier,Send invoice,Esmeralda Clay
2,2011-06-01T05:04:00,2011-06-01T05:07:00,Financial Manager,Release Supplier's Invoice,Pedro Alvares
2,2011-06-01T05:38:00,2011-06-01T05:58:00,Financial Manager,Settle dispute with supplier Financial Manager,Karalda Nimwada
2,2011-06-01T05:58:00,2011-06-01T05:58:00,Financial Manager,Authorize Supplier's Invoice payment,Pedro Alvares
2,2011-06-01T06:21:00,2011-06-01T06:32:00,Financial Manager,Pay invoice,Karalda Nimwada
200,2011-01-02T01:37:00,2011-01-02T01:37:00,Purchasing Agent,Settle conditions with supplier,Francois de Perrier
200,2011-01-26T06:23:00,2011-01-26T06:37:00,Requester,Create Purchase Requisition,Kim Passa
200,2011-01-26T19:04:00,2011-01-26T19:12:00,Requester Manager,Analyze Purchase Requisition,Francis Odell
200,2011-01-26T19:16:00,2011-01-26T19:18:00,Requester Manager,Create Request for Quotation Requester Manager,Maris Freeman
200,2011-01-30T03:06:00,2011-01-30T03:37:00,Purchasing Agent,Analyze Request for Quotation,Magdalena Predutta
200,2011-01-30T04:30:00,2011-01-30T04:35:00,Requester Manager,Amend Request for Quotation Requester,Anna Kaufmann
200,2011-01-31T03:33:00,2011-01-31T04:01:00,Purchasing Agent,Analyze Request for Quotation,Magdalena Predutta
200,2011-01-31T07:12:00,2011-01-31T07:33:00,Purchasing Agent,Send Request for Quotation to Supplier,Karel de Groot
200,2011-01-31T07:52:00,2011-01-31T10:53:00,Purchasing Agent,Create Quotation comparison Map,Karel de Groot
200,2011-01-31T17:32:00,2011-01-31T17:58:00,Requester,Analyze Quotation comparison Map,Alberto Duport
200,2011-01-31T17:58:00,2011-01-31T17:58:00,Requester,Choose best option,Esmana Liubiata
200,2011-01-31T19:46:00,2011-01-31T19:46:00,Purchasing Agent,Settle conditions with supplier,Francois de Perrier
200,2011-02-02T07:08:00,2011-02-02T07:19:00,Purchasing Agent,Create Purchase Order,Francois de Perrier
200,2011-02-02T12:00:00,2011-02-02T12:20:00,Supplier,Confirm Purchase Order,Esmeralda Clay
200,2011-03-02T11:01:00,2011-03-02T14:35:00,Supplier,Deliver Goods Services,Kiu Kan
200,2011-03-02T22:17:00,2011-03-02T22:18:00,Requester,Release Purchase Order,Clement Duchot
200,2011-05-02T05:05:00,2011-05-02T05:06:00,Purchasing Agent,Approve Purchase Order for payment,Karel de Groot
200,2011-05-02T12:11:00,2011-05-02T12:11:00,Supplier,Send invoice,Kiu Kan
200,2011-06-02T02:27:00,2011-06-02T02:33:00,Financial Manager,Release Supplier's Invoice,Karalda Nimwada
200,2011-06-02T02:33:00,2011-06-02T02:33:00,Financial Manager,Authorize Supplier's Invoice payment,Karalda Nimwada
200,2011-06-02T03:20:00,2011-06-02T03:30:00,Financial Manager,Pay invoice,Karalda Nimwada
206,2011-01-02T18:32:00,2011-01-02T19:01:00,Purchasing Agent,Send Request for Quotation to Supplier,Magdalena Predutta
206,2011-01-02T19:38:00,2011-01-02T23:15:00,Purchasing Agent,Create Quotation comparison Map,Magdalena Predutta
206,2011-01-27T00:02:00,2011-01-27T00:12:00,Requester,Create Purchase Requisition,Penn Osterwalder
206,2011-01-27T12:30:00,2011-01-27T12:37:00,Requester Manager,Analyze Purchase Requisition,Maris Freeman
206,2011-01-27T12:40:00,2011-01-27T12:43:00,Requester Manager,Create Request for Quotation Requester Manager,Francis Odell
206,2011-01-31T08:43:00,2011-01-31T09:03:00,Purchasing Agent,Analyze Request for Quotation,Francois de Perrier
206,2011-01-31T09:55:00,2011-01-31T10:01:00,Requester Manager,Amend Request for Quotation Requester,Kim Passa
206,2011-01-31T19:33:00,2011-01-31T20:03:00,Purchasing Agent,Analyze Request for Quotation,Magdalena Predutta
206,2011-02-02T05:44:00,2011-02-02T05:53:00,Requester,Analyze Quotation comparison Map,Elvira Lores
206,2011-02-02T05:53:00,2011-02-02T05:53:00,Requester,Choose best option,Esmana Liubiata
206,2011-03-02T19:29:00,2011-04-02T07:29:00,Purchasing Agent,Settle conditions with supplier,Magdalena Predutta
206,2011-05-02T07:36:00,2011-05-02T07:45:00,Purchasing Agent,Create Purchase Order,Magdalena Predutta
206,2011-06-02T01:10:00,2011-06-02T01:23:00,Supplier,Confirm Purchase Order,Karen Clarens
206,2011-06-02T07:46:00,2011-08-02T07:01:00,Supplier,Deliver Goods Services,Carmen Finacse
206,2011-08-02T15:09:00,2011-08-02T15:10:00,Requester,Release Purchase Order,Fjodor Kowalski
206,2011-08-02T21:49:00,2011-08-02T21:50:00,Purchasing Agent,Approve Purchase Order for payment,Magdalena Predutta
206,2011-09-02T11:53:00,2011-09-02T11:53:00,Supplier,Send invoice,Kiu Kan
206,2011-10-02T02:13:00,2011-10-02T02:18:00,Financial Manager,Release Supplier's Invoice,Pedro Alvares
206,2011-10-02T02:18:00,2011-10-02T02:18:00,Financial Manager,Authorize Supplier's Invoice payment,Pedro Alvares
206,2011-10-02T02:21:00,2011-10-02T02:30:00,Financial Manager,Pay invoice,Pedro Alvares
209,2011-01-27T06:52:00,2011-01-27T07:00:00,Requester,Create Purchase Requisition,Nico Ojenbeer
209,2011-01-27T10:47:00,2011-01-27T10:57:00,Requester,Create Request for Quotation Requester,Anne Olwada
209,2011-01-29T17:52:00,2011-01-29T18:14:00,Purchasing Agent,Analyze Request for Quotation,Karel de Groot
21,2011-01-16T05:33:00,2011-01-16T05:33:00,Supplier,Send invoice,Karen Clarens
21,2011-01-16T19:53:00,2011-01-16T19:57:00,Financial Manager,Release Supplier's Invoice,Karalda Nimwada
21,2011-01-16T19:57:00,2011-01-16T19:57:00,Financial Manager,Authorize Supplier's Invoice payment,Karalda Nimwada
21,2011-01-16T20:51:00,2011-01-16T21:06:00,Financial Manager,Pay invoice,Karalda Nimwada
21,2011-02-01T20:17:00,2011-02-01T21:13:00,Requester,Create Purchase Requisition,Miu Hanwan
21,2011-03-01T20:03:00,2011-03-01T20:11:00,Requester Manager,Analyze Purchase Requisition,Francis Odell
21,2011-03-01T20:18:00,2011-03-01T20:19:00,Requester Manager,Create Request for Quotation Requester Manager,Francis Odell
21,2011-03-01T21:36:00,2011-03-01T22:00:00,Purchasing Agent,Analyze Request for Quotation,Francois de Perrier
21,2011-03-01T22:53:00,2011-03-01T23:01:00,Requester Manager,Amend Request for Quotation Requester,Anne Olwada
21,2011-04-01T01:35:00,2011-04-01T02:02:00,Purchasing Agent,Analyze Request for Quotation,Francois de Perrier
21,2011-04-01T02:49:00,2011-04-01T03:03:00,Requester Manager,Amend Request for Quotation Requester,Fjodor Kowalski
21,2011-04-01T04:31:00,2011-04-01T04:51:00,Purchasing Agent,Analyze Request for Quotation,Karel de Groot
21,2011-04-01T05:35:00,2011-04-01T05:47:00,Requester Manager,Amend Request for Quotation Requester,Elvira Lores
21,2011-04-01T10:51:00,2011-04-01T11:12:00,Purchasing Agent,Analyze Request for Quotation,Karel de Groot
21,2011-04-01T12:03:00,2011-04-01T12:10:00,Requester Manager,Amend Request for Quotation Requester,Esmana Liubiata
21,2011-04-01T13:08:00,2011-04-01T13:30:00,Purchasing Agent,Analyze Request for Quotation,Magdalena Predutta
21,2011-04-01T14:18:00,2011-04-01T14:28:00,Requester Manager,Amend Request for Quotation Requester,Elvira Lores
21,2011-04-01T17:18:00,2011-04-01T17:48:00,Purchasing Agent,Analyze Request for Quotation,Karel de Groot
21,2011-05-01T02:14:00,2011-05-01T02:26:00,Purchasing Agent,Send Request for Quotation to Supplier,Francois de Perrier
21,2011-05-01T19:41:00,2011-05-02T00:22:00,Purchasing Agent,Create Quotation comparison Map,Magdalena Predutta
21,2011-06-01T06:55:00,2011-06-01T07:21:00,Requester,Analyze Quotation comparison Map,Immanuel Karagianni
21,2011-06-01T07:21:00,2011-06-01T07:21:00,Requester,Choose best option,Immanuel Karagianni
21,2011-06-01T10:44:00,2011-06-01T15:35:00,Purchasing Agent,Settle conditions with supplier,Magdalena Predutta
21,2011-06-01T16:56:00,2011-06-01T17:08:00,Purchasing Agent,Create Purchase Order,Karel de Groot
21,2011-07-01T01:39:00,2011-07-01T01:45:00,Supplier,Confirm Purchase Order,Kiu Kan
21,2011-07-01T07:47:00,2011-09-01T06:02:00,Supplier,Deliver Goods Services,Carmen Finacse
21,2011-09-01T13:43:00,2011-09-01T13:44:00,Requester,Release Purchase Order,Anne Olwada
21,2011-12-01T00:26:00,2011-12-01T00:27:00,Purchasing Agent,Approve Purchase Order for payment,Karel de Groot
210,2011-01-27T10:34:00,2011-01-27T10:57:00,Requester,Create Purchase Requisition,Elvira Lores
210,2011-01-28T11:12:00,2011-01-28T11:16:00,Requester Manager,Analyze Purchase Requisition,Maris Freeman
210,2011-01-28T11:21:00,2011-01-28T11:22:00,Requester Manager,Create Request for Quotation Requester Manager,Heinz Gutschmidt
210,2011-01-31T09:03:00,2011-01-31T09:42:00,Purchasing Agent,Analyze Request for Quotation,Francois de Perrier
210,2011-02-02T06:35:00,2011-02-02T07:08:00,Purchasing Agent,Send Request for Quotation to Supplier,Francois de Perrier
210,2011-02-02T19:30:00,2011-03-02T00:05:00,Purchasing Agent,Create Quotation comparison Map,Magdalena Predutta
210,2011-03-02T06:53:00,2011-03-02T07:23:00,Requester,Analyze Quotation comparison Map,Fjodor Kowalski
210,2011-03-02T07:23:00,2011-03-02T07:23:00,Requester,Choose best option,Kim Passa
210,2011-03-02T20:53:00,2011-04-02T08:46:00,Purchasing Agent,Settle conditions with supplier,Karel de Groot
210,2011-05-02T05:07:00,2011-05-02T05:20:00,Purchasing Agent,Create Purchase Order,Karel de Groot
210,2011-06-02T01:02:00,2011-06-02T01:10:00,Supplier,Confirm Purchase Order,Karen Clarens
210,2011-08-02T20:37:00,2011-09-02T11:53:00,Supplier,Deliver Goods Services,Kiu Kan
210,2011-09-02T19:45:00,2011-09-02T19:46:00,Requester,Release Purchase Order,Elvira Lores
210,2011-09-02T23:47:00,2011-09-02T23:48:00,Purchasing Agent,Approve Purchase Order for payment,Francois de Perrier
210,2011-10-02T07:45:00,2011-10-02T07:45:00,Supplier,Send invoice,Carmen Finacse
210,2011-10-02T21:53:00,2011-10-02T21:59:00,Financial Manager,Release Supplier's Invoice,Karalda Nimwada
210,2011-10-02T21:59:00,2011-10-02T21:59:00,Financial Manager,Authorize Supplier's Invoice payment,Karalda Nimwada
210,2011-10-02T22:12:00,2011-10-02T22:27:00,Financial Manager,Pay invoice,Pedro Alvares
211,2011-01-27T11:59:00,2011-01-27T12:42:00,Requester,Create Purchase Requisition,Miu Hanwan
211,2011-01-28T04:38:00,2011-01-28T04:42:00,Requester Manager,Analyze Purchase Requisition,Maris Freeman
211,2011-01-28T04:48:00,2011-01-28T04:49:00,Requester Manager,Create Request for Quotation Requester Manager,Maris Freeman
211,2011-01-31T11:22:00,2011-01-31T11:57:00,Purchasing Agent,Analyze Request for Quotation,Karel de Groot
214,2011-01-27T20:58:00,2011-01-27T21:50:00,Requester,Create Purchase Requisition,Penn Osterwalder
214,2011-01-28T18:59:00,2011-01-28T19:03:00,Requester Manager,Analyze Purchase Requisition,Maris Freeman
214,2011-01-28T19:06:00,2011-01-28T19:09:00,Requester Manager,Create Request for Quotation Requester Manager,Maris Freeman
214,2011-05-02T05:46:00,2011-05-02T06:11:00,Purchasing Agent,Analyze Request for Quotation,Karel de Groot
214,2011-05-02T07:29:00,2011-05-02T07:51:00,Purchasing Agent,Send Request for Quotation to Supplier,Karel de Groot
214,2011-05-02T08:56:00,2011-05-02T12:29:00,Purchasing Agent,Create Quotation comparison Map,Karel de Groot
214,2011-05-02T18:43:00,2011-05-02T19:15:00,Requester,Analyze Quotation comparison Map,Immanuel Karagianni
214,2011-05-02T19:15:00,2011-05-02T19:15:00,Requester,Choose best option,Clement Duchot
214,2011-05-02T22:27:00,2011-06-02T08:32:00,Purchasing Agent,Settle conditions with supplier,Karel de Groot
214,2011-06-02T17:59:00,2011-06-02T18:07:00,Purchasing Agent,Create Purchase Order,Magdalena Predutta
214,2011-07-02T02:33:00,2011-07-02T02:45:00,Supplier,Confirm Purchase Order,Kiu Kan
214,2011-07-02T16:30:00,2011-09-02T13:46:00,Supplier,Deliver Goods Services,Karen Clarens
214,2011-09-02T21:10:00,2011-09-02T21:11:00,Requester,Release Purchase Order,Clement Duchot
214,2011-10-02T05:25:00,2011-10-02T14:51:00,Purchasing Agent,Settle dispute with supplier Purchasing Agent,Francois de Perrier
214,2011-10-02T22:25:00,2011-10-02T22:26:00,Requester,Release Purchase Order,Elvira Lores
214,2011-11-02T18:00:00,2011-11-02T18:01:00,Purchasing Agent,Approve Purchase Order for payment,Karel de Groot
214,2011-12-02T08:19:00,2011-12-02T08:19:00,Supplier,Send invoice,Kiu Kan
214,2011-12-02T22:46:00,2011-12-02T22:51:00,Financial Manager,Release Supplier's Invoice,Karalda Nimwada
214,2011-12-02T22:51:00,2011-12-02T22:51:00,Financial Manager,Authorize Supplier's Invoice payment,Pedro Alvares
214,2011-12-02T23:36:00,2011-12-02T23:42:00,Financial Manager,Pay invoice,Pedro Alvares
216,2011-01-27T23:18:00,2011-01-27T23:52:00,Requester,Create Purchase Requisition,Alberto Duport
216,2011-01-28T01:59:00,2011-01-28T02:10:00,Requester,Create Request for Quotation Requester,Alberto Duport
216,2011-02-02T03:14:00,2011-02-02T03:38:00,Purchasing Agent,Analyze Request for Quotation,Karel de Groot
216,2011-02-02T04:30:00,2011-02-02T04:43:00,Requester Manager,Amend Request for Quotation Requester,Tesca Lobes
216,2011-09-02T11:36:00,2011-09-02T12:13:00,Purchasing Agent,Analyze Request for Quotation,Karel de Groot
217,2011-01-02T05:38:00,2011-01-02T05:54:00,Requester,Analyze Quotation comparison Map,Anna Kaufmann
217,2011-01-02T05:54:00,2011-01-02T05:54:00,Requester,Choose best option,Anna Kaufmann
217,2011-01-02T16:14:00,2011-02-02T03:14:00,Purchasing Agent,Settle conditions with supplier,Karel de Groot
217,2011-01-28T05:55:00,2011-01-28T06:07:00,Requester,Create Purchase Requisition,Kim Passa
217,2011-01-28T07:00:00,2011-01-28T07:12:00,Requester,Create Request for Quotation Requester,Alberto Duport
217,2011-01-31T04:50:00,2011-01-31T05:09:00,Purchasing Agent,Analyze Request for Quotation,Magdalena Predutta
217,2011-01-31T06:04:00,2011-01-31T06:13:00,Requester Manager,Amend Request for Quotation Requester,Fjodor Kowalski
217,2011-01-31T14:14:00,2011-01-31T14:36:00,Purchasing Agent,Analyze Request for Quotation,Magdalena Predutta
217,2011-01-31T18:27:00,2011-01-31T18:47:00,Purchasing Agent,Send Request for Quotation to Supplier,Francois de Perrier
217,2011-01-31T22:33:00,2011-01-31T23:19:00,Purchasing Agent,Create Quotation comparison Map,Karel de Groot
217,2011-02-02T18:54:00,2011-02-02T19:06:00,Purchasing Agent,Create Purchase Order,Magdalena Predutta
217,2011-03-02T09:41:00,2011-03-02T09:55:00,Supplier,Confirm Purchase Order,Carmen Finacse
217,2011-04-02T07:26:00,2011-05-02T07:57:00,Supplier,Deliver Goods Services,Esmeralda Clay
217,2011-05-02T15:59:00,2011-05-02T16:00:00,Requester,Release Purchase Order,Esmana Liubiata
217,2011-05-03T00:19:00,2011-05-03T00:20:00,Purchasing Agent,Approve Purchase Order for payment,Magdalena Predutta
217,2011-06-02T05:59:00,2011-06-02T05:59:00,Supplier,Send invoice,Karen Clarens
217,2011-06-02T20:15:00,2011-06-02T20:17:00,Financial Manager,Release Supplier's Invoice,Karalda Nimwada
217,2011-06-02T20:17:00,2011-06-02T20:17:00,Financial Manager,Authorize Supplier's Invoice payment,Karalda Nimwada
217,2011-06-02T20:26:00,2011-06-02T20:38:00,Financial Manager,Pay invoice,Pedro Alvares
220,2011-01-28T11:10:00,2011-01-28T11:50:00,Requester,Create Purchase Requisition,Elvira Lores
220,2011-01-29T05:08:00,2011-01-29T05:13:00,Requester Manager,Analyze Purchase Requisition,Maris Freeman
220,2011-01-29T05:20:00,2011-01-29T05:22:00,Requester Manager,Create Request for Quotation Requester Manager,Maris Freeman
220,2011-01-31T12:24:00,2011-01-31T12:48:00,Purchasing Agent,Analyze Request for Quotation,Karel de Groot
221,2011-01-28T16:54:00,2011-01-28T17:36:00,Requester,Create Purchase Requisition,Anna Kaufmann
221,2011-01-28T18:06:00,2011-01-28T18:16:00,Requester,Create Request for Quotation Requester,Tesca Lobes
221,2011-01-31T01:44:00,2011-01-31T02:02:00,Purchasing Agent,Analyze Request for Quotation,Magdalena Predutta
221,2011-01-31T02:54:00,2011-01-31T03:06:00,Requester Manager,Amend Request for Quotation Requester,Penn Osterwalder
221,2011-01-31T04:46:00,2011-01-31T04:50:00,Purchasing Agent,Analyze Request for Quotation,Magdalena Predutta
221,2011-01-31T05:41:00,2011-01-31T05:52:00,Requester Manager,Amend Request for Quotation Requester,Miu Hanwan
221,2011-01-31T21:24:00,2011-01-31T21:38:00,Purchasing Agent,Analyze Request for Quotation,Magdalena Predutta
221,2011-02-02T11:53:00,2011-02-02T12:09:00,Purchasing Agent,Send Request for Quotation to Supplier,Francois de Perrier
221,2011-02-02T12:33:00,2011-02-02T17:28:00,Purchasing Agent,Create Quotation comparison Map,Francois de Perrier
221,2011-03-02T00:46:00,2011-03-02T01:03:00,Requester,Analyze Quotation comparison Map,Alberto Duport
221,2011-03-02T01:03:00,2011-03-02T01:03:00,Requester,Choose best option,Esmana Liubiata
221,2011-03-02T03:08:00,2011-03-02T09:49:00,Purchasing Agent,Settle conditions with supplier,Karel de Groot
221,2011-03-02T10:55:00,2011-03-02T11:07:00,Purchasing Agent,Create Purchase Order,Francois de Perrier
221,2011-03-02T19:01:00,2011-03-02T19:08:00,Supplier,Confirm Purchase Order,Kiu Kan
221,2011-04-02T22:19:00,2011-05-03T00:24:00,Supplier,Deliver Goods Services,Karen Clarens
221,2011-06-02T08:14:00,2011-06-02T08:15:00,Requester,Release Purchase Order,Elvira Lores
221,2011-06-02T17:46:00,2011-06-02T17:47:00,Purchasing Agent,Approve Purchase Order for payment,Magdalena Predutta
221,2011-07-02T01:10:00,2011-07-02T01:10:00,Supplier,Send invoice,Karen Clarens
221,2011-07-02T15:31:00,2011-07-02T15:33:00,Financial Manager,Release Supplier's Invoice,Karalda Nimwada
221,2011-07-02T15:33:00,2011-07-02T15:33:00,Financial Manager,Authorize Supplier's Invoice payment,Pedro Alvares
221,2011-07-02T15:40:00,2011-07-02T15:50:00,Financial Manager,Pay invoice,Karalda Nimwada
222,2011-01-02T10:28:00,2011-01-02T16:14:00,Purchasing Agent,Create Quotation comparison Map,Karel de Groot
222,2011-01-02T23:36:00,2011-01-02T23:47:00,Requester,Analyze Quotation comparison Map,Alberto Duport
222,2011-01-02T23:47:00,2011-01-02T23:47:00,Requester,Choose best option,Fjodor Kowalski
222,2011-01-29T06:54:00,2011-01-29T07:17:00,Requester,Create Purchase Requisition,Anne Olwada
222,2011-01-29T07:31:00,2011-01-29T07:41:00,Requester,Create Request for Quotation Requester,Nico Ojenbeer
222,2011-01-31T07:33:00,2011-01-31T07:52:00,Purchasing Agent,Analyze Request for Quotation,Karel de Groot
222,2011-01-31T08:42:00,2011-01-31T08:49:00,Requester Manager,Amend Request for Quotation Requester,Anne Olwada
222,2011-01-31T12:19:00,2011-01-31T12:42:00,Purchasing Agent,Analyze Request for Quotation,Magdalena Predutta
222,2011-01-31T20:03:00,2011-01-31T20:43:00,Purchasing Agent,Send Request for Quotation to Supplier,Magdalena Predutta
222,2011-03-02T00:22:00,2011-03-02T10:55:00,Purchasing Agent,Settle conditions with supplier,Francois de Perrier
222,2011-03-02T19:16:00,2011-03-02T19:29:00,Purchasing Agent,Create Purchase Order,Magdalena Predutta
222,2011-04-02T07:17:00,2011-04-02T07:26:00,Supplier,Confirm Purchase Order,Esmeralda Clay
222,2011-05-02T08:08:00,2011-07-02T07:01:00,Supplier,Deliver Goods Services,Esmeralda Clay
222,2011-07-02T14:26:00,2011-07-02T14:27:00,Requester,Release Purchase Order,Clement Duchot
222,2011-07-02T19:25:00,2011-07-02T19:26:00,Purchasing Agent,Approve Purchase Order for payment,Magdalena Predutta
222,2011-08-02T07:01:00,2011-08-02T07:01:00,Supplier,Send invoice,Carmen Finacse
222,2011-08-02T21:30:00,2011-08-02T21:36:00,Financial Manager,Release Supplier's Invoice,Pedro Alvares
222,2011-08-02T21:36:00,2011-08-02T21:36:00,Financial Manager,Authorize Supplier's Invoice payment,Pedro Alvares
222,2011-08-02T21:44:00,2011-08-02T21:48:00,Financial Manager,Pay invoice,Pedro Alvares
223,2011-01-02T10:14:00,2011-01-02T10:28:00,Purchasing Agent,Analyze Request for Quotation,Karel de Groot
223,2011-01-02T11:10:00,2011-01-02T11:23:00,Requester Manager,Amend Request for Quotation Requester,Kim Passa
223,2011-01-29T07:22:00,2011-01-29T07:50:00,Requester,Create Purchase Requisition,Elvira Lores
223,2011-01-29T14:09:00,2011-01-29T14:19:00,Requester,Create Request for Quotation Requester,Fjodor Kowalski
223,2011-02-14T20:46:00,2011-02-14T21:04:00,Purchasing Agent,Analyze Request for Quotation,Karel de Groot
223,2011-02-14T21:58:00,2011-02-14T22:04:00,Requester Manager,Amend Request for Quotation Requester,Clement Duchot
223,2011-03-16T20:23:00,2011-03-16T20:49:00,Purchasing Agent,Analyze Request for Quotation,Magdalena Predutta
223,2011-03-17T12:57:00,2011-03-17T13:22:00,Requester Manager,Amend Request for Quotation Requester Manager,Heinz Gutschmidt
223,2011-03-20T06:01:00,2011-03-20T06:30:00,Purchasing Agent,Analyze Request for Quotation,Karel de Groot
223,2011-03-20T22:26:00,2011-03-20T22:43:00,Requester Manager,Amend Request for Quotation Requester Manager,Heinz Gutschmidt
223,2011-04-04T23:24:00,2011-04-04T23:41:00,Purchasing Agent,Analyze Request for Quotation,Francois de Perrier
223,2011-04-05T00:31:00,2011-04-05T00:45:00,Requester Manager,Amend Request for Quotation Requester,Nico Ojenbeer
223,2011-04-21T17:44:00,2011-04-21T18:24:00,Purchasing Agent,Analyze Request for Quotation,Karel de Groot
223,2011-04-21T19:15:00,2011-04-21T19:29:00,Requester Manager,Amend Request for Quotation Requester,Nico Ojenbeer
223,2011-05-02T14:47:00,2011-05-02T14:53:00,Purchasing Agent,Analyze Request for Quotation,Francois de Perrier
223,2011-05-02T15:47:00,2011-05-02T15:56:00,Requester Manager,Amend Request for Quotation Requester,Anne Olwada
223,2011-05-13T02:47:00,2011-05-13T02:51:00,Financial Manager,Release Supplier's Invoice,Pedro Alvares
223,2011-05-13T02:51:00,2011-05-13T02:51:00,Financial Manager,Authorize Supplier's Invoice payment,Karalda Nimwada
223,2011-05-13T03:54:00,2011-05-13T04:05:00,Financial Manager,Pay invoice,Karalda Nimwada
223,2011-07-05T01:22:00,2011-07-05T01:49:00,Purchasing Agent,Analyze Request for Quotation,Francois de Perrier
223,2011-07-05T06:55:00,2011-07-05T07:19:00,Purchasing Agent,Send Request for Quotation to Supplier,Francois de Perrier
223,2011-07-05T08:44:00,2011-07-05T10:03:00,Purchasing Agent,Create Quotation comparison Map,Karel de Groot
223,2011-07-05T16:58:00,2011-07-05T17:09:00,Requester,Analyze Quotation comparison Map,Immanuel Karagianni
223,2011-07-05T17:09:00,2011-07-05T17:09:00,Requester,Choose best option,Tesca Lobes
223,2011-07-05T21:47:00,2011-08-05T04:25:00,Purchasing Agent,Settle conditions with supplier,Francois de Perrier
223,2011-08-05T06:01:00,2011-08-05T06:13:00,Purchasing Agent,Create Purchase Order,Francois de Perrier
223,2011-08-05T20:21:00,2011-08-05T20:28:00,Supplier,Confirm Purchase Order,Kiu Kan
223,2011-09-02T22:55:00,2011-09-02T22:58:00,Purchasing Agent,Analyze Request for Quotation,Karel de Groot
223,2011-09-02T23:53:00,2011-09-03T00:05:00,Requester Manager,Amend Request for Quotation Requester,Alberto Duport
223,2011-09-05T18:56:00,2011-11-05T13:38:00,Supplier,Deliver Goods Services,Kiu Kan
223,2011-10-02T06:00:00,2011-10-02T06:19:00,Purchasing Agent,Analyze Request for Quotation,Magdalena Predutta
223,2011-10-02T07:08:00,2011-10-02T07:16:00,Requester Manager,Amend Request for Quotation Requester,Esmana Liubiata
223,2011-11-05T20:39:00,2011-11-05T20:40:00,Requester,Release Purchase Order,Kim Passa
223,2011-12-05T04:27:00,2011-12-05T04:28:00,Purchasing Agent,Approve Purchase Order for payment,Karel de Groot
223,2011-12-05T11:27:00,2011-12-05T11:27:00,Supplier,Send invoice,Esmeralda Clay
229,2011-01-02T14:46:00,2011-01-02T15:07:00,Purchasing Agent,Analyze Request for Quotation,Francois de Perrier
229,2011-01-02T15:59:00,2011-01-02T16:13:00,Requester Manager,Amend Request for Quotation Requester,Nico Ojenbeer
229,2011-01-30T09:48:00,2011-01-30T10:44:00,Requester,Create Purchase Requisition,Elvira Lores
229,2011-01-30T12:07:00,2011-01-30T12:17:00,Requester,Create Request for Quotation Requester,Anna Kaufmann
229,2011-02-13T08:38:00,2011-02-14T08:10:00,Supplier,Deliver Goods Services,Esmeralda Clay
229,2011-02-14T15:28:00,2011-02-14T15:29:00,Requester,Release Purchase Order,Kim Passa
229,2011-02-14T18:38:00,2011-02-14T18:39:00,Purchasing Agent,Approve Purchase Order for payment,Francois de Perrier
229,2011-02-15T23:57:00,2011-02-15T23:57:00,Supplier,Send invoice,Kiu Kan
229,2011-02-16T14:14:00,2011-02-16T14:16:00,Financial Manager,Release Supplier's Invoice,Pedro Alvares
229,2011-02-16T14:16:00,2011-02-16T14:16:00,Financial Manager,Authorize Supplier's Invoice payment,Pedro Alvares
229,2011-02-16T14:33:00,2011-02-16T14:43:00,Financial Manager,Pay invoice,Pedro Alvares
229,2011-05-02T04:02:00,2011-05-02T04:36:00,Purchasing Agent,Analyze Request for Quotation,Karel de Groot
229,2011-05-02T22:54:00,2011-05-02T23:21:00,Purchasing Agent,Send Request for Quotation to Supplier,Magdalena Predutta
229,2011-06-02T09:25:00,2011-06-02T10:24:00,Purchasing Agent,Create Quotation comparison Map,Francois de Perrier
229,2011-06-02T17:37:00,2011-06-02T18:00:00,Requester,Analyze Quotation comparison Map,Fjodor Kowalski
229,2011-06-02T18:00:00,2011-06-02T18:00:00,Requester,Choose best option,Penn Osterwalder
229,2011-07-02T02:55:00,2011-07-02T11:52:00,Purchasing Agent,Settle conditions with supplier,Francois de Perrier
229,2011-07-02T16:14:00,2011-07-02T16:23:00,Purchasing Agent,Create Purchase Order,Francois de Perrier
229,2011-08-02T07:01:00,2011-08-02T07:22:00,Supplier,Confirm Purchase Order,Carmen Finacse
230,2011-01-30T23:25:00,2011-01-30T23:55:00,Requester,Create Purchase Requisition,Fjodor Kowalski
230,2011-01-31T03:13:00,2011-01-31T03:27:00,Requester,Create Request for Quotation Requester,Kim Passa
230,2011-01-31T05:09:00,2011-01-31T05:38:00,Purchasing Agent,Analyze Request for Quotation,Magdalena Predutta
230,2011-01-31T06:27:00,2011-01-31T06:41:00,Requester Manager,Amend Request for Quotation Requester,Anne Olwada
230,2011-01-31T10:45:00,2011-01-31T11:09:00,Purchasing Agent,Analyze Request for Quotation,Francois de Perrier
230,2011-01-31T12:15:00,2011-01-31T12:22:00,Requester Manager,Amend Request for Quotation Requester,Clement Duchot
230,2011-02-02T12:09:00,2011-02-02T12:33:00,Purchasing Agent,Analyze Request for Quotation,Francois de Perrier
230,2011-02-02T18:25:00,2011-02-02T18:52:00,Purchasing Agent,Send Request for Quotation to Supplier,Francois de Perrier
230,2011-02-02T21:30:00,2011-03-02T02:55:00,Purchasing Agent,Create Quotation comparison Map,Karel de Groot
230,2011-03-02T09:22:00,2011-03-02T09:47:00,Requester,Analyze Quotation comparison Map,Alberto Duport
230,2011-03-02T09:47:00,2011-03-02T09:47:00,Requester,Choose best option,Anna Kaufmann
230,2011-04-02T11:09:00,2011-04-02T17:43:00,Purchasing Agent,Settle conditions with supplier,Magdalena Predutta
230,2011-05-02T07:21:00,2011-05-02T07:29:00,Purchasing Agent,Create Purchase Order,Karel de Groot
230,2011-05-03T00:45:00,2011-06-02T01:02:00,Supplier,Confirm Purchase Order,Karen Clarens
230,2011-08-02T07:32:00,2011-10-02T07:45:00,Supplier,Deliver Goods Services,Carmen Finacse
230,2011-10-02T14:37:00,2011-10-02T14:38:00,Requester,Release Purchase Order,Kim Passa
230,2011-11-02T21:21:00,2011-11-02T21:22:00,Purchasing Agent,Approve Purchase Order for payment,Francois de Perrier
230,2011-12-02T03:42:00,2011-12-02T03:42:00,Supplier,Send invoice,Karen Clarens
230,2011-12-02T18:08:00,2011-12-02T18:15:00,Financial Manager,Release Supplier's Invoice,Pedro Alvares
230,2011-12-02T18:15:00,2011-12-02T18:15:00,Financial Manager,Authorize Supplier's Invoice payment,Karalda Nimwada
230,2011-12-02T19:14:00,2011-12-02T19:27:00,Financial Manager,Pay invoice,Pedro Alvares
232,2011-01-31T07:47:00,2011-01-31T08:34:00,Requester,Create Purchase Requisition,Immanuel Karagianni
232,2011-01-31T22:38:00,2011-01-31T22:42:00,Requester Manager,Analyze Purchase Requisition,Maris Freeman
232,2011-01-31T22:47:00,2011-01-31T22:49:00,Requester Manager,Create Request for Quotation Requester Manager,Francis Odell
232,2011-02-13T00:43:00,2011-02-13T00:44:00,Requester,Release Purchase Order,Tesca Lobes
232,2011-02-13T07:21:00,2011-02-13T07:22:00,Purchasing Agent,Approve Purchase Order for payment,Magdalena Predutta
232,2011-02-14T08:10:00,2011-02-14T08:10:00,Supplier,Send invoice,Esmeralda Clay
232,2011-02-14T22:33:00,2011-02-14T22:39:00,Financial Manager,Release Supplier's Invoice,Pedro Alvares
232,2011-02-14T23:12:00,2011-02-14T23:33:00,Financial Manager,Settle dispute with supplier Financial Manager,Karalda Nimwada
232,2011-02-14T23:33:00,2011-02-14T23:33:00,Financial Manager,Authorize Supplier's Invoice payment,Karalda Nimwada
232,2011-02-14T23:57:00,2011-02-15T00:05:00,Financial Manager,Pay invoice,Pedro Alvares
232,2011-05-02T08:24:00,2011-05-02T08:50:00,Purchasing Agent,Analyze Request for Quotation,Magdalena Predutta
232,2011-05-02T14:25:00,2011-05-02T14:47:00,Purchasing Agent,Send Request for Quotation to Supplier,Francois de Perrier
232,2011-05-02T15:54:00,2011-05-02T18:54:00,Purchasing Agent,Create Quotation comparison Map,Francois de Perrier
232,2011-06-02T01:22:00,2011-06-02T01:54:00,Requester,Analyze Quotation comparison Map,Kim Passa
232,2011-06-02T01:54:00,2011-06-02T01:54:00,Requester,Choose best option,Fjodor Kowalski
232,2011-06-02T09:09:00,2011-06-02T17:46:00,Purchasing Agent,Settle conditions with supplier,Magdalena Predutta
232,2011-06-02T21:34:00,2011-06-02T21:42:00,Purchasing Agent,Create Purchase Order,Francois de Perrier
232,2011-07-02T02:01:00,2011-07-02T02:33:00,Supplier,Confirm Purchase Order,Kiu Kan
232,2011-11-02T04:46:00,2011-12-02T17:11:00,Supplier,Deliver Goods Services,Sean Manney
233,2011-01-31T08:09:00,2011-01-31T08:51:00,Requester,Create Purchase Requisition,Miu Hanwan
233,2011-01-31T11:36:00,2011-01-31T11:43:00,Requester,Create Request for Quotation Requester,Esmana Liubiata
233,2011-02-13T07:44:00,2011-02-13T07:44:00,Supplier,Send invoice,Esmeralda Clay
233,2011-02-13T22:01:00,2011-02-13T22:08:00,Financial Manager,Release Supplier's Invoice,Karalda Nimwada
233,2011-02-13T22:42:00,2011-02-13T23:11:00,Financial Manager,Settle dispute with supplier Financial Manager,Pedro Alvares
233,2011-02-13T23:11:00,2011-02-13T23:11:00,Financial Manager,Authorize Supplier's Invoice payment,Pedro Alvares
233,2011-02-13T23:55:00,2011-02-14T00:04:00,Financial Manager,Pay invoice,Karalda Nimwada
233,2011-05-02T10:00:00,2011-05-02T10:41:00,Purchasing Agent,Analyze Request for Quotation,Magdalena Predutta
233,2011-05-02T12:50:00,2011-05-02T13:14:00,Purchasing Agent,Send Request for Quotation to Supplier,Magdalena Predutta
233,2011-05-02T14:12:00,2011-05-02T17:30:00,Purchasing Agent,Create Quotation comparison Map,Karel de Groot
233,2011-05-03T00:23:00,2011-05-03T00:49:00,Requester,Analyze Quotation comparison Map,Anne Olwada
233,2011-05-03T00:49:00,2011-05-03T00:49:00,Requester,Choose best option,Anne Olwada
233,2011-06-02T10:25:00,2011-06-02T21:34:00,Purchasing Agent,Settle conditions with supplier,Francois de Perrier
233,2011-06-02T23:37:00,2011-06-02T23:48:00,Purchasing Agent,Create Purchase Order,Magdalena Predutta
233,2011-08-02T01:57:00,2011-08-02T02:31:00,Supplier,Confirm Purchase Order,Esmeralda Clay
233,2011-09-02T12:15:00,2011-10-02T04:18:00,Supplier,Deliver Goods Services,Kiu Kan
233,2011-10-02T12:05:00,2011-10-02T12:06:00,Requester,Release Purchase Order,Alberto Duport
233,2011-12-02T20:56:00,2011-12-02T20:57:00,Purchasing Agent,Approve Purchase Order for payment,Magdalena Predutta
237,2011-01-02T00:34:00,2011-01-02T01:25:00,Requester,Create Purchase Requisition,Tesca Lobes
237,2011-01-02T02:50:00,2011-01-02T02:58:00,Requester,Create Request for Quotation Requester,Anne Olwada
237,2011-09-02T20:36:00,2011-09-02T20:58:00,Purchasing Agent,Analyze Request for Quotation,Francois de Perrier
237,2011-09-02T21:46:00,2011-09-02T21:55:00,Requester Manager,Amend Request for Quotation Requester,Immanuel Karagianni
237,2011-11-02T10:43:00,2011-11-02T11:11:00,Purchasing Agent,Analyze Request for Quotation,Francois de Perrier
24,2011-01-14T16:22:00,2011-01-14T16:22:00,Supplier,Send invoice,Carmen Finacse
24,2011-01-15T06:46:00,2011-01-15T06:49:00,Financial Manager,Release Supplier's Invoice,Pedro Alvares
24,2011-01-15T06:49:00,2011-01-15T06:49:00,Financial Manager,Authorize Supplier's Invoice payment,Pedro Alvares
24,2011-01-15T07:16:00,2011-01-15T07:22:00,Financial Manager,Pay invoice,Karalda Nimwada
24,2011-03-01T02:18:00,2011-03-01T02:34:00,Requester,Create Purchase Requisition,Miu Hanwan
24,2011-03-01T05:02:00,2011-03-01T05:09:00,Requester,Create Request for Quotation Requester,Nico Ojenbeer
24,2011-03-01T12:16:00,2011-03-01T12:41:00,Purchasing Agent,Analyze Request for Quotation,Francois de Perrier
24,2011-04-01T05:41:00,2011-04-01T05:56:00,Requester Manager,Amend Request for Quotation Requester Manager,Heinz Gutschmidt
24,2011-04-01T09:52:00,2011-04-01T10:11:00,Purchasing Agent,Analyze Request for Quotation,Karel de Groot
24,2011-05-01T07:15:00,2011-05-01T07:33:00,Purchasing Agent,Send Request for Quotation to Supplier,Karel de Groot
24,2011-05-01T18:24:00,2011-05-01T19:41:00,Purchasing Agent,Create Quotation comparison Map,Magdalena Predutta
24,2011-06-01T02:28:00,2011-06-01T02:54:00,Requester,Analyze Quotation comparison Map,Kim Passa
24,2011-06-01T02:54:00,2011-06-01T02:54:00,Requester,Choose best option,Immanuel Karagianni
24,2011-06-01T07:36:00,2011-06-01T14:34:00,Purchasing Agent,Settle conditions with supplier,Karel de Groot
24,2011-06-01T16:05:00,2011-06-01T16:11:00,Purchasing Agent,Create Purchase Order,Magdalena Predutta
24,2011-07-01T01:19:00,2011-07-01T01:33:00,Supplier,Confirm Purchase Order,Kiu Kan
24,2011-07-01T09:31:00,2011-09-01T05:22:00,Supplier,Deliver Goods Services,Esmeralda Clay
24,2011-09-01T13:28:00,2011-09-01T13:29:00,Requester,Release Purchase Order,Alberto Duport
24,2011-12-01T00:59:00,2011-12-01T01:00:00,Purchasing Agent,Approve Purchase Order for payment,Karel de Groot
242,2011-02-02T02:18:00,2011-02-02T02:26:00,Requester,Create Purchase Requisition,Kim Passa
242,2011-02-02T17:18:00,2011-02-02T17:23:00,Requester Manager,Analyze Purchase Requisition,Maris Freeman
242,2011-02-02T17:28:00,2011-02-02T17:31:00,Requester Manager,Create Request for Quotation Requester Manager,Maris Freeman
242,2011-05-02T07:45:00,2011-05-02T08:24:00,Purchasing Agent,Analyze Request for Quotation,Magdalena Predutta
242,2011-05-02T17:30:00,2011-05-02T17:58:00,Purchasing Agent,Send Request for Quotation to Supplier,Karel de Groot
242,2011-05-02T18:04:00,2011-05-02T21:38:00,Purchasing Agent,Create Quotation comparison Map,Magdalena Predutta
242,2011-06-02T04:21:00,2011-06-02T04:54:00,Requester,Analyze Quotation comparison Map,Esmana Liubiata
242,2011-06-02T04:54:00,2011-06-02T04:54:00,Requester,Choose best option,Clement Duchot
242,2011-07-02T08:57:00,2011-07-02T19:11:00,Purchasing Agent,Settle conditions with supplier,Magdalena Predutta
242,2011-08-02T03:04:00,2011-08-02T03:14:00,Purchasing Agent,Create Purchase Order,Magdalena Predutta
242,2011-08-02T07:22:00,2011-08-02T07:32:00,Supplier,Confirm Purchase Order,Carmen Finacse
242,2011-09-02T13:46:00,2011-10-02T16:45:00,Supplier,Deliver Goods Services,Karen Clarens
242,2011-10-03T00:30:00,2011-10-03T00:31:00,Requester,Release Purchase Order,Miu Hanwan
242,2011-11-02T15:38:00,2011-11-02T15:39:00,Purchasing Agent,Approve Purchase Order for payment,Karel de Groot
242,2011-12-02T08:19:00,2011-12-02T08:19:00,Supplier,Send invoice,Kiu Kan
242,2011-12-02T22:33:00,2011-12-02T22:38:00,Financial Manager,Release Supplier's Invoice,Karalda Nimwada
242,2011-12-02T22:38:00,2011-12-02T22:38:00,Financial Manager,Authorize Supplier's Invoice payment,Karalda Nimwada
242,2011-12-02T22:54:00,2011-12-02T23:08:00,Financial Manager,Pay invoice,Pedro Alvares
247,2011-02-02T17:52:00,2011-02-02T18:20:00,Requester,Create Purchase Requisition,Alberto Duport
247,2011-02-13T16:25:00,2011-02-13T16:25:00,Supplier,Send invoice,Kiu Kan
247,2011-02-14T06:41:00,2011-02-14T06:44:00,Financial Manager,Release Supplier's Invoice,Pedro Alvares
247,2011-02-14T06:44:00,2011-02-14T06:44:00,Financial Manager,Authorize Supplier's Invoice payment,Pedro Alvares
247,2011-02-14T07:03:00,2011-02-14T07:09:00,Financial Manager,Pay invoice,Pedro Alvares
247,2011-03-02T16:14:00,2011-03-02T16:22:00,Requester Manager,Analyze Purchase Requisition,Maris Freeman
247,2011-03-02T16:30:00,2011-03-02T16:31:00,Requester Manager,Create Request for Quotation Requester Manager,Francis Odell
247,2011-05-02T07:10:00,2011-05-02T07:28:00,Purchasing Agent,Analyze Request for Quotation,Magdalena Predutta
247,2011-05-02T08:18:00,2011-05-02T08:27:00,Requester Manager,Amend Request for Quotation Requester,Immanuel Karagianni
247,2011-05-02T11:29:00,2011-05-02T11:48:00,Purchasing Agent,Analyze Request for Quotation,Magdalena Predutta
247,2011-05-02T18:49:00,2011-05-02T19:21:00,Purchasing Agent,Send Request for Quotation to Supplier,Karel de Groot
247,2011-05-02T21:38:00,2011-05-02T22:29:00,Purchasing Agent,Create Quotation comparison Map,Magdalena Predutta
247,2011-06-02T05:18:00,2011-06-02T05:26:00,Requester,Analyze Quotation comparison Map,Miu Hanwan
247,2011-06-02T05:26:00,2011-06-02T05:26:00,Requester,Choose best option,Miu Hanwan
247,2011-06-02T23:48:00,2011-07-02T08:36:00,Purchasing Agent,Settle conditions with supplier,Magdalena Predutta
247,2011-07-02T16:23:00,2011-07-02T16:34:00,Purchasing Agent,Create Purchase Order,Francois de Perrier
247,2011-08-02T01:11:00,2011-08-02T01:24:00,Supplier,Confirm Purchase Order,Esmeralda Clay
247,2011-10-02T02:17:00,2011-11-02T16:21:00,Supplier,Deliver Goods Services,Esmeralda Clay
247,2011-11-02T23:47:00,2011-11-02T23:48:00,Requester,Release Purchase Order,Anne Olwada
247,2011-12-02T11:02:00,2011-12-02T11:03:00,Purchasing Agent,Approve Purchase Order for payment,Francois de Perrier
248,2011-02-02T19:41:00,2011-02-02T20:35:00,Requester,Create Purchase Requisition,Immanuel Karagianni
248,2011-02-13T07:44:00,2011-02-13T07:49:00,Supplier,Confirm Purchase Order,Esmeralda Clay
248,2011-02-16T23:02:00,2011-02-18T07:21:00,Supplier,Deliver Goods Services,Karen Clarens
248,2011-02-18T15:04:00,2011-02-18T15:05:00,Requester,Release Purchase Order,Anne Olwada
248,2011-02-18T23:05:00,2011-02-18T23:06:00,Purchasing Agent,Approve Purchase Order for payment,Magdalena Predutta
248,2011-02-19T09:20:00,2011-02-19T09:20:00,Supplier,Send invoice,Karen Clarens
248,2011-02-19T23:50:00,2011-02-19T23:55:00,Financial Manager,Release Supplier's Invoice,Pedro Alvares
248,2011-02-19T23:55:00,2011-02-19T23:55:00,Financial Manager,Authorize Supplier's Invoice payment,Karalda Nimwada
248,2011-02-20T00:01:00,2011-02-20T00:11:00,Financial Manager,Pay invoice,Pedro Alvares
248,2011-03-02T08:15:00,2011-03-02T08:20:00,Requester Manager,Analyze Purchase Requisition,Maris Freeman
248,2011-03-02T08:27:00,2011-03-02T08:30:00,Requester Manager,Create Request for Quotation Requester Manager,Francis Odell
248,2011-04-02T08:56:00,2011-04-02T09:15:00,Purchasing Agent,Analyze Request for Quotation,Karel de Groot
248,2011-04-02T10:03:00,2011-04-02T10:14:00,Requester Manager,Amend Request for Quotation Requester,Christian Francois
248,2011-05-02T08:57:00,2011-05-02T09:17:00,Purchasing Agent,Analyze Request for Quotation,Magdalena Predutta
248,2011-05-02T10:02:00,2011-05-02T10:09:00,Requester Manager,Amend Request for Quotation Requester,Nico Ojenbeer
248,2011-08-02T02:33:00,2011-08-02T02:54:00,Purchasing Agent,Analyze Request for Quotation,Magdalena Predutta
248,2011-08-02T03:55:00,2011-08-02T04:09:00,Requester Manager,Amend Request for Quotation Requester,Elvira Lores
248,2011-09-02T16:54:00,2011-09-02T17:15:00,Purchasing Agent,Analyze Request for Quotation,Karel de Groot
248,2011-10-02T14:45:00,2011-10-02T14:56:00,Purchasing Agent,Send Request for Quotation to Supplier,Karel de Groot
248,2011-10-02T16:10:00,2011-10-02T21:21:00,Purchasing Agent,Create Quotation comparison Map,Francois de Perrier
248,2011-11-02T03:06:00,2011-11-02T03:29:00,Requester,Analyze Quotation comparison Map,Tesca Lobes
248,2011-11-02T03:29:00,2011-11-02T03:29:00,Requester,Choose best option,Kim Passa
248,2011-11-02T16:42:00,2011-11-02T22:29:00,Purchasing Agent,Settle conditions with supplier,Magdalena Predutta
248,2011-12-02T05:23:00,2011-12-02T05:33:00,Purchasing Agent,Create Purchase Order,Magdalena Predutta
249,2011-02-15T05:06:00,2011-02-15T05:18:00,Purchasing Agent,Analyze Request for Quotation,Francois de Perrier
249,2011-02-15T06:12:00,2011-02-15T06:21:00,Requester Manager,Amend Request for Quotation Requester,Immanuel Karagianni
249,2011-02-17T00:05:00,2011-02-17T00:36:00,Purchasing Agent,Analyze Request for Quotation,Francois de Perrier
249,2011-02-17T01:41:00,2011-02-17T01:49:00,Requester Manager,Amend Request for Quotation Requester,Immanuel Karagianni
249,2011-02-20T07:47:00,2011-02-20T08:02:00,Purchasing Agent,Analyze Request for Quotation,Magdalena Predutta
249,2011-02-20T08:58:00,2011-02-20T09:11:00,Requester Manager,Amend Request for Quotation Requester,Elvira Lores
249,2011-02-25T07:14:00,2011-02-25T07:35:00,Purchasing Agent,Analyze Request for Quotation,Karel de Groot
249,2011-02-25T08:28:00,2011-02-25T08:42:00,Requester Manager,Amend Request for Quotation Requester,Christian Francois
249,2011-02-28T09:09:00,2011-02-28T09:30:00,Purchasing Agent,Analyze Request for Quotation,Magdalena Predutta
249,2011-02-28T10:20:00,2011-02-28T10:30:00,Requester Manager,Amend Request for Quotation Requester,Clement Duchot
249,2011-03-02T03:57:00,2011-03-02T04:20:00,Requester,Create Purchase Requisition,Anna Kaufmann
249,2011-03-02T18:38:00,2011-03-02T18:45:00,Requester Manager,Analyze Purchase Requisition,Maris Freeman
249,2011-03-02T18:50:00,2011-03-02T18:52:00,Requester Manager,Create Request for Quotation Requester Manager,Francis Odell
249,2011-03-14T06:44:00,2011-03-14T07:07:00,Purchasing Agent,Analyze Request for Quotation,Francois de Perrier
249,2011-03-14T07:57:00,2011-03-14T08:02:00,Requester Manager,Amend Request for Quotation Requester,Miu Hanwan
249,2011-03-20T06:47:00,2011-03-20T07:11:00,Purchasing Agent,Analyze Request for Quotation,Francois de Perrier
249,2011-03-20T08:06:00,2011-03-20T08:15:00,Requester Manager,Amend Request for Quotation Requester,Penn Osterwalder
249,2011-03-26T08:33:00,2011-03-26T08:53:00,Purchasing Agent,Analyze Request for Quotation,Karel de Groot
249,2011-03-27T03:08:00,2011-03-27T03:28:00,Requester Manager,Amend Request for Quotation Requester Manager,Maris Freeman
249,2011-04-13T18:20:00,2011-04-13T18:51:00,Purchasing Agent,Analyze Request for Quotation,Magdalena Predutta
249,2011-04-15T11:45:00,2011-04-15T12:09:00,Purchasing Agent,Send Request for Quotation to Supplier,Karel de Groot
249,2011-04-15T12:29:00,2011-04-15T13:46:00,Purchasing Agent,Create Quotation comparison Map,Francois de Perrier
249,2011-04-15T20:04:00,2011-04-15T20:20:00,Requester,Analyze Quotation comparison Map,Kim Passa
249,2011-04-15T20:20:00,2011-04-15T20:20:00,Requester,Choose best option,Anne Olwada
249,2011-04-16T07:19:00,2011-04-16T17:20:00,Purchasing Agent,Settle conditions with supplier,Magdalena Predutta
249,2011-04-17T01:31:00,2011-04-17T01:39:00,Purchasing Agent,Create Purchase Order,Karel de Groot
249,2011-04-18T08:11:00,2011-04-18T08:45:00,Supplier,Confirm Purchase Order,Sean Manney
249,2011-04-20T16:26:00,2011-04-21T18:12:00,Supplier,Deliver Goods Services,Sean Manney
249,2011-04-22T01:51:00,2011-04-22T01:52:00,Requester,Release Purchase Order,Clement Duchot
249,2011-04-23T04:58:00,2011-04-23T04:59:00,Purchasing Agent,Approve Purchase Order for payment,Francois de Perrier
249,2011-04-25T06:57:00,2011-04-25T06:57:00,Supplier,Send invoice,Kiu Kan
249,2011-04-25T21:18:00,2011-04-25T21:22:00,Financial Manager,Release Supplier's Invoice,Karalda Nimwada
249,2011-04-25T21:22:00,2011-04-25T21:22:00,Financial Manager,Authorize Supplier's Invoice payment,Karalda Nimwada
249,2011-04-25T22:22:00,2011-04-25T22:31:00,Financial Manager,Pay invoice,Pedro Alvares
249,2011-05-02T13:26:00,2011-05-02T13:57:00,Purchasing Agent,Analyze Request for Quotation,Francois de Perrier
249,2011-05-02T14:42:00,2011-05-02T14:53:00,Requester Manager,Amend Request for Quotation Requester,Miu Hanwan
249,2011-07-02T19:45:00,2011-07-02T20:09:00,Purchasing Agent,Analyze Request for Quotation,Karel de Groot
249,2011-07-02T21:04:00,2011-07-02T21:16:00,Requester Manager,Amend Request for Quotation Requester,Penn Osterwalder
250,2011-02-13T16:56:00,2011-02-13T16:56:00,Supplier,Send invoice,Kiu Kan
250,2011-02-14T07:14:00,2011-02-14T07:16:00,Financial Manager,Release Supplier's Invoice,Pedro Alvares
250,2011-02-14T07:22:00,2011-02-14T07:45:00,Financial Manager,Settle dispute with supplier Financial Manager,Pedro Alvares
250,2011-02-14T07:45:00,2011-02-14T07:45:00,Financial Manager,Authorize Supplier's Invoice payment,Pedro Alvares
250,2011-02-14T08:50:00,2011-02-14T09:03:00,Financial Manager,Pay invoice,Pedro Alvares
250,2011-03-02T04:38:00,2011-03-02T04:56:00,Requester,Create Purchase Requisition,Nico Ojenbeer
250,2011-04-02T05:50:00,2011-04-02T05:54:00,Requester Manager,Analyze Purchase Requisition,Heinz Gutschmidt
250,2011-04-02T06:01:00,2011-04-02T06:03:00,Requester Manager,Create Request for Quotation Requester Manager,Francis Odell
250,2011-05-02T23:21:00,2011-05-02T23:55:00,Purchasing Agent,Analyze Request for Quotation,Magdalena Predutta
250,2011-07-02T07:07:00,2011-07-02T07:32:00,Purchasing Agent,Send Request for Quotation to Supplier,Karel de Groot
250,2011-07-02T08:40:00,2011-07-02T09:56:00,Purchasing Agent,Create Quotation comparison Map,Karel de Groot
250,2011-07-02T16:56:00,2011-07-02T17:06:00,Requester,Analyze Quotation comparison Map,Fjodor Kowalski
250,2011-07-02T17:06:00,2011-07-02T17:06:00,Requester,Choose best option,Esmana Liubiata
250,2011-07-02T21:27:00,2011-08-02T03:17:00,Purchasing Agent,Settle conditions with supplier,Karel de Groot
250,2011-08-02T04:51:00,2011-08-02T05:02:00,Purchasing Agent,Create Purchase Order,Magdalena Predutta
250,2011-08-02T12:14:00,2011-08-02T12:48:00,Supplier,Confirm Purchase Order,Sean Manney
250,2011-10-03T00:22:00,2011-12-02T03:20:00,Supplier,Deliver Goods Services,Karen Clarens
250,2011-12-02T11:26:00,2011-12-02T11:27:00,Requester,Release Purchase Order,Anne Olwada
250,2011-12-02T23:10:00,2011-12-02T23:11:00,Purchasing Agent,Approve Purchase Order for payment,Karel de Groot
251,2011-04-02T01:09:00,2011-04-02T01:39:00,Requester,Create Purchase Requisition,Christian Francois
251,2011-04-02T02:07:00,2011-04-02T02:17:00,Requester,Create Request for Quotation Requester,Clement Duchot
251,2011-05-02T09:40:00,2011-05-02T10:00:00,Purchasing Agent,Analyze Request for Quotation,Magdalena Predutta
251,2011-05-02T10:54:00,2011-05-02T11:04:00,Requester Manager,Amend Request for Quotation Requester,Miu Hanwan
251,2011-08-02T05:02:00,2011-08-02T05:24:00,Purchasing Agent,Analyze Request for Quotation,Magdalena Predutta
254,2011-02-14T08:38:00,2011-02-14T08:38:00,Supplier,Deliver Goods Services,Sean Manney
254,2011-02-14T15:58:00,2011-02-14T15:59:00,Requester,Release Purchase Order,Elvira Lores
254,2011-02-15T00:38:00,2011-02-15T00:39:00,Purchasing Agent,Approve Purchase Order for payment,Karel de Groot
254,2011-02-15T23:14:00,2011-02-15T23:14:00,Supplier,Send invoice,Kiu Kan
254,2011-02-16T13:42:00,2011-02-16T13:44:00,Financial Manager,Release Supplier's Invoice,Karalda Nimwada
254,2011-02-16T13:44:00,2011-02-16T13:44:00,Financial Manager,Authorize Supplier's Invoice payment,Karalda Nimwada
254,2011-02-16T14:00:00,2011-02-16T14:05:00,Financial Manager,Pay invoice,Karalda Nimwada
254,2011-04-02T20:04:00,2011-04-02T20:27:00,Requester,Create Purchase Requisition,Miu Hanwan
254,2011-05-02T03:26:00,2011-05-02T03:36:00,Requester,Create Request for Quotation Requester,Penn Osterwalder
254,2011-05-02T11:48:00,2011-05-02T12:11:00,Purchasing Agent,Analyze Request for Quotation,Magdalena Predutta
254,2011-07-02T08:36:00,2011-07-02T08:57:00,Purchasing Agent,Send Request for Quotation to Supplier,Magdalena Predutta
254,2011-07-02T11:59:00,2011-07-02T16:06:00,Purchasing Agent,Create Quotation comparison Map,Francois de Perrier
254,2011-07-02T22:48:00,2011-07-02T22:58:00,Requester,Analyze Quotation comparison Map,Clement Duchot
254,2011-07-02T22:58:00,2011-07-02T22:58:00,Requester,Choose best option,Nico Ojenbeer
254,2011-08-02T03:52:00,2011-08-02T17:37:00,Purchasing Agent,Settle conditions with supplier,Francois de Perrier
254,2011-08-02T21:13:00,2011-08-02T21:23:00,Purchasing Agent,Create Purchase Order,Magdalena Predutta
254,2011-09-02T11:53:00,2011-09-02T12:15:00,Supplier,Confirm Purchase Order,Kiu Kan
254,2011-12-02T17:45:00,2011-12-02T17:45:00,Supplier,Deliver Goods Services,Sean Manney
257,2011-02-16T10:30:00,2011-02-16T10:50:00,Purchasing Agent,Analyze Request for Quotation,Francois de Perrier
257,2011-02-16T11:39:00,2011-02-16T11:48:00,Requester Manager,Amend Request for Quotation Requester,Kim Passa
257,2011-02-18T02:23:00,2011-02-18T02:47:00,Purchasing Agent,Analyze Request for Quotation,Karel de Groot
257,2011-05-02T11:19:00,2011-05-02T11:33:00,Requester,Create Purchase Requisition,Nico Ojenbeer
257,2011-05-02T21:18:00,2011-05-02T21:23:00,Requester Manager,Analyze Purchase Requisition,Heinz Gutschmidt
257,2011-05-02T21:28:00,2011-05-02T21:29:00,Requester Manager,Create Request for Quotation Requester Manager,Francis Odell
257,2011-07-02T06:32:00,2011-07-02T07:07:00,Purchasing Agent,Analyze Request for Quotation,Karel de Groot
257,2011-07-02T08:01:00,2011-07-02T08:09:00,Requester Manager,Amend Request for Quotation Requester,Alberto Duport
257,2011-08-02T01:07:00,2011-08-02T01:26:00,Purchasing Agent,Analyze Request for Quotation,Magdalena Predutta
257,2011-08-02T02:16:00,2011-08-02T02:28:00,Requester Manager,Amend Request for Quotation Requester,Fjodor Kowalski
257,2011-12-02T18:25:00,2011-12-02T18:40:00,Purchasing Agent,Analyze Request for Quotation,Francois de Perrier
257,2011-12-02T19:26:00,2011-12-02T19:33:00,Requester Manager,Amend Request for Quotation Requester,Alberto Duport
258,2011-02-14T07:42:00,2011-02-14T07:42:00,Supplier,Deliver Goods Services,Carmen Finacse
258,2011-02-14T15:37:00,2011-02-14T15:38:00,Requester,Release Purchase Order,Immanuel Karagianni
258,2011-02-15T00:31:00,2011-02-15T00:32:00,Purchasing Agent,Approve Purchase Order for payment,Francois de Perrier
258,2011-02-15T08:10:00,2011-02-15T08:10:00,Supplier,Send invoice,Karen Clarens
258,2011-02-15T22:27:00,2011-02-15T22:30:00,Financial Manager,Release Supplier's Invoice,Pedro Alvares
258,2011-02-15T23:24:00,2011-02-15T23:55:00,Financial Manager,Settle dispute with supplier Financial Manager,Karalda Nimwada
258,2011-02-15T23:55:00,2011-02-15T23:55:00,Financial Manager,Authorize Supplier's Invoice payment,Karalda Nimwada
258,2011-02-16T00:01:00,2011-02-16T00:08:00,Financial Manager,Pay invoice,Pedro Alvares
258,2011-05-02T14:51:00,2011-05-02T15:27:00,Requester,Create Purchase Requisition,Clement Duchot
258,2011-06-02T06:36:00,2011-06-02T06:45:00,Requester Manager,Analyze Purchase Requisition,Maris Freeman
258,2011-06-02T06:49:00,2011-06-02T06:52:00,Requester Manager,Create Request for Quotation Requester Manager,Maris Freeman
258,2011-08-02T17:37:00,2011-08-02T18:09:00,Purchasing Agent,Analyze Request for Quotation,Francois de Perrier
258,2011-09-02T11:08:00,2011-09-02T11:36:00,Purchasing Agent,Send Request for Quotation to Supplier,Karel de Groot
258,2011-09-02T12:13:00,2011-09-02T14:57:00,Purchasing Agent,Create Quotation comparison Map,Karel de Groot
258,2011-09-02T21:28:00,2011-09-02T21:45:00,Requester,Analyze Quotation comparison Map,Immanuel Karagianni
258,2011-09-02T21:45:00,2011-09-02T21:45:00,Requester,Choose best option,Miu Hanwan
258,2011-09-02T23:48:00,2011-10-02T04:38:00,Purchasing Agent,Settle conditions with supplier,Francois de Perrier
258,2011-10-02T07:23:00,2011-10-02T07:35:00,Purchasing Agent,Create Purchase Order,Magdalena Predutta
258,2011-12-02T08:19:00,2011-12-02T08:47:00,Supplier,Confirm Purchase Order,Kiu Kan
258,2011-12-02T18:08:00,2011-12-02T18:08:00,Supplier,Deliver Goods Services,Carmen Finacse
259,2011-02-13T15:06:00,2011-02-14T07:42:00,Supplier,Deliver Goods Services,Karen Clarens
259,2011-02-14T15:21:00,2011-02-14T15:22:00,Requester,Release Purchase Order,Christian Francois
259,2011-02-14T22:06:00,2011-02-14T22:07:00,Purchasing Agent,Approve Purchase Order for payment,Karel de Groot
259,2011-02-15T08:36:00,2011-02-15T08:36:00,Supplier,Send invoice,Karen Clarens
259,2011-02-15T22:51:00,2011-02-15T22:55:00,Financial Manager,Release Supplier's Invoice,Karalda Nimwada
259,2011-02-15T22:55:00,2011-02-15T22:55:00,Financial Manager,Authorize Supplier's Invoice payment,Pedro Alvares
259,2011-02-15T23:05:00,2011-02-15T23:14:00,Financial Manager,Pay invoice,Karalda Nimwada
259,2011-05-02T15:13:00,2011-05-02T15:26:00,Requester,Create Purchase Requisition,Esmana Liubiata
259,2011-06-02T05:28:00,2011-06-02T05:32:00,Requester Manager,Analyze Purchase Requisition,Francis Odell
259,2011-06-02T05:38:00,2011-06-02T05:39:00,Requester Manager,Create Request for Quotation Requester Manager,Francis Odell
259,2011-09-02T17:24:00,2011-09-02T17:55:00,Purchasing Agent,Analyze Request for Quotation,Karel de Groot
259,2011-10-02T04:23:00,2011-10-02T04:53:00,Purchasing Agent,Send Request for Quotation to Supplier,Magdalena Predutta
259,2011-10-02T07:35:00,2011-10-02T08:25:00,Purchasing Agent,Create Quotation comparison Map,Magdalena Predutta
259,2011-10-02T14:59:00,2011-10-02T15:30:00,Requester,Analyze Quotation comparison Map,Alberto Duport
259,2011-10-02T15:30:00,2011-10-02T15:30:00,Requester,Choose best option,Fjodor Kowalski
259,2011-10-03T00:46:00,2011-11-02T06:29:00,Purchasing Agent,Settle conditions with supplier,Karel de Groot
259,2011-11-02T15:25:00,2011-11-02T15:38:00,Purchasing Agent,Create Purchase Order,Karel de Groot
259,2011-12-02T04:46:00,2011-12-02T05:06:00,Supplier,Confirm Purchase Order,Carmen Finacse
27,2011-03-01T16:22:00,2011-03-01T17:16:00,Requester,Create Purchase Requisition,Alberto Duport
27,2011-04-01T06:27:00,2011-04-01T06:32:00,Requester Manager,Analyze Purchase Requisition,Francis Odell
27,2011-04-01T06:37:00,2011-04-01T06:39:00,Requester Manager,Create Request for Quotation Requester Manager,Maris Freeman
27,2011-04-01T10:23:00,2011-04-01T10:51:00,Purchasing Agent,Analyze Request for Quotation,Karel de Groot
27,2011-04-01T17:48:00,2011-04-01T18:09:00,Purchasing Agent,Send Request for Quotation to Supplier,Karel de Groot
27,2011-04-02T00:34:00,2011-05-01T05:41:00,Purchasing Agent,Create Quotation comparison Map,Magdalena Predutta
27,2011-05-01T12:08:00,2011-05-01T12:25:00,Requester,Analyze Quotation comparison Map,Alberto Duport
27,2011-05-01T12:25:00,2011-05-01T12:25:00,Requester,Choose best option,Alberto Duport
27,2011-06-01T02:42:00,2011-06-01T13:20:00,Purchasing Agent,Settle conditions with supplier,Francois de Perrier
27,2011-06-01T16:10:00,2011-06-01T16:17:00,Purchasing Agent,Create Purchase Order,Francois de Perrier
27,2011-07-01T02:19:00,2011-07-01T02:28:00,Supplier,Confirm Purchase Order,Kiu Kan
27,2011-07-01T10:12:00,2011-07-01T15:43:00,Supplier,Deliver Goods Services,Karen Clarens
27,2011-07-01T23:11:00,2011-07-01T23:12:00,Requester,Release Purchase Order,Fjodor Kowalski
27,2011-09-01T07:10:00,2011-09-01T07:11:00,Purchasing Agent,Approve Purchase Order for payment,Francois de Perrier
27,2011-09-02T00:11:00,2011-09-02T00:11:00,Supplier,Send invoice,Karen Clarens
27,2011-10-01T14:38:00,2011-10-01T14:43:00,Financial Manager,Release Supplier's Invoice,Pedro Alvares
27,2011-10-01T14:43:00,2011-10-01T14:43:00,Financial Manager,Authorize Supplier's Invoice payment,Pedro Alvares
27,2011-10-01T15:30:00,2011-10-01T15:41:00,Financial Manager,Pay invoice,Pedro Alvares
272,2011-02-13T15:53:00,2011-02-13T16:10:00,Supplier,Confirm Purchase Order,Kiu Kan
272,2011-02-15T20:46:00,2011-02-16T23:02:00,Supplier,Deliver Goods Services,Karen Clarens
272,2011-02-17T06:49:00,2011-02-17T06:50:00,Requester,Release Purchase Order,Penn Osterwalder
272,2011-02-17T12:28:00,2011-02-17T12:29:00,Purchasing Agent,Approve Purchase Order for payment,Francois de Perrier
272,2011-02-18T03:02:00,2011-02-18T03:02:00,Supplier,Send invoice,Sean Manney
272,2011-02-18T17:18:00,2011-02-18T17:21:00,Financial Manager,Release Supplier's Invoice,Karalda Nimwada
272,2011-02-18T17:21:00,2011-02-18T17:21:00,Financial Manager,Authorize Supplier's Invoice payment,Karalda Nimwada
272,2011-02-18T18:07:00,2011-02-18T18:14:00,Financial Manager,Pay invoice,Pedro Alvares
272,2011-07-02T02:48:00,2011-07-02T03:26:00,Requester,Create Purchase Requisition,Immanuel Karagianni
272,2011-07-02T04:30:00,2011-07-02T04:41:00,Requester,Create Request for Quotation Requester,Esmana Liubiata
272,2011-09-02T10:45:00,2011-09-02T11:08:00,Purchasing Agent,Analyze Request for Quotation,Karel de Groot
272,2011-10-02T03:04:00,2011-10-02T03:30:00,Purchasing Agent,Send Request for Quotation to Supplier,Karel de Groot
272,2011-10-02T03:50:00,2011-10-02T09:07:00,Purchasing Agent,Create Quotation comparison Map,Karel de Groot
272,2011-10-02T15:36:00,2011-10-02T16:09:00,Requester,Analyze Quotation comparison Map,Clement Duchot
272,2011-10-02T16:09:00,2011-10-02T16:09:00,Requester,Choose best option,Anna Kaufmann
272,2011-11-02T07:23:00,2011-11-02T16:17:00,Purchasing Agent,Settle conditions with supplier,Magdalena Predutta
272,2011-12-02T17:19:00,2011-12-02T17:31:00,Purchasing Agent,Create Purchase Order,Magdalena Predutta
278,2011-02-13T02:37:00,2011-02-13T02:38:00,Requester,Release Purchase Order,Esmana Liubiata
278,2011-02-13T17:05:00,2011-02-13T17:06:00,Purchasing Agent,Approve Purchase Order for payment,Magdalena Predutta
278,2011-02-14T07:42:00,2011-02-14T07:42:00,Supplier,Send invoice,Karen Clarens
278,2011-02-14T22:01:00,2011-02-14T22:06:00,Financial Manager,Release Supplier's Invoice,Pedro Alvares
278,2011-02-14T22:06:00,2011-02-14T22:06:00,Financial Manager,Authorize Supplier's Invoice payment,Pedro Alvares
278,2011-02-14T22:34:00,2011-02-14T22:40:00,Financial Manager,Pay invoice,Karalda Nimwada
278,2011-07-02T14:53:00,2011-07-02T15:34:00,Requester,Create Purchase Requisition,Elvira Lores
278,2011-08-02T14:38:00,2011-08-02T14:45:00,Requester Manager,Analyze Purchase Requisition,Maris Freeman
278,2011-08-02T14:51:00,2011-08-02T14:54:00,Requester Manager,Create Request for Quotation Requester Manager,Francis Odell
278,2011-09-02T23:11:00,2011-09-02T23:47:00,Purchasing Agent,Analyze Request for Quotation,Francois de Perrier
278,2011-09-03T00:35:00,2011-09-03T00:46:00,Requester Manager,Amend Request for Quotation Requester,Fjodor Kowalski
278,2011-10-02T04:53:00,2011-10-02T05:12:00,Purchasing Agent,Analyze Request for Quotation,Magdalena Predutta
278,2011-10-02T09:48:00,2011-10-02T10:17:00,Purchasing Agent,Send Request for Quotation to Supplier,Karel de Groot
278,2011-10-02T14:22:00,2011-10-02T17:41:00,Purchasing Agent,Create Quotation comparison Map,Magdalena Predutta
278,2011-10-03T00:36:00,2011-10-03T00:52:00,Requester,Analyze Quotation comparison Map,Nico Ojenbeer
278,2011-10-03T00:52:00,2011-10-03T00:52:00,Requester,Choose best option,Penn Osterwalder
278,2011-11-02T07:51:00,2011-11-02T15:25:00,Purchasing Agent,Settle conditions with supplier,Karel de Groot
278,2011-11-02T16:08:00,2011-11-02T16:16:00,Purchasing Agent,Create Purchase Order,Karel de Groot
278,2011-11-02T21:04:00,2011-11-02T21:32:00,Supplier,Confirm Purchase Order,Esmeralda Clay
278,2011-12-02T08:47:00,2011-12-02T18:52:00,Supplier,Deliver Goods Services,Kiu Kan
279,2011-02-13T15:53:00,2011-02-13T15:53:00,Supplier,Deliver Goods Services,Kiu Kan
279,2011-02-13T23:07:00,2011-02-13T23:08:00,Requester,Release Purchase Order,Anne Olwada
279,2011-02-14T13:50:00,2011-02-14T13:51:00,Purchasing Agent,Approve Purchase Order for payment,Karel de Groot
279,2011-02-15T08:36:00,2011-02-15T08:36:00,Supplier,Send invoice,Karen Clarens
279,2011-02-15T22:56:00,2011-02-15T23:00:00,Financial Manager,Release Supplier's Invoice,Pedro Alvares
279,2011-02-15T23:00:00,2011-02-15T23:00:00,Financial Manager,Authorize Supplier's Invoice payment,Karalda Nimwada
279,2011-02-15T23:13:00,2011-02-15T23:24:00,Financial Manager,Pay invoice,Pedro Alvares
279,2011-07-02T16:01:00,2011-07-02T16:56:00,Requester,Create Purchase Requisition,Esmana Liubiata
279,2011-07-03T00:21:00,2011-07-03T00:28:00,Requester,Create Request for Quotation Requester,Esmana Liubiata
279,2011-09-02T16:22:00,2011-09-02T16:54:00,Purchasing Agent,Analyze Request for Quotation,Karel de Groot
279,2011-10-02T06:19:00,2011-10-02T06:44:00,Purchasing Agent,Send Request for Quotation to Supplier,Magdalena Predutta
279,2011-10-02T10:17:00,2011-10-02T14:07:00,Purchasing Agent,Create Quotation comparison Map,Karel de Groot
279,2011-10-02T21:15:00,2011-10-02T21:24:00,Requester,Analyze Quotation comparison Map,Nico Ojenbeer
279,2011-10-02T21:24:00,2011-10-02T21:24:00,Requester,Choose best option,Elvira Lores
279,2011-11-02T00:12:00,2011-11-02T10:43:00,Purchasing Agent,Settle conditions with supplier,Francois de Perrier
279,2011-11-02T18:01:00,2011-11-02T18:12:00,Purchasing Agent,Create Purchase Order,Karel de Groot
279,2011-12-02T03:20:00,2011-12-02T03:42:00,Supplier,Confirm Purchase Order,Karen Clarens
279,2011-12-02T18:52:00,2011-12-02T18:52:00,Supplier,Deliver Goods Services,Kiu Kan
280,2011-02-13T17:13:00,2011-02-13T17:40:00,Supplier,Confirm Purchase Order,Kiu Kan
280,2011-02-15T23:57:00,2011-02-16T18:02:00,Supplier,Deliver Goods Services,Kiu Kan
280,2011-02-17T01:54:00,2011-02-17T01:55:00,Requester,Release Purchase Order,Esmana Liubiata
280,2011-02-17T06:55:00,2011-02-17T06:56:00,Purchasing Agent,Approve Purchase Order for payment,Magdalena Predutta
280,2011-02-17T12:49:00,2011-02-17T12:49:00,Supplier,Send invoice,Kiu Kan
280,2011-02-18T03:05:00,2011-02-18T03:12:00,Financial Manager,Release Supplier's Invoice,Karalda Nimwada
280,2011-02-18T03:12:00,2011-02-18T03:12:00,Financial Manager,Authorize Supplier's Invoice payment,Pedro Alvares
280,2011-02-18T04:04:00,2011-02-18T04:17:00,Financial Manager,Pay invoice,Karalda Nimwada
280,2011-07-02T20:49:00,2011-07-02T20:58:00,Requester,Create Purchase Requisition,Anna Kaufmann
280,2011-08-02T02:25:00,2011-08-02T02:36:00,Requester,Create Request for Quotation Requester,Elvira Lores
280,2011-09-02T22:16:00,2011-09-02T22:43:00,Purchasing Agent,Analyze Request for Quotation,Francois de Perrier
280,2011-10-02T08:25:00,2011-10-02T09:04:00,Purchasing Agent,Send Request for Quotation to Supplier,Magdalena Predutta
280,2011-10-02T21:21:00,2011-10-03T00:44:00,Purchasing Agent,Create Quotation comparison Map,Francois de Perrier
280,2011-11-02T06:44:00,2011-11-02T07:07:00,Requester,Analyze Quotation comparison Map,Anne Olwada
280,2011-11-02T07:07:00,2011-11-02T07:07:00,Requester,Choose best option,Immanuel Karagianni
280,2011-11-02T12:15:00,2011-11-02T20:50:00,Purchasing Agent,Settle conditions with supplier,Francois de Perrier
280,2011-12-02T18:07:00,2011-12-02T18:18:00,Purchasing Agent,Create Purchase Order,Karel de Groot
281,2011-02-14T18:58:00,2011-02-14T19:23:00,Purchasing Agent,Analyze Request for Quotation,Karel de Groot
281,2011-02-14T20:10:00,2011-02-14T20:15:00,Requester Manager,Amend Request for Quotation Requester,Fjodor Kowalski
281,2011-02-15T10:56:00,2011-02-15T11:09:00,Purchasing Agent,Analyze Request for Quotation,Magdalena Predutta
281,2011-02-15T19:08:00,2011-02-15T19:36:00,Purchasing Agent,Send Request for Quotation to Supplier,Francois de Perrier
281,2011-02-15T22:03:00,2011-02-16T03:24:00,Purchasing Agent,Create Quotation comparison Map,Karel de Groot
281,2011-02-16T09:55:00,2011-02-16T10:03:00,Requester,Analyze Quotation comparison Map,Nico Ojenbeer
281,2011-02-16T10:03:00,2011-02-16T10:03:00,Requester,Choose best option,Kim Passa
281,2011-02-16T19:17:00,2011-02-16T23:45:00,Purchasing Agent,Settle conditions with supplier,Magdalena Predutta
281,2011-02-17T15:50:00,2011-02-17T16:02:00,Purchasing Agent,Create Purchase Order,Francois de Perrier
281,2011-02-18T03:02:00,2011-02-18T03:11:00,Supplier,Confirm Purchase Order,Sean Manney
281,2011-02-20T17:18:00,2011-02-22T16:33:00,Supplier,Deliver Goods Services,Esmeralda Clay
281,2011-02-23T00:21:00,2011-02-23T00:22:00,Requester,Release Purchase Order,Anne Olwada
281,2011-02-23T06:00:00,2011-02-23T06:01:00,Purchasing Agent,Approve Purchase Order for payment,Francois de Perrier
281,2011-02-23T18:55:00,2011-02-23T18:55:00,Supplier,Send invoice,Kiu Kan
281,2011-02-24T09:14:00,2011-02-24T09:20:00,Financial Manager,Release Supplier's Invoice,Pedro Alvares
281,2011-02-24T09:20:00,2011-02-24T09:20:00,Financial Manager,Authorize Supplier's Invoice payment,Pedro Alvares
281,2011-02-24T10:04:00,2011-02-24T10:09:00,Financial Manager,Pay invoice,Pedro Alvares
281,2011-07-02T22:59:00,2011-07-02T23:19:00,Requester,Create Purchase Requisition,Alberto Duport
281,2011-07-02T23:56:00,2011-07-03T00:06:00,Requester,Create Request for Quotation Requester,Nico Ojenbeer
281,2011-09-02T22:33:00,2011-09-02T22:55:00,Purchasing Agent,Analyze Request for Quotation,Karel de Groot
281,2011-09-02T23:28:00,2011-09-02T23:36:00,Requester Manager,Amend Request for Quotation Requester,Tesca Lobes
282,2011-02-13T01:28:00,2011-02-13T01:28:00,Purchasing Agent,Create Quotation comparison Map,Magdalena Predutta
282,2011-02-13T07:54:00,2011-02-13T08:09:00,Requester,Analyze Quotation comparison Map,Elvira Lores
282,2011-02-13T08:09:00,2011-02-13T08:09:00,Requester,Choose best option,Fjodor Kowalski
282,2011-02-13T19:48:00,2011-02-14T03:12:00,Purchasing Agent,Settle conditions with supplier,Francois de Perrier
282,2011-02-14T05:28:00,2011-02-14T05:37:00,Purchasing Agent,Create Purchase Order,Karel de Groot
282,2011-02-15T08:10:00,2011-02-15T08:36:00,Supplier,Confirm Purchase Order,Karen Clarens
282,2011-02-18T16:30:00,2011-02-20T16:32:00,Supplier,Deliver Goods Services,Esmeralda Clay
282,2011-02-21T00:30:00,2011-02-21T00:31:00,Requester,Release Purchase Order,Miu Hanwan
282,2011-02-21T18:14:00,2011-02-21T18:15:00,Purchasing Agent,Approve Purchase Order for payment,Francois de Perrier
282,2011-02-23T01:48:00,2011-02-23T01:48:00,Supplier,Send invoice,Karen Clarens
282,2011-02-23T16:07:00,2011-02-23T16:13:00,Financial Manager,Release Supplier's Invoice,Karalda Nimwada
282,2011-02-23T16:13:00,2011-02-23T16:13:00,Financial Manager,Authorize Supplier's Invoice payment,Karalda Nimwada
282,2011-02-23T17:04:00,2011-02-23T17:17:00,Financial Manager,Pay invoice,Karalda Nimwada
282,2011-08-02T02:28:00,2011-08-02T03:23:00,Requester,Create Purchase Requisition,Anna Kaufmann
282,2011-08-02T08:49:00,2011-08-02T08:58:00,Requester,Create Request for Quotation Requester,Miu Hanwan
282,2011-09-02T07:50:00,2011-09-02T08:24:00,Purchasing Agent,Analyze Request for Quotation,Magdalena Predutta
282,2011-09-02T09:18:00,2011-09-02T09:26:00,Requester Manager,Amend Request for Quotation Requester,Miu Hanwan
282,2011-12-02T06:50:00,2011-12-02T07:15:00,Purchasing Agent,Analyze Request for Quotation,Karel de Groot
282,2011-12-02T09:47:00,2011-12-02T10:20:00,Purchasing Agent,Send Request for Quotation to Supplier,Francois de Perrier
282,2011-12-02T23:41:00,2011-12-02T23:41:00,Purchasing Agent,Create Quotation comparison Map,Magdalena Predutta
283,2011-08-02T07:14:00,2011-08-02T07:43:00,Requester,Create Purchase Requisition,Fjodor Kowalski
283,2011-08-02T20:43:00,2011-08-02T20:50:00,Requester Manager,Analyze Purchase Requisition,Maris Freeman
283,2011-08-02T20:57:00,2011-08-02T20:59:00,Requester Manager,Create Request for Quotation Requester Manager,Francis Odell
283,2011-09-02T15:47:00,2011-09-02T16:01:00,Purchasing Agent,Analyze Request for Quotation,Karel de Groot
284,2011-02-14T17:06:00,2011-02-14T17:18:00,Purchasing Agent,Analyze Request for Quotation,Francois de Perrier
284,2011-02-14T21:24:00,2011-02-14T21:51:00,Purchasing Agent,Send Request for Quotation to Supplier,Magdalena Predutta
284,2011-02-14T22:29:00,2011-02-15T02:42:00,Purchasing Agent,Create Quotation comparison Map,Magdalena Predutta
284,2011-02-15T08:54:00,2011-02-15T09:12:00,Requester,Analyze Quotation comparison Map,Anna Kaufmann
284,2011-02-15T09:12:00,2011-02-15T09:12:00,Requester,Choose best option,Kim Passa
284,2011-02-16T14:59:00,2011-02-17T00:05:00,Purchasing Agent,Settle conditions with supplier,Francois de Perrier
284,2011-02-18T03:18:00,2011-02-18T03:28:00,Purchasing Agent,Create Purchase Order,Magdalena Predutta
284,2011-02-18T16:10:00,2011-02-18T16:21:00,Supplier,Confirm Purchase Order,Esmeralda Clay
284,2011-02-19T10:08:00,2011-02-19T19:04:00,Supplier,Deliver Goods Services,Kiu Kan
284,2011-02-20T03:05:00,2011-02-20T03:06:00,Requester,Release Purchase Order,Kim Passa
284,2011-02-20T07:10:00,2011-02-20T07:11:00,Purchasing Agent,Approve Purchase Order for payment,Francois de Perrier
284,2011-02-21T08:33:00,2011-02-21T08:33:00,Supplier,Send invoice,Sean Manney
284,2011-02-21T22:54:00,2011-02-21T22:58:00,Financial Manager,Release Supplier's Invoice,Karalda Nimwada
284,2011-02-21T22:58:00,2011-02-21T22:58:00,Financial Manager,Authorize Supplier's Invoice payment,Karalda Nimwada
284,2011-02-21T23:55:00,2011-02-22T00:01:00,Financial Manager,Pay invoice,Pedro Alvares
284,2011-08-02T07:42:00,2011-08-02T07:54:00,Requester,Create Purchase Requisition,Immanuel Karagianni
284,2011-08-02T11:35:00,2011-08-02T11:43:00,Requester,Create Request for Quotation Requester,Tesca Lobes
284,2011-09-02T06:34:00,2011-09-02T06:51:00,Purchasing Agent,Analyze Request for Quotation,Francois de Perrier
284,2011-09-02T07:42:00,2011-09-02T07:51:00,Requester Manager,Amend Request for Quotation Requester,Kim Passa
287,2011-02-23T05:14:00,2011-02-23T05:37:00,Purchasing Agent,Analyze Request for Quotation,Francois de Perrier
287,2011-08-02T18:38:00,2011-08-02T19:13:00,Requester,Create Purchase Requisition,Esmana Liubiata
287,2011-09-02T08:41:00,2011-09-02T08:48:00,Requester Manager,Analyze Purchase Requisition,Heinz Gutschmidt
287,2011-09-02T20:27:00,2011-09-02T20:50:00,Requester,Amend Purchase Requisition,Miu Hanwan
287,2011-10-02T02:54:00,2011-10-02T03:06:00,Requester,Create Request for Quotation Requester,Anna Kaufmann
29,2011-01-13T01:41:00,2011-01-13T01:48:00,Financial Manager,Release Supplier's Invoice,Pedro Alvares
29,2011-01-13T02:18:00,2011-01-13T02:32:00,Financial Manager,Settle dispute with supplier Financial Manager,Karalda Nimwada
29,2011-01-13T02:32:00,2011-01-13T02:32:00,Financial Manager,Authorize Supplier's Invoice payment,Pedro Alvares
29,2011-01-13T02:58:00,2011-01-13T03:08:00,Financial Manager,Pay invoice,Karalda Nimwada
29,2011-04-01T02:27:00,2011-04-01T02:46:00,Requester,Create Purchase Requisition,Penn Osterwalder
29,2011-04-01T17:25:00,2011-04-01T17:29:00,Requester Manager,Analyze Purchase Requisition,Francis Odell
29,2011-04-01T17:35:00,2011-04-01T17:37:00,Requester Manager,Create Request for Quotation Requester Manager,Maris Freeman
29,2011-04-01T19:03:00,2011-04-01T19:42:00,Purchasing Agent,Analyze Request for Quotation,Magdalena Predutta
29,2011-05-01T08:08:00,2011-05-01T08:44:00,Purchasing Agent,Send Request for Quotation to Supplier,Karel de Groot
29,2011-06-01T05:00:00,2011-06-01T10:43:00,Purchasing Agent,Create Quotation comparison Map,Magdalena Predutta
29,2011-06-01T17:25:00,2011-06-01T17:33:00,Requester,Analyze Quotation comparison Map,Alberto Duport
29,2011-06-01T17:33:00,2011-06-01T17:33:00,Requester,Choose best option,Fjodor Kowalski
29,2011-06-01T20:57:00,2011-07-01T08:00:00,Purchasing Agent,Settle conditions with supplier,Francois de Perrier
29,2011-07-01T20:17:00,2011-07-01T20:26:00,Purchasing Agent,Create Purchase Order,Francois de Perrier
29,2011-08-01T13:28:00,2011-08-01T13:59:00,Supplier,Confirm Purchase Order,Sean Manney
29,2011-09-01T06:02:00,2011-10-01T17:07:00,Supplier,Deliver Goods Services,Carmen Finacse
29,2011-10-02T00:42:00,2011-10-02T00:43:00,Requester,Release Purchase Order,Alberto Duport
29,2011-11-01T22:40:00,2011-11-01T22:41:00,Purchasing Agent,Approve Purchase Order for payment,Magdalena Predutta
29,2011-12-01T11:19:00,2011-12-01T11:19:00,Supplier,Send invoice,Kiu Kan
290,2011-02-13T00:16:00,2011-02-13T03:39:00,Purchasing Agent,Create Quotation comparison Map,Karel de Groot
290,2011-02-13T09:59:00,2011-02-13T10:23:00,Requester,Analyze Quotation comparison Map,Alberto Duport
290,2011-02-13T10:23:00,2011-02-13T10:23:00,Requester,Choose best option,Nico Ojenbeer
290,2011-02-14T05:25:00,2011-02-14T19:11:00,Purchasing Agent,Settle conditions with supplier,Magdalena Predutta
290,2011-02-14T20:07:00,2011-02-14T20:18:00,Purchasing Agent,Create Purchase Order,Karel de Groot
290,2011-02-15T20:16:00,2011-02-15T20:46:00,Supplier,Confirm Purchase Order,Karen Clarens
290,2011-02-18T07:21:00,2011-02-18T16:21:00,Supplier,Deliver Goods Services,Karen Clarens
290,2011-02-18T23:33:00,2011-02-18T23:34:00,Requester,Release Purchase Order,Immanuel Karagianni
290,2011-02-19T07:46:00,2011-02-19T07:47:00,Purchasing Agent,Approve Purchase Order for payment,Francois de Perrier
290,2011-02-22T08:59:00,2011-02-22T08:59:00,Supplier,Send invoice,Karen Clarens
290,2011-02-22T23:15:00,2011-02-22T23:18:00,Financial Manager,Release Supplier's Invoice,Pedro Alvares
290,2011-02-22T23:18:00,2011-02-22T23:18:00,Financial Manager,Authorize Supplier's Invoice payment,Pedro Alvares
290,2011-02-22T23:51:00,2011-02-22T23:57:00,Financial Manager,Pay invoice,Karalda Nimwada
290,2011-09-02T07:31:00,2011-09-02T08:14:00,Requester,Create Purchase Requisition,Clement Duchot
290,2011-09-02T15:59:00,2011-09-02T16:08:00,Requester,Create Request for Quotation Requester,Alberto Duport
290,2011-09-02T19:17:00,2011-09-02T19:58:00,Purchasing Agent,Analyze Request for Quotation,Francois de Perrier
290,2011-11-02T20:50:00,2011-11-02T21:21:00,Purchasing Agent,Send Request for Quotation to Supplier,Francois de Perrier
293,2011-02-14T21:41:00,2011-02-14T21:54:00,Purchasing Agent,Analyze Request for Quotation,Francois de Perrier
293,2011-02-15T00:06:00,2011-02-15T00:38:00,Purchasing Agent,Send Request for Quotation to Supplier,Karel de Groot
293,2011-02-15T01:02:00,2011-02-15T03:02:00,Purchasing Agent,Create Quotation comparison Map,Karel de Groot
293,2011-02-15T09:04:00,2011-02-15T09:16:00,Requester,Analyze Quotation comparison Map,Miu Hanwan
293,2011-02-15T09:16:00,2011-02-15T09:16:00,Requester,Choose best option,Kim Passa
293,2011-02-15T11:04:00,2011-02-15T19:08:00,Purchasing Agent,Settle conditions with supplier,Francois de Perrier
293,2011-02-15T21:12:00,2011-02-15T21:18:00,Purchasing Agent,Create Purchase Order,Karel de Groot
293,2011-02-16T07:14:00,2011-02-16T07:24:00,Supplier,Confirm Purchase Order,Carmen Finacse
293,2011-02-17T13:00:00,2011-02-17T16:56:00,Supplier,Deliver Goods Services,Kiu Kan
293,2011-02-18T00:28:00,2011-02-18T00:29:00,Requester,Release Purchase Order,Kim Passa
293,2011-02-18T15:49:00,2011-02-18T15:50:00,Purchasing Agent,Approve Purchase Order for payment,Magdalena Predutta
293,2011-02-20T17:10:00,2011-02-20T17:10:00,Supplier,Send invoice,Esmeralda Clay
293,2011-02-21T07:28:00,2011-02-21T07:31:00,Financial Manager,Release Supplier's Invoice,Pedro Alvares
293,2011-02-21T08:04:00,2011-02-21T08:33:00,Financial Manager,Settle dispute with supplier Financial Manager,Pedro Alvares
293,2011-02-21T08:33:00,2011-02-21T08:33:00,Financial Manager,Authorize Supplier's Invoice payment,Pedro Alvares
293,2011-02-21T08:49:00,2011-02-21T09:00:00,Financial Manager,Pay invoice,Pedro Alvares
293,2011-09-02T13:06:00,2011-09-02T13:54:00,Requester,Create Purchase Requisition,Elvira Lores
293,2011-10-02T06:44:00,2011-10-02T06:53:00,Requester Manager,Analyze Purchase Requisition,Francis Odell
293,2011-10-02T06:58:00,2011-10-02T07:00:00,Requester Manager,Create Request for Quotation Requester Manager,Francis Odell
294,2011-02-15T04:16:00,2011-02-15T04:34:00,Purchasing Agent,Analyze Request for Quotation,Francois de Perrier
294,2011-02-15T05:20:00,2011-02-15T05:33:00,Requester Manager,Amend Request for Quotation Requester,Miu Hanwan
294,2011-02-19T12:29:00,2011-02-19T12:49:00,Purchasing Agent,Analyze Request for Quotation,Francois de Perrier
294,2011-02-20T06:40:00,2011-02-20T07:10:00,Purchasing Agent,Send Request for Quotation to Supplier,Francois de Perrier
294,2011-02-20T07:44:00,2011-02-20T10:11:00,Purchasing Agent,Create Quotation comparison Map,Francois de Perrier
294,2011-02-20T16:44:00,2011-02-20T17:13:00,Requester,Analyze Quotation comparison Map,Immanuel Karagianni
294,2011-02-20T17:13:00,2011-02-20T17:13:00,Requester,Choose best option,Alberto Duport
294,2011-02-21T01:00:00,2011-02-21T06:26:00,Purchasing Agent,Settle conditions with supplier,Magdalena Predutta
294,2011-02-21T07:00:00,2011-02-21T07:13:00,Purchasing Agent,Create Purchase Order,Magdalena Predutta
294,2011-02-21T17:03:00,2011-02-21T17:08:00,Supplier,Confirm Purchase Order,Carmen Finacse
294,2011-02-23T02:02:00,2011-02-23T17:44:00,Supplier,Deliver Goods Services,Sean Manney
294,2011-02-24T01:16:00,2011-02-24T01:17:00,Requester,Release Purchase Order,Esmana Liubiata
294,2011-02-24T14:14:00,2011-02-24T14:15:00,Purchasing Agent,Approve Purchase Order for payment,Francois de Perrier
294,2011-02-25T16:39:00,2011-02-25T16:39:00,Supplier,Send invoice,Esmeralda Clay
294,2011-02-26T06:57:00,2011-02-26T07:02:00,Financial Manager,Release Supplier's Invoice,Karalda Nimwada
294,2011-02-26T07:02:00,2011-02-26T07:02:00,Financial Manager,Authorize Supplier's Invoice payment,Karalda Nimwada
294,2011-02-26T07:21:00,2011-02-26T07:30:00,Financial Manager,Pay invoice,Karalda Nimwada
294,2011-09-02T15:41:00,2011-09-02T16:37:00,Requester,Create Purchase Requisition,Kim Passa
294,2011-10-02T02:39:00,2011-10-02T02:44:00,Requester Manager,Analyze Purchase Requisition,Francis Odell
294,2011-10-02T02:49:00,2011-10-02T02:51:00,Requester Manager,Create Request for Quotation Requester Manager,Heinz Gutschmidt
294,2011-10-02T05:12:00,2011-10-02T06:00:00,Purchasing Agent,Analyze Request for Quotation,Magdalena Predutta
294,2011-10-02T06:54:00,2011-10-02T07:04:00,Requester Manager,Amend Request for Quotation Requester,Anna Kaufmann
295,2011-02-15T18:51:00,2011-02-15T19:05:00,Purchasing Agent,Analyze Request for Quotation,Magdalena Predutta
295,2011-09-02T17:55:00,2011-09-02T18:37:00,Requester,Create Purchase Requisition,Tesca Lobes
295,2011-09-02T19:40:00,2011-09-02T19:53:00,Requester,Create Request for Quotation Requester,Kim Passa
295,2011-12-02T18:18:00,2011-12-02T18:47:00,Purchasing Agent,Analyze Request for Quotation,Karel de Groot
295,2011-12-02T19:29:00,2011-12-02T19:38:00,Requester Manager,Amend Request for Quotation Requester,Kim Passa
30,2011-01-14T01:49:00,2011-01-14T01:49:00,Supplier,Deliver Goods Services,Kiu Kan
30,2011-01-14T09:34:00,2011-01-14T09:35:00,Requester,Release Purchase Order,Esmana Liubiata
30,2011-01-15T17:04:00,2011-01-15T17:05:00,Purchasing Agent,Approve Purchase Order for payment,Francois de Perrier
30,2011-01-17T04:35:00,2011-01-17T04:35:00,Supplier,Send invoice,Kiu Kan
30,2011-01-17T18:54:00,2011-01-17T18:58:00,Financial Manager,Release Supplier's Invoice,Pedro Alvares
30,2011-01-17T19:16:00,2011-01-17T19:41:00,Financial Manager,Settle dispute with supplier Financial Manager,Karalda Nimwada
30,2011-01-17T19:41:00,2011-01-17T19:41:00,Financial Manager,Authorize Supplier's Invoice payment,Pedro Alvares
30,2011-01-17T20:04:00,2011-01-17T20:09:00,Financial Manager,Pay invoice,Karalda Nimwada
30,2011-04-01T12:33:00,2011-04-01T13:17:00,Requester,Create Purchase Requisition,Alberto Duport
30,2011-05-01T13:03:00,2011-05-01T13:09:00,Requester Manager,Analyze Purchase Requisition,Francis Odell
30,2011-05-01T13:14:00,2011-05-01T13:15:00,Requester Manager,Create Request for Quotation Requester Manager,Maris Freeman
30,2011-05-01T17:54:00,2011-05-01T18:24:00,Purchasing Agent,Analyze Request for Quotation,Magdalena Predutta
30,2011-05-01T19:14:00,2011-05-01T19:28:00,Requester Manager,Amend Request for Quotation Requester,Alberto Duport
30,2011-06-01T21:11:00,2011-06-01T21:29:00,Purchasing Agent,Analyze Request for Quotation,Magdalena Predutta
30,2011-06-01T22:11:00,2011-06-01T22:22:00,Requester Manager,Amend Request for Quotation Requester,Alberto Duport
30,2011-07-01T07:26:00,2011-07-01T07:53:00,Purchasing Agent,Analyze Request for Quotation,Karel de Groot
30,2011-07-01T08:48:00,2011-07-01T09:02:00,Requester Manager,Amend Request for Quotation Requester,Fjodor Kowalski
30,2011-08-01T02:17:00,2011-08-01T02:36:00,Purchasing Agent,Analyze Request for Quotation,Magdalena Predutta
30,2011-08-01T09:35:00,2011-08-01T09:51:00,Purchasing Agent,Send Request for Quotation to Supplier,Karel de Groot
30,2011-09-01T17:48:00,2011-09-01T21:14:00,Purchasing Agent,Create Quotation comparison Map,Magdalena Predutta
30,2011-10-01T04:05:00,2011-10-01T04:12:00,Requester,Analyze Quotation comparison Map,Christian Francois
30,2011-10-01T04:12:00,2011-10-01T04:12:00,Requester,Choose best option,Christian Francois
30,2011-10-01T06:14:00,2011-10-01T19:36:00,Purchasing Agent,Settle conditions with supplier,Magdalena Predutta
30,2011-11-01T06:05:00,2011-11-01T06:14:00,Purchasing Agent,Create Purchase Order,Francois de Perrier
30,2011-11-01T10:44:00,2011-11-01T11:04:00,Supplier,Confirm Purchase Order,Carmen Finacse
30,2011-12-01T11:19:00,2011-12-01T11:19:00,Supplier,Deliver Goods Services,Kiu Kan
306,2011-02-14T13:06:00,2011-02-14T13:27:00,Purchasing Agent,Analyze Request for Quotation,Karel de Groot
306,2011-02-15T04:34:00,2011-02-15T05:06:00,Purchasing Agent,Send Request for Quotation to Supplier,Francois de Perrier
306,2011-02-15T09:16:00,2011-02-15T13:03:00,Purchasing Agent,Create Quotation comparison Map,Karel de Groot
306,2011-02-15T20:04:00,2011-02-15T20:12:00,Requester,Analyze Quotation comparison Map,Kim Passa
306,2011-02-15T20:12:00,2011-02-15T20:12:00,Requester,Choose best option,Penn Osterwalder
306,2011-02-17T16:02:00,2011-02-18T01:12:00,Purchasing Agent,Settle conditions with supplier,Francois de Perrier
306,2011-02-18T01:51:00,2011-02-18T01:59:00,Purchasing Agent,Create Purchase Order,Karel de Groot
306,2011-02-18T16:21:00,2011-02-18T16:30:00,Supplier,Confirm Purchase Order,Esmeralda Clay
306,2011-02-19T19:04:00,2011-02-21T07:06:00,Supplier,Deliver Goods Services,Kiu Kan
306,2011-02-21T14:36:00,2011-02-21T14:37:00,Requester,Release Purchase Order,Christian Francois
306,2011-02-21T19:40:00,2011-02-22T04:42:00,Purchasing Agent,Settle dispute with supplier Purchasing Agent,Francois de Perrier
306,2011-02-22T11:55:00,2011-02-22T11:56:00,Requester,Release Purchase Order,Miu Hanwan
306,2011-02-23T04:39:00,2011-02-23T04:40:00,Purchasing Agent,Approve Purchase Order for payment,Magdalena Predutta
306,2011-02-23T20:39:00,2011-02-23T20:39:00,Supplier,Send invoice,Esmeralda Clay
306,2011-02-24T11:06:00,2011-02-24T11:10:00,Financial Manager,Release Supplier's Invoice,Pedro Alvares
306,2011-02-24T11:13:00,2011-02-24T11:13:00,Financial Manager,Authorize Supplier's Invoice payment,Pedro Alvares
306,2011-02-24T12:12:00,2011-02-24T12:24:00,Financial Manager,Pay invoice,Pedro Alvares
306,2011-12-02T16:52:00,2011-12-02T17:12:00,Requester,Create Purchase Requisition,Clement Duchot
306,2011-12-02T21:42:00,2011-12-02T21:53:00,Requester,Create Request for Quotation Requester,Christian Francois
308,2011-02-14T16:39:00,2011-02-14T17:06:00,Purchasing Agent,Analyze Request for Quotation,Francois de Perrier
308,2011-02-14T23:23:00,2011-02-14T23:36:00,Purchasing Agent,Send Request for Quotation to Supplier,Francois de Perrier
308,2011-02-15T00:32:00,2011-02-15T04:16:00,Purchasing Agent,Create Quotation comparison Map,Francois de Perrier
308,2011-02-15T10:29:00,2011-02-15T10:56:00,Requester,Analyze Quotation comparison Map,Esmana Liubiata
308,2011-02-15T10:56:00,2011-02-15T10:56:00,Requester,Choose best option,Anne Olwada
308,2011-02-15T19:18:00,2011-02-15T23:36:00,Purchasing Agent,Settle conditions with supplier,Magdalena Predutta
308,2011-02-16T05:03:00,2011-02-16T05:10:00,Purchasing Agent,Create Purchase Order,Magdalena Predutta
308,2011-02-17T16:56:00,2011-02-17T17:07:00,Supplier,Confirm Purchase Order,Kiu Kan
308,2011-02-18T16:21:00,2011-02-19T09:20:00,Supplier,Deliver Goods Services,Karen Clarens
308,2011-02-19T16:46:00,2011-02-19T16:47:00,Requester,Release Purchase Order,Fjodor Kowalski
308,2011-02-19T21:10:00,2011-02-19T21:11:00,Purchasing Agent,Approve Purchase Order for payment,Francois de Perrier
308,2011-02-22T08:25:00,2011-02-22T08:25:00,Supplier,Send invoice,Karen Clarens
308,2011-02-22T22:39:00,2011-02-22T22:45:00,Financial Manager,Release Supplier's Invoice,Karalda Nimwada
308,2011-02-22T23:14:00,2011-02-22T23:34:00,Financial Manager,Settle dispute with supplier Financial Manager,Karalda Nimwada
308,2011-02-22T23:34:00,2011-02-22T23:34:00,Financial Manager,Authorize Supplier's Invoice payment,Pedro Alvares
308,2011-02-22T23:57:00,2011-02-23T00:09:00,Financial Manager,Pay invoice,Pedro Alvares
308,2011-12-02T20:56:00,2011-12-02T21:28:00,Requester,Create Purchase Requisition,Kim Passa
308,2011-12-02T21:40:00,2011-12-02T21:51:00,Requester,Create Request for Quotation Requester,Immanuel Karagianni
31,2011-04-01T12:38:00,2011-04-01T13:22:00,Requester,Create Purchase Requisition,Elvira Lores
31,2011-05-01T10:34:00,2011-05-01T10:41:00,Requester Manager,Analyze Purchase Requisition,Heinz Gutschmidt
31,2011-05-01T10:47:00,2011-05-01T10:49:00,Requester Manager,Create Request for Quotation Requester Manager,Francis Odell
31,2011-06-01T14:35:00,2011-06-01T15:13:00,Purchasing Agent,Analyze Request for Quotation,Francois de Perrier
31,2011-06-01T16:05:00,2011-06-01T16:12:00,Requester Manager,Amend Request for Quotation Requester,Anne Olwada
31,2011-06-01T22:33:00,2011-06-01T22:54:00,Purchasing Agent,Analyze Request for Quotation,Karel de Groot
31,2011-07-01T04:17:00,2011-07-01T04:30:00,Purchasing Agent,Send Request for Quotation to Supplier,Magdalena Predutta
31,2011-07-01T08:27:00,2011-07-01T13:28:00,Purchasing Agent,Create Quotation comparison Map,Karel de Groot
31,2011-07-01T20:02:00,2011-07-01T20:21:00,Requester,Analyze Quotation comparison Map,Miu Hanwan
31,2011-07-01T20:21:00,2011-07-01T20:21:00,Requester,Choose best option,Tesca Lobes
31,2011-08-01T05:11:00,2011-08-01T09:18:00,Purchasing Agent,Settle conditions with supplier,Karel de Groot
31,2011-08-01T09:51:00,2011-08-01T10:02:00,Purchasing Agent,Create Purchase Order,Karel de Groot
31,2011-08-01T13:59:00,2011-08-01T14:14:00,Supplier,Confirm Purchase Order,Sean Manney
31,2011-08-01T22:31:00,2011-09-01T22:52:00,Supplier,Deliver Goods Services,Karen Clarens
31,2011-10-01T06:06:00,2011-10-01T06:07:00,Requester,Release Purchase Order,Christian Francois
31,2011-10-02T00:26:00,2011-10-02T00:27:00,Purchasing Agent,Approve Purchase Order for payment,Francois de Perrier
31,2011-11-01T05:09:00,2011-11-01T05:09:00,Supplier,Send invoice,Carmen Finacse
31,2011-11-01T19:33:00,2011-11-01T19:35:00,Financial Manager,Release Supplier's Invoice,Pedro Alvares
31,2011-11-01T19:35:00,2011-11-01T19:35:00,Financial Manager,Authorize Supplier's Invoice payment,Karalda Nimwada
31,2011-11-01T20:09:00,2011-11-01T20:16:00,Financial Manager,Pay invoice,Karalda Nimwada
310,2011-02-13T04:54:00,2011-02-13T05:24:00,Requester,Create Purchase Requisition,Kim Passa
310,2011-02-14T03:01:00,2011-02-14T03:08:00,Requester Manager,Analyze Purchase Requisition,Maris Freeman
310,2011-02-14T03:14:00,2011-02-14T03:15:00,Requester Manager,Create Request for Quotation Requester Manager,Heinz Gutschmidt
310,2011-02-14T20:29:00,2011-02-14T20:52:00,Purchasing Agent,Analyze Request for Quotation,Francois de Perrier
310,2011-02-15T12:44:00,2011-02-15T13:09:00,Purchasing Agent,Send Request for Quotation to Supplier,Magdalena Predutta
310,2011-02-15T13:36:00,2011-02-15T18:30:00,Purchasing Agent,Create Quotation comparison Map,Magdalena Predutta
310,2011-02-16T01:25:00,2011-02-16T01:54:00,Requester,Analyze Quotation comparison Map,Anne Olwada
310,2011-02-16T01:54:00,2011-02-16T01:54:00,Requester,Choose best option,Tesca Lobes
310,2011-02-17T01:43:00,2011-02-17T05:56:00,Purchasing Agent,Settle conditions with supplier,Magdalena Predutta
310,2011-02-18T23:46:00,2011-02-18T23:53:00,Purchasing Agent,Create Purchase Order,Magdalena Predutta
310,2011-02-19T08:58:00,2011-02-19T09:02:00,Supplier,Confirm Purchase Order,Kiu Kan
310,2011-02-24T01:58:00,2011-02-26T00:44:00,Supplier,Deliver Goods Services,Carmen Finacse
310,2011-02-26T08:16:00,2011-02-26T08:17:00,Requester,Release Purchase Order,Clement Duchot
310,2011-02-27T14:02:00,2011-02-27T14:03:00,Purchasing Agent,Approve Purchase Order for payment,Karel de Groot
310,2011-02-27T22:16:00,2011-02-27T22:16:00,Supplier,Send invoice,Karen Clarens
310,2011-02-28T12:39:00,2011-02-28T12:42:00,Financial Manager,Release Supplier's Invoice,Pedro Alvares
310,2011-02-28T12:42:00,2011-02-28T12:42:00,Financial Manager,Authorize Supplier's Invoice payment,Pedro Alvares
310,2011-02-28T12:54:00,2011-02-28T13:06:00,Financial Manager,Pay invoice,Pedro Alvares
311,2011-02-13T05:55:00,2011-02-13T06:14:00,Requester,Create Purchase Requisition,Christian Francois
311,2011-02-13T14:18:00,2011-02-13T14:30:00,Requester,Create Request for Quotation Requester,Anna Kaufmann
311,2011-02-14T22:52:00,2011-02-14T23:23:00,Purchasing Agent,Analyze Request for Quotation,Francois de Perrier
311,2011-02-15T00:15:00,2011-02-15T00:21:00,Requester Manager,Amend Request for Quotation Requester,Nico Ojenbeer
311,2011-02-17T10:29:00,2011-02-17T10:55:00,Purchasing Agent,Analyze Request for Quotation,Karel de Groot
311,2011-02-17T11:49:00,2011-02-17T11:56:00,Requester Manager,Amend Request for Quotation Requester,Fjodor Kowalski
311,2011-02-25T02:49:00,2011-02-25T03:17:00,Purchasing Agent,Analyze Request for Quotation,Karel de Groot
314,2011-02-13T10:11:00,2011-02-13T10:20:00,Requester,Create Purchase Requisition,Penn Osterwalder
314,2011-02-13T13:31:00,2011-02-13T13:44:00,Requester,Create Request for Quotation Requester,Esmana Liubiata
314,2011-02-14T16:20:00,2011-02-14T16:39:00,Purchasing Agent,Analyze Request for Quotation,Francois de Perrier
314,2011-02-15T19:46:00,2011-02-15T20:13:00,Purchasing Agent,Send Request for Quotation to Supplier,Karel de Groot
314,2011-02-16T06:16:00,2011-02-16T09:28:00,Purchasing Agent,Create Quotation comparison Map,Francois de Perrier
314,2011-02-16T16:23:00,2011-02-16T16:31:00,Requester,Analyze Quotation comparison Map,Anna Kaufmann
314,2011-02-16T16:31:00,2011-02-16T16:31:00,Requester,Choose best option,Miu Hanwan
314,2011-02-17T10:55:00,2011-02-18T00:52:00,Purchasing Agent,Settle conditions with supplier,Karel de Groot
314,2011-02-18T16:31:00,2011-02-18T16:40:00,Purchasing Agent,Create Purchase Order,Magdalena Predutta
314,2011-02-19T09:02:00,2011-02-19T09:27:00,Supplier,Confirm Purchase Order,Kiu Kan
314,2011-02-20T11:53:00,2011-02-21T17:03:00,Supplier,Deliver Goods Services,Carmen Finacse
314,2011-02-22T00:55:00,2011-02-22T00:56:00,Requester,Release Purchase Order,Esmana Liubiata
314,2011-02-22T08:03:00,2011-02-22T08:04:00,Purchasing Agent,Approve Purchase Order for payment,Francois de Perrier
314,2011-02-23T03:28:00,2011-02-23T03:28:00,Supplier,Send invoice,Kiu Kan
314,2011-02-23T17:58:00,2011-02-23T18:02:00,Financial Manager,Release Supplier's Invoice,Pedro Alvares
314,2011-02-23T18:02:00,2011-02-23T18:02:00,Financial Manager,Authorize Supplier's Invoice payment,Karalda Nimwada
314,2011-02-23T18:39:00,2011-02-23T18:47:00,Financial Manager,Pay invoice,Karalda Nimwada
319,2011-02-14T10:47:00,2011-02-14T10:54:00,Requester,Create Purchase Requisition,Elvira Lores
319,2011-02-14T21:23:00,2011-02-14T21:30:00,Requester Manager,Analyze Purchase Requisition,Francis Odell
319,2011-02-14T21:37:00,2011-02-14T21:40:00,Requester Manager,Create Request for Quotation Requester Manager,Francis Odell
319,2011-02-14T23:13:00,2011-02-14T23:43:00,Purchasing Agent,Analyze Request for Quotation,Karel de Groot
319,2011-02-15T00:38:00,2011-02-15T00:51:00,Requester Manager,Amend Request for Quotation Requester,Alberto Duport
319,2011-02-15T13:09:00,2011-02-15T13:36:00,Purchasing Agent,Analyze Request for Quotation,Magdalena Predutta
32,2011-04-01T12:42:00,2011-04-01T13:12:00,Requester,Create Purchase Requisition,Christian Francois
32,2011-05-01T11:12:00,2011-05-01T11:18:00,Requester Manager,Analyze Purchase Requisition,Maris Freeman
325,2011-02-14T17:12:00,2011-02-14T17:26:00,Requester,Create Purchase Requisition,Alberto Duport
325,2011-02-15T01:16:00,2011-02-15T01:27:00,Requester,Create Request for Quotation Requester,Immanuel Karagianni
325,2011-02-15T13:40:00,2011-02-15T13:54:00,Purchasing Agent,Analyze Request for Quotation,Karel de Groot
325,2011-02-16T05:41:00,2011-02-16T05:56:00,Purchasing Agent,Send Request for Quotation to Supplier,Francois de Perrier
325,2011-02-17T13:05:00,2011-02-17T15:22:00,Purchasing Agent,Create Quotation comparison Map,Francois de Perrier
325,2011-02-17T22:10:00,2011-02-17T22:26:00,Requester,Analyze Quotation comparison Map,Nico Ojenbeer
325,2011-02-17T22:26:00,2011-02-17T22:26:00,Requester,Choose best option,Immanuel Karagianni
325,2011-02-18T16:40:00,2011-02-18T23:05:00,Purchasing Agent,Settle conditions with supplier,Magdalena Predutta
325,2011-02-19T04:18:00,2011-02-19T04:25:00,Purchasing Agent,Create Purchase Order,Francois de Perrier
325,2011-02-20T10:02:00,2011-02-20T10:22:00,Supplier,Confirm Purchase Order,Carmen Finacse
325,2011-02-23T01:53:00,2011-02-23T22:32:00,Supplier,Deliver Goods Services,Karen Clarens
325,2011-02-24T06:00:00,2011-02-24T06:01:00,Requester,Release Purchase Order,Kim Passa
325,2011-02-24T12:27:00,2011-02-24T12:28:00,Purchasing Agent,Approve Purchase Order for payment,Magdalena Predutta
325,2011-02-25T17:25:00,2011-02-25T17:25:00,Supplier,Send invoice,Kiu Kan
325,2011-02-26T07:48:00,2011-02-26T07:51:00,Financial Manager,Release Supplier's Invoice,Pedro Alvares
325,2011-02-26T07:52:00,2011-02-26T07:52:00,Financial Manager,Authorize Supplier's Invoice payment,Karalda Nimwada
325,2011-02-26T08:36:00,2011-02-26T08:49:00,Financial Manager,Pay invoice,Pedro Alvares
326,2011-02-14T17:17:00,2011-02-14T17:51:00,Requester,Create Purchase Requisition,Elvira Lores
326,2011-02-14T20:44:00,2011-02-14T20:53:00,Requester,Create Request for Quotation Requester,Esmana Liubiata
326,2011-02-14T22:07:00,2011-02-14T22:29:00,Purchasing Agent,Analyze Request for Quotation,Karel de Groot
326,2011-02-15T14:28:00,2011-02-15T14:46:00,Requester Manager,Amend Request for Quotation Requester Manager,Maris Freeman
326,2011-02-15T21:03:00,2011-02-15T21:12:00,Purchasing Agent,Analyze Request for Quotation,Karel de Groot
326,2011-02-16T04:38:00,2011-02-16T05:03:00,Purchasing Agent,Send Request for Quotation to Supplier,Magdalena Predutta
326,2011-02-17T06:56:00,2011-02-17T09:17:00,Purchasing Agent,Create Quotation comparison Map,Magdalena Predutta
326,2011-02-17T16:11:00,2011-02-17T16:30:00,Requester,Analyze Quotation comparison Map,Anna Kaufmann
326,2011-02-17T16:30:00,2011-02-17T16:30:00,Requester,Choose best option,Immanuel Karagianni
326,2011-02-18T09:19:00,2011-02-18T15:49:00,Purchasing Agent,Settle conditions with supplier,Magdalena Predutta
326,2011-02-19T01:58:00,2011-02-19T02:09:00,Purchasing Agent,Create Purchase Order,Magdalena Predutta
326,2011-02-20T11:18:00,2011-02-20T11:53:00,Supplier,Confirm Purchase Order,Carmen Finacse
326,2011-02-25T20:22:00,2011-02-26T12:48:00,Supplier,Deliver Goods Services,Karen Clarens
326,2011-02-26T20:40:00,2011-02-26T20:41:00,Requester,Release Purchase Order,Tesca Lobes
326,2011-02-27T04:16:00,2011-02-27T04:17:00,Purchasing Agent,Approve Purchase Order for payment,Francois de Perrier
326,2011-02-27T21:37:00,2011-02-27T21:37:00,Supplier,Send invoice,Karen Clarens
326,2011-02-28T12:06:00,2011-02-28T12:12:00,Financial Manager,Release Supplier's Invoice,Pedro Alvares
326,2011-02-28T12:18:00,2011-02-28T12:35:00,Financial Manager,Settle dispute with supplier Financial Manager,Pedro Alvares
326,2011-02-28T12:39:00,2011-02-28T12:39:00,Financial Manager,Authorize Supplier's Invoice payment,Pedro Alvares
326,2011-02-28T13:42:00,2011-02-28T13:51:00,Financial Manager,Pay invoice,Pedro Alvares
327,2011-02-14T23:48:00,2011-02-15T00:33:00,Requester,Create Purchase Requisition,Penn Osterwalder
327,2011-02-15T06:33:00,2011-02-15T06:37:00,Requester,Create Request for Quotation Requester,Kim Passa
327,2011-02-20T11:31:00,2011-02-20T11:51:00,Purchasing Agent,Analyze Request for Quotation,Karel de Groot
327,2011-02-20T16:21:00,2011-02-20T16:37:00,Purchasing Agent,Send Request for Quotation to Supplier,Magdalena Predutta
327,2011-02-20T16:57:00,2011-02-20T22:34:00,Purchasing Agent,Create Quotation comparison Map,Magdalena Predutta
327,2011-02-21T05:28:00,2011-02-21T05:45:00,Requester,Analyze Quotation comparison Map,Christian Francois
327,2011-02-21T05:45:00,2011-02-21T05:45:00,Requester,Choose best option,Elvira Lores
327,2011-02-21T07:59:00,2011-02-21T15:34:00,Purchasing Agent,Settle conditions with supplier,Magdalena Predutta
327,2011-02-21T22:14:00,2011-02-21T22:21:00,Purchasing Agent,Create Purchase Order,Karel de Groot
327,2011-02-22T08:32:00,2011-02-22T08:59:00,Supplier,Confirm Purchase Order,Karen Clarens
327,2011-02-25T04:39:00,2011-02-25T19:11:00,Supplier,Deliver Goods Services,Karen Clarens
327,2011-02-26T02:27:00,2011-02-26T02:28:00,Requester,Release Purchase Order,Clement Duchot
327,2011-02-26T12:24:00,2011-02-26T12:25:00,Purchasing Agent,Approve Purchase Order for payment,Francois de Perrier
327,2011-02-26T18:40:00,2011-02-26T18:40:00,Supplier,Send invoice,Karen Clarens
327,2011-02-27T09:01:00,2011-02-27T09:06:00,Financial Manager,Release Supplier's Invoice,Pedro Alvares
327,2011-02-27T09:06:00,2011-02-27T09:06:00,Financial Manager,Authorize Supplier's Invoice payment,Karalda Nimwada
327,2011-02-27T09:34:00,2011-02-27T09:38:00,Financial Manager,Pay invoice,Pedro Alvares
329,2011-02-15T02:47:00,2011-02-15T03:18:00,Requester,Create Purchase Requisition,Tesca Lobes
329,2011-02-16T03:47:00,2011-02-16T03:54:00,Requester Manager,Analyze Purchase Requisition,Maris Freeman
329,2011-02-16T03:57:00,2011-02-16T04:00:00,Requester Manager,Create Request for Quotation Requester Manager,Maris Freeman
329,2011-02-17T09:34:00,2011-02-17T09:54:00,Purchasing Agent,Analyze Request for Quotation,Magdalena Predutta
329,2011-02-18T23:32:00,2011-02-18T23:56:00,Purchasing Agent,Send Request for Quotation to Supplier,Karel de Groot
329,2011-02-19T09:11:00,2011-02-19T15:08:00,Purchasing Agent,Create Quotation comparison Map,Karel de Groot
329,2011-02-19T22:05:00,2011-02-19T22:15:00,Requester,Analyze Quotation comparison Map,Penn Osterwalder
329,2011-02-19T22:15:00,2011-02-19T22:15:00,Requester,Choose best option,Tesca Lobes
329,2011-02-20T01:38:00,2011-02-20T05:42:00,Purchasing Agent,Settle conditions with supplier,Magdalena Predutta
329,2011-02-20T08:28:00,2011-02-20T08:36:00,Purchasing Agent,Create Purchase Order,Magdalena Predutta
329,2011-02-20T16:40:00,2011-02-20T17:10:00,Supplier,Confirm Purchase Order,Esmeralda Clay
329,2011-02-22T16:48:00,2011-02-23T20:39:00,Supplier,Deliver Goods Services,Esmeralda Clay
329,2011-02-24T03:39:00,2011-02-24T03:40:00,Requester,Release Purchase Order,Anna Kaufmann
329,2011-02-24T14:16:00,2011-02-24T14:17:00,Purchasing Agent,Approve Purchase Order for payment,Francois de Perrier
329,2011-02-25T19:11:00,2011-02-25T19:11:00,Supplier,Send invoice,Karen Clarens
329,2011-02-26T09:34:00,2011-02-26T09:37:00,Financial Manager,Release Supplier's Invoice,Pedro Alvares
329,2011-02-26T10:17:00,2011-02-26T10:51:00,Financial Manager,Settle dispute with supplier Financial Manager,Pedro Alvares
329,2011-02-26T10:51:00,2011-02-26T10:51:00,Financial Manager,Authorize Supplier's Invoice payment,Karalda Nimwada
329,2011-02-26T11:34:00,2011-02-26T11:39:00,Financial Manager,Pay invoice,Karalda Nimwada
33,2011-01-16T19:14:00,2011-01-16T19:14:00,Supplier,Send invoice,Karen Clarens
33,2011-01-17T09:38:00,2011-01-17T09:42:00,Financial Manager,Release Supplier's Invoice,Karalda Nimwada
33,2011-01-17T09:42:00,2011-01-17T09:42:00,Financial Manager,Authorize Supplier's Invoice payment,Pedro Alvares
33,2011-01-17T10:15:00,2011-01-17T10:28:00,Financial Manager,Pay invoice,Karalda Nimwada
33,2011-04-01T15:30:00,2011-04-01T16:18:00,Requester,Create Purchase Requisition,Tesca Lobes
33,2011-05-01T01:55:00,2011-05-01T02:02:00,Requester Manager,Analyze Purchase Requisition,Maris Freeman
33,2011-05-01T02:07:00,2011-05-01T02:09:00,Requester Manager,Create Request for Quotation Requester Manager,Francis Odell
33,2011-05-01T07:33:00,2011-05-01T07:51:00,Purchasing Agent,Analyze Request for Quotation,Karel de Groot
33,2011-05-01T08:48:00,2011-05-01T08:55:00,Requester Manager,Amend Request for Quotation Requester,Clement Duchot
33,2011-06-01T14:00:00,2011-06-01T14:35:00,Purchasing Agent,Analyze Request for Quotation,Francois de Perrier
33,2011-07-01T03:44:00,2011-07-01T04:17:00,Purchasing Agent,Send Request for Quotation to Supplier,Magdalena Predutta
33,2011-08-01T04:33:00,2011-08-01T05:46:00,Purchasing Agent,Create Quotation comparison Map,Magdalena Predutta
33,2011-08-01T12:18:00,2011-08-01T12:26:00,Requester,Analyze Quotation comparison Map,Esmana Liubiata
33,2011-08-01T12:26:00,2011-08-01T12:26:00,Requester,Choose best option,Anne Olwada
33,2011-08-01T15:13:00,2011-09-01T02:55:00,Purchasing Agent,Settle conditions with supplier,Karel de Groot
33,2011-09-01T08:26:00,2011-09-01T08:38:00,Purchasing Agent,Create Purchase Order,Karel de Groot
33,2011-09-01T23:26:00,2011-09-01T23:56:00,Supplier,Confirm Purchase Order,Karen Clarens
33,2011-10-01T11:19:00,2011-10-01T15:55:00,Supplier,Deliver Goods Services,Esmeralda Clay
33,2011-10-01T23:46:00,2011-10-01T23:47:00,Requester,Release Purchase Order,Elvira Lores
33,2011-12-01T01:51:00,2011-12-01T01:52:00,Purchasing Agent,Approve Purchase Order for payment,Magdalena Predutta
330,2011-02-15T12:26:00,2011-02-15T13:06:00,Requester,Create Purchase Requisition,Nico Ojenbeer
330,2011-02-16T08:12:00,2011-02-16T08:18:00,Requester Manager,Analyze Purchase Requisition,Francis Odell
330,2011-02-16T08:24:00,2011-02-16T08:27:00,Requester Manager,Create Request for Quotation Requester Manager,Heinz Gutschmidt
330,2011-02-16T09:49:00,2011-02-16T10:21:00,Purchasing Agent,Analyze Request for Quotation,Francois de Perrier
330,2011-02-16T11:27:00,2011-02-16T11:33:00,Requester Manager,Amend Request for Quotation Requester,Anne Olwada
330,2011-02-20T10:11:00,2011-02-20T10:39:00,Purchasing Agent,Analyze Request for Quotation,Francois de Perrier
330,2011-02-20T11:26:00,2011-02-20T11:40:00,Requester Manager,Amend Request for Quotation Requester,Clement Duchot
330,2011-02-21T06:26:00,2011-02-21T06:59:00,Purchasing Agent,Analyze Request for Quotation,Magdalena Predutta
335,2011-01-03T09:29:00,2011-01-03T09:34:00,Financial Manager,Release Supplier's Invoice,Pedro Alvares
335,2011-01-03T09:34:00,2011-01-03T09:34:00,Financial Manager,Authorize Supplier's Invoice payment,Pedro Alvares
335,2011-01-03T09:54:00,2011-01-03T10:09:00,Financial Manager,Pay invoice,Karalda Nimwada
335,2011-02-16T04:46:00,2011-02-16T04:53:00,Requester,Create Purchase Requisition,Kim Passa
335,2011-02-16T15:55:00,2011-02-16T16:01:00,Requester Manager,Analyze Purchase Requisition,Maris Freeman
335,2011-02-16T16:05:00,2011-02-16T16:06:00,Requester Manager,Create Request for Quotation Requester Manager,Francis Odell
335,2011-02-20T10:40:00,2011-02-20T11:07:00,Purchasing Agent,Analyze Request for Quotation,Karel de Groot
335,2011-02-20T16:30:00,2011-02-20T16:59:00,Purchasing Agent,Send Request for Quotation to Supplier,Francois de Perrier
335,2011-02-20T17:24:00,2011-02-20T22:30:00,Purchasing Agent,Create Quotation comparison Map,Francois de Perrier
335,2011-02-21T05:07:00,2011-02-21T05:35:00,Requester,Analyze Quotation comparison Map,Immanuel Karagianni
335,2011-02-21T05:35:00,2011-02-21T05:35:00,Requester,Choose best option,Alberto Duport
335,2011-02-21T08:26:00,2011-02-21T22:14:00,Purchasing Agent,Settle conditions with supplier,Karel de Groot
335,2011-02-22T08:26:00,2011-02-22T08:34:00,Purchasing Agent,Create Purchase Order,Magdalena Predutta
335,2011-02-23T01:48:00,2011-02-23T01:53:00,Supplier,Confirm Purchase Order,Karen Clarens
335,2011-02-23T20:39:00,2011-02-25T16:39:00,Supplier,Deliver Goods Services,Esmeralda Clay
335,2011-02-26T00:43:00,2011-02-26T00:44:00,Requester,Release Purchase Order,Miu Hanwan
335,2011-02-28T07:34:00,2011-02-28T07:35:00,Purchasing Agent,Approve Purchase Order for payment,Francois de Perrier
335,2011-02-28T19:12:00,2011-02-28T19:12:00,Supplier,Send invoice,Kiu Kan
339,2011-02-16T13:31:00,2011-02-16T14:23:00,Requester,Create Purchase Requisition,Nico Ojenbeer
339,2011-02-17T08:34:00,2011-02-17T08:40:00,Requester Manager,Analyze Purchase Requisition,Maris Freeman
339,2011-02-17T20:29:00,2011-02-17T20:52:00,Requester,Amend Purchase Requisition,Elvira Lores
339,2011-02-18T16:24:00,2011-02-18T16:30:00,Requester Manager,Analyze Purchase Requisition,Heinz Gutschmidt
339,2011-02-18T16:36:00,2011-02-18T16:38:00,Requester Manager,Create Request for Quotation Requester Manager,Francis Odell
339,2011-02-22T08:34:00,2011-02-22T08:58:00,Purchasing Agent,Analyze Request for Quotation,Magdalena Predutta
339,2011-02-22T09:50:00,2011-02-22T10:03:00,Requester Manager,Amend Request for Quotation Requester,Penn Osterwalder
339,2011-02-28T07:10:00,2011-02-28T07:34:00,Purchasing Agent,Analyze Request for Quotation,Francois de Perrier
34,2011-01-13T00:59:00,2011-01-13T00:59:00,Supplier,Deliver Goods Services,Carmen Finacse
34,2011-01-13T08:21:00,2011-01-13T08:22:00,Requester,Release Purchase Order,Penn Osterwalder
34,2011-01-13T23:06:00,2011-01-13T23:07:00,Purchasing Agent,Approve Purchase Order for payment,Karel de Groot
34,2011-01-18T15:26:00,2011-01-18T15:26:00,Supplier,Send invoice,Esmeralda Clay
34,2011-01-19T05:42:00,2011-01-19T05:49:00,Financial Manager,Release Supplier's Invoice,Karalda Nimwada
34,2011-01-19T05:49:00,2011-01-19T05:49:00,Financial Manager,Authorize Supplier's Invoice payment,Karalda Nimwada
34,2011-01-19T06:43:00,2011-01-19T06:48:00,Financial Manager,Pay invoice,Pedro Alvares
34,2011-04-01T15:52:00,2011-04-01T16:07:00,Requester,Create Purchase Requisition,Esmana Liubiata
34,2011-04-01T18:21:00,2011-04-01T18:28:00,Requester,Create Request for Quotation Requester,Clement Duchot
34,2011-06-01T15:35:00,2011-06-01T15:46:00,Purchasing Agent,Analyze Request for Quotation,Magdalena Predutta
34,2011-07-01T11:17:00,2011-07-01T11:53:00,Purchasing Agent,Send Request for Quotation to Supplier,Magdalena Predutta
34,2011-08-01T22:49:00,2011-09-01T01:09:00,Purchasing Agent,Create Quotation comparison Map,Magdalena Predutta
34,2011-09-01T07:38:00,2011-09-01T07:46:00,Requester,Analyze Quotation comparison Map,Clement Duchot
34,2011-09-01T07:46:00,2011-09-01T07:46:00,Requester,Choose best option,Nico Ojenbeer
34,2011-09-01T14:39:00,2011-10-01T01:43:00,Purchasing Agent,Settle conditions with supplier,Francois de Perrier
34,2011-10-01T05:43:00,2011-10-01T05:56:00,Purchasing Agent,Create Purchase Order,Magdalena Predutta
34,2011-10-02T00:45:00,2011-11-01T00:04:00,Supplier,Confirm Purchase Order,Carmen Finacse
34,2011-11-01T11:04:00,2011-11-01T11:04:00,Supplier,Deliver Goods Services,Carmen Finacse
344,2011-01-03T18:06:00,2011-01-03T18:06:00,Supplier,Deliver Goods Services,Esmeralda Clay
344,2011-02-03T01:38:00,2011-02-03T01:39:00,Requester,Release Purchase Order,Esmana Liubiata
344,2011-02-03T15:48:00,2011-02-03T15:49:00,Purchasing Agent,Approve Purchase Order for payment,Magdalena Predutta
344,2011-02-17T04:43:00,2011-02-17T05:27:00,Requester,Create Purchase Requisition,Esmana Liubiata
344,2011-02-17T11:29:00,2011-02-17T11:39:00,Requester,Create Request for Quotation Requester,Tesca Lobes
344,2011-02-20T12:03:00,2011-02-20T12:20:00,Purchasing Agent,Analyze Request for Quotation,Magdalena Predutta
344,2011-02-22T08:04:00,2011-02-22T08:26:00,Purchasing Agent,Send Request for Quotation to Supplier,Magdalena Predutta
344,2011-02-22T23:58:00,2011-02-23T04:23:00,Purchasing Agent,Create Quotation comparison Map,Magdalena Predutta
344,2011-02-23T11:27:00,2011-02-23T11:44:00,Requester,Analyze Quotation comparison Map,Anne Olwada
344,2011-02-23T11:44:00,2011-02-23T11:44:00,Requester,Choose best option,Fjodor Kowalski
344,2011-02-24T04:43:00,2011-02-24T13:24:00,Purchasing Agent,Settle conditions with supplier,Francois de Perrier
344,2011-02-24T17:58:00,2011-02-24T18:11:00,Purchasing Agent,Create Purchase Order,Karel de Groot
344,2011-02-26T00:58:00,2011-02-26T01:30:00,Supplier,Confirm Purchase Order,Carmen Finacse
344,2011-02-28T01:53:00,2011-02-28T01:53:00,Supplier,Deliver Goods Services,Esmeralda Clay
344,2011-03-03T11:14:00,2011-03-03T11:14:00,Supplier,Send invoice,Carmen Finacse
344,2011-04-03T02:35:00,2011-04-03T02:41:00,Financial Manager,Release Supplier's Invoice,Karalda Nimwada
344,2011-04-03T02:42:00,2011-04-03T02:42:00,Financial Manager,Authorize Supplier's Invoice payment,Pedro Alvares
344,2011-04-03T03:41:00,2011-04-03T03:48:00,Financial Manager,Pay invoice,Pedro Alvares
349,2011-02-17T23:41:00,2011-02-18T00:21:00,Requester,Create Purchase Requisition,Immanuel Karagianni
349,2011-02-18T15:12:00,2011-02-18T15:19:00,Requester Manager,Analyze Purchase Requisition,Maris Freeman
349,2011-02-18T15:25:00,2011-02-18T15:28:00,Requester Manager,Create Request for Quotation Requester Manager,Francis Odell
349,2011-02-20T12:49:00,2011-02-20T13:03:00,Purchasing Agent,Analyze Request for Quotation,Karel de Groot
349,2011-02-21T17:23:00,2011-02-21T17:36:00,Purchasing Agent,Send Request for Quotation to Supplier,Magdalena Predutta
349,2011-02-21T22:41:00,2011-02-22T03:08:00,Purchasing Agent,Create Quotation comparison Map,Karel de Groot
349,2011-02-22T09:49:00,2011-02-22T10:15:00,Requester,Analyze Quotation comparison Map,Christian Francois
349,2011-02-22T10:15:00,2011-02-22T10:15:00,Requester,Choose best option,Miu Hanwan
349,2011-02-22T14:04:00,2011-02-22T20:49:00,Purchasing Agent,Settle conditions with supplier,Francois de Perrier
349,2011-02-23T04:40:00,2011-02-23T04:48:00,Purchasing Agent,Create Purchase Order,Magdalena Predutta
349,2011-02-23T18:03:00,2011-02-23T18:33:00,Supplier,Confirm Purchase Order,Kiu Kan
349,2011-02-24T17:06:00,2011-02-26T17:46:00,Supplier,Deliver Goods Services,Sean Manney
349,2011-02-27T01:41:00,2011-02-27T01:42:00,Requester,Release Purchase Order,Anna Kaufmann
349,2011-02-28T07:09:00,2011-02-28T07:10:00,Purchasing Agent,Approve Purchase Order for payment,Francois de Perrier
349,2011-03-03T11:14:00,2011-03-03T11:14:00,Supplier,Send invoice,Carmen Finacse
349,2011-04-03T02:35:00,2011-04-03T02:42:00,Financial Manager,Release Supplier's Invoice,Pedro Alvares
349,2011-04-03T02:42:00,2011-04-03T02:42:00,Financial Manager,Authorize Supplier's Invoice payment,Pedro Alvares
349,2011-04-03T03:04:00,2011-04-03T03:11:00,Financial Manager,Pay invoice,Karalda Nimwada
35,2011-01-13T03:57:00,2011-01-13T04:01:00,Financial Manager,Release Supplier's Invoice,Karalda Nimwada
35,2011-01-13T04:01:00,2011-01-13T04:01:00,Financial Manager,Authorize Supplier's Invoice payment,Karalda Nimwada
35,2011-01-13T04:13:00,2011-01-13T04:24:00,Financial Manager,Pay invoice,Pedro Alvares
35,2011-04-01T17:08:00,2011-04-01T17:47:00,Requester,Create Purchase Requisition,Kim Passa
35,2011-05-01T10:09:00,2011-05-01T10:15:00,Requester Manager,Analyze Purchase Requisition,Maris Freeman
35,2011-05-01T10:22:00,2011-05-01T10:25:00,Requester Manager,Create Request for Quotation Requester Manager,Heinz Gutschmidt
35,2011-05-01T17:10:00,2011-05-01T17:36:00,Purchasing Agent,Analyze Request for Quotation,Karel de Groot
35,2011-06-01T15:13:00,2011-06-01T15:44:00,Purchasing Agent,Send Request for Quotation to Supplier,Francois de Perrier
35,2011-06-01T16:11:00,2011-06-01T20:59:00,Purchasing Agent,Create Quotation comparison Map,Magdalena Predutta
35,2011-07-01T03:37:00,2011-07-01T03:47:00,Requester,Analyze Quotation comparison Map,Tesca Lobes
35,2011-07-01T03:47:00,2011-07-01T03:47:00,Requester,Choose best option,Anna Kaufmann
35,2011-07-01T08:23:00,2011-07-01T20:17:00,Purchasing Agent,Settle conditions with supplier,Francois de Perrier
35,2011-07-01T20:53:00,2011-07-01T21:01:00,Purchasing Agent,Create Purchase Order,Francois de Perrier
35,2011-08-01T14:14:00,2011-08-01T14:35:00,Supplier,Confirm Purchase Order,Sean Manney
35,2011-09-01T15:46:00,2011-10-01T20:27:00,Supplier,Deliver Goods Services,Sean Manney
35,2011-11-01T03:25:00,2011-11-01T03:26:00,Requester,Release Purchase Order,Elvira Lores
35,2011-12-01T01:01:00,2011-12-01T01:02:00,Purchasing Agent,Approve Purchase Order for payment,Karel de Groot
35,2011-12-01T13:42:00,2011-12-01T13:42:00,Supplier,Send invoice,Esmeralda Clay
352,2011-02-18T18:19:00,2011-02-18T19:09:00,Requester,Create Purchase Requisition,Anne Olwada
352,2011-02-19T15:55:00,2011-02-19T16:02:00,Requester Manager,Analyze Purchase Requisition,Heinz Gutschmidt
352,2011-02-19T16:09:00,2011-02-19T16:12:00,Requester Manager,Create Request for Quotation Requester Manager,Heinz Gutschmidt
352,2011-02-20T06:08:00,2011-02-20T06:39:00,Purchasing Agent,Analyze Request for Quotation,Magdalena Predutta
352,2011-02-20T11:50:00,2011-02-20T12:09:00,Purchasing Agent,Send Request for Quotation to Supplier,Francois de Perrier
352,2011-02-20T12:20:00,2011-02-20T16:01:00,Purchasing Agent,Create Quotation comparison Map,Magdalena Predutta
352,2011-02-20T23:01:00,2011-02-20T23:32:00,Requester,Analyze Quotation comparison Map,Kim Passa
352,2011-02-20T23:32:00,2011-02-20T23:32:00,Requester,Choose best option,Anna Kaufmann
352,2011-02-21T02:13:00,2011-02-21T08:26:00,Purchasing Agent,Settle conditions with supplier,Karel de Groot
352,2011-02-22T07:28:00,2011-02-22T07:41:00,Purchasing Agent,Create Purchase Order,Magdalena Predutta
352,2011-02-22T16:33:00,2011-02-22T16:48:00,Supplier,Confirm Purchase Order,Esmeralda Clay
352,2011-02-23T22:32:00,2011-02-25T04:39:00,Supplier,Deliver Goods Services,Karen Clarens
352,2011-02-25T12:20:00,2011-02-25T12:21:00,Requester,Release Purchase Order,Nico Ojenbeer
352,2011-02-26T01:11:00,2011-02-26T01:12:00,Purchasing Agent,Approve Purchase Order for payment,Francois de Perrier
352,2011-02-26T12:22:00,2011-02-26T12:22:00,Supplier,Send invoice,Esmeralda Clay
352,2011-02-27T02:42:00,2011-02-27T02:45:00,Financial Manager,Release Supplier's Invoice,Karalda Nimwada
352,2011-02-27T02:45:00,2011-02-27T02:45:00,Financial Manager,Authorize Supplier's Invoice payment,Pedro Alvares
352,2011-02-27T03:49:00,2011-02-27T04:00:00,Financial Manager,Pay invoice,Karalda Nimwada
36,2011-01-13T07:16:00,2011-01-13T07:17:00,Requester,Release Purchase Order,Miu Hanwan
36,2011-01-13T23:49:00,2011-01-13T23:50:00,Purchasing Agent,Approve Purchase Order for payment,Karel de Groot
36,2011-01-17T02:34:00,2011-01-17T02:34:00,Supplier,Send invoice,Kiu Kan
36,2011-01-17T16:58:00,2011-01-17T17:03:00,Financial Manager,Release Supplier's Invoice,Karalda Nimwada
36,2011-01-17T17:03:00,2011-01-17T17:03:00,Financial Manager,Authorize Supplier's Invoice payment,Karalda Nimwada
36,2011-01-17T17:06:00,2011-01-17T17:16:00,Financial Manager,Pay invoice,Karalda Nimwada
36,2011-04-01T19:33:00,2011-04-01T20:05:00,Requester,Create Purchase Requisition,Anna Kaufmann
36,2011-05-01T10:54:00,2011-05-01T10:59:00,Requester Manager,Analyze Purchase Requisition,Maris Freeman
36,2011-05-01T11:02:00,2011-05-01T11:03:00,Requester Manager,Create Request for Quotation Requester Manager,Francis Odell
36,2011-06-01T07:03:00,2011-06-01T07:36:00,Purchasing Agent,Analyze Request for Quotation,Karel de Groot
36,2011-06-01T08:28:00,2011-06-01T08:38:00,Requester Manager,Amend Request for Quotation Requester,Anne Olwada
36,2011-06-01T15:46:00,2011-06-01T16:05:00,Purchasing Agent,Analyze Request for Quotation,Magdalena Predutta
36,2011-06-01T22:54:00,2011-06-01T23:27:00,Purchasing Agent,Send Request for Quotation to Supplier,Karel de Groot
36,2011-07-01T03:25:00,2011-07-01T07:26:00,Purchasing Agent,Create Quotation comparison Map,Karel de Groot
36,2011-07-01T14:21:00,2011-07-01T14:45:00,Requester,Analyze Quotation comparison Map,Christian Francois
36,2011-07-01T14:45:00,2011-07-01T14:45:00,Requester,Choose best option,Tesca Lobes
36,2011-08-01T12:06:00,2011-08-01T17:46:00,Purchasing Agent,Settle conditions with supplier,Francois de Perrier
36,2011-09-01T03:24:00,2011-09-01T03:31:00,Purchasing Agent,Create Purchase Order,Karel de Groot
36,2011-09-01T23:56:00,2011-09-02T00:11:00,Supplier,Confirm Purchase Order,Karen Clarens
36,2011-10-02T00:12:00,2011-12-01T23:26:00,Supplier,Deliver Goods Services,Sean Manney
361,2011-02-05T22:08:00,2011-02-05T22:34:00,Purchasing Agent,Analyze Request for Quotation,Karel de Groot
361,2011-02-20T19:38:00,2011-02-20T19:58:00,Requester,Create Purchase Requisition,Tesca Lobes
361,2011-02-21T18:42:00,2011-02-21T18:49:00,Requester Manager,Analyze Purchase Requisition,Heinz Gutschmidt
361,2011-02-21T18:55:00,2011-02-21T18:57:00,Requester Manager,Create Request for Quotation Requester Manager,Maris Freeman
361,2011-02-22T15:24:00,2011-02-22T16:03:00,Purchasing Agent,Analyze Request for Quotation,Karel de Groot
361,2011-02-22T17:00:00,2011-02-22T17:10:00,Requester Manager,Amend Request for Quotation Requester,Christian Francois
361,2011-03-05T23:55:00,2011-04-05T01:15:00,Purchasing Agent,Send Request for Quotation to Supplier,Magdalena Predutta
361,2011-03-13T23:42:00,2011-03-14T00:12:00,Purchasing Agent,Analyze Request for Quotation,Karel de Groot
361,2011-03-14T01:07:00,2011-03-14T01:19:00,Requester Manager,Amend Request for Quotation Requester,Kim Passa
361,2011-03-20T08:17:00,2011-03-20T08:54:00,Purchasing Agent,Analyze Request for Quotation,Karel de Groot
361,2011-03-20T09:45:00,2011-03-20T09:53:00,Requester Manager,Amend Request for Quotation Requester,Anne Olwada
361,2011-03-24T07:40:00,2011-03-24T08:09:00,Purchasing Agent,Analyze Request for Quotation,Francois de Perrier
361,2011-03-24T08:56:00,2011-03-24T09:01:00,Requester Manager,Amend Request for Quotation Requester,Alberto Duport
361,2011-03-24T19:32:00,2011-03-24T19:50:00,Purchasing Agent,Analyze Request for Quotation,Magdalena Predutta
361,2011-03-24T20:38:00,2011-03-24T20:46:00,Requester Manager,Amend Request for Quotation Requester,Kim Passa
361,2011-03-27T16:46:00,2011-03-27T17:12:00,Purchasing Agent,Analyze Request for Quotation,Magdalena Predutta
361,2011-03-27T17:57:00,2011-03-27T18:11:00,Requester Manager,Amend Request for Quotation Requester,Anna Kaufmann
361,2011-04-03T11:23:00,2011-04-03T11:37:00,Purchasing Agent,Analyze Request for Quotation,Francois de Perrier
361,2011-04-03T12:22:00,2011-04-03T12:29:00,Requester Manager,Amend Request for Quotation Requester,Esmana Liubiata
361,2011-04-17T12:28:00,2011-04-17T12:52:00,Purchasing Agent,Analyze Request for Quotation,Magdalena Predutta
361,2011-04-17T13:38:00,2011-04-17T13:43:00,Requester Manager,Amend Request for Quotation Requester,Miu Hanwan
361,2011-04-18T04:34:00,2011-04-18T04:53:00,Purchasing Agent,Analyze Request for Quotation,Magdalena Predutta
361,2011-04-18T05:40:00,2011-04-18T05:50:00,Requester Manager,Amend Request for Quotation Requester,Immanuel Karagianni
361,2011-04-28T20:42:00,2011-04-28T21:02:00,Purchasing Agent,Analyze Request for Quotation,Magdalena Predutta
361,2011-04-28T21:58:00,2011-04-28T22:04:00,Requester Manager,Amend Request for Quotation Requester,Miu Hanwan
361,2011-05-03T13:08:00,2011-05-03T13:34:00,Purchasing Agent,Analyze Request for Quotation,Magdalena Predutta
361,2011-05-03T14:24:00,2011-05-03T14:31:00,Requester Manager,Amend Request for Quotation Requester,Anne Olwada
361,2011-05-05T07:43:00,2011-05-05T11:06:00,Purchasing Agent,Create Quotation comparison Map,Karel de Groot
361,2011-05-05T17:23:00,2011-05-05T17:41:00,Requester,Analyze Quotation comparison Map,Esmana Liubiata
361,2011-05-05T17:41:00,2011-05-05T17:41:00,Requester,Choose best option,Anne Olwada
361,2011-06-05T11:03:00,2011-06-05T17:52:00,Purchasing Agent,Settle conditions with supplier,Magdalena Predutta
361,2011-06-05T22:03:00,2011-06-05T22:09:00,Purchasing Agent,Create Purchase Order,Magdalena Predutta
361,2011-07-05T15:26:00,2011-07-05T15:50:00,Supplier,Confirm Purchase Order,Carmen Finacse
361,2011-08-04T00:56:00,2011-09-03T01:13:00,Purchasing Agent,Analyze Request for Quotation,Karel de Groot
361,2011-08-05T08:15:00,2011-08-05T20:17:00,Supplier,Deliver Goods Services,Sean Manney
361,2011-09-03T01:59:00,2011-09-03T02:04:00,Requester Manager,Amend Request for Quotation Requester,Immanuel Karagianni
361,2011-09-05T03:39:00,2011-09-05T03:40:00,Requester,Release Purchase Order,Miu Hanwan
361,2011-09-05T15:45:00,2011-09-05T15:46:00,Purchasing Agent,Approve Purchase Order for payment,Magdalena Predutta
361,2011-11-04T05:27:00,2011-11-04T05:33:00,Purchasing Agent,Analyze Request for Quotation,Francois de Perrier
361,2011-11-04T21:21:00,2011-11-04T21:39:00,Requester Manager,Amend Request for Quotation Requester Manager,Maris Freeman
361,2011-12-05T07:08:00,2011-12-05T07:08:00,Supplier,Send invoice,Kiu Kan
361,2011-12-05T21:39:00,2011-12-05T21:43:00,Financial Manager,Release Supplier's Invoice,Pedro Alvares
361,2011-12-05T21:43:00,2011-12-05T21:43:00,Financial Manager,Authorize Supplier's Invoice payment,Pedro Alvares
361,2011-12-05T22:33:00,2011-12-05T22:42:00,Financial Manager,Pay invoice,Pedro Alvares
362,2011-02-20T22:27:00,2011-02-20T22:44:00,Requester,Create Purchase Requisition,Clement Duchot
362,2011-02-21T13:36:00,2011-02-21T13:42:00,Requester Manager,Analyze Purchase Requisition,Heinz Gutschmidt
362,2011-02-21T13:49:00,2011-02-21T13:51:00,Requester Manager,Create Request for Quotation Requester Manager,Heinz Gutschmidt
362,2011-02-22T08:04:00,2011-02-22T08:31:00,Purchasing Agent,Analyze Request for Quotation,Francois de Perrier
362,2011-02-22T09:30:00,2011-02-22T09:41:00,Requester Manager,Amend Request for Quotation Requester,Christian Francois
362,2011-02-24T14:03:00,2011-02-24T14:14:00,Purchasing Agent,Analyze Request for Quotation,Francois de Perrier
362,2011-02-24T15:08:00,2011-02-24T15:21:00,Requester Manager,Amend Request for Quotation Requester,Esmana Liubiata
362,2011-02-24T21:03:00,2011-02-24T21:21:00,Purchasing Agent,Analyze Request for Quotation,Francois de Perrier
363,2011-02-03T14:20:00,2011-02-03T14:20:00,Supplier,Deliver Goods Services,Karen Clarens
363,2011-02-03T22:03:00,2011-02-03T22:04:00,Requester,Release Purchase Order,Anne Olwada
363,2011-02-20T23:56:00,2011-02-21T00:16:00,Requester,Create Purchase Requisition,Miu Hanwan
363,2011-02-21T04:48:00,2011-02-21T05:01:00,Requester,Create Request for Quotation Requester,Elvira Lores
363,2011-02-24T11:16:00,2011-02-24T11:47:00,Purchasing Agent,Analyze Request for Quotation,Magdalena Predutta
363,2011-02-24T20:22:00,2011-02-24T20:47:00,Purchasing Agent,Send Request for Quotation to Supplier,Karel de Groot
363,2011-02-24T21:21:00,2011-02-25T01:52:00,Purchasing Agent,Create Quotation comparison Map,Francois de Perrier
363,2011-02-25T08:17:00,2011-02-25T08:50:00,Requester,Analyze Quotation comparison Map,Kim Passa
363,2011-02-25T08:50:00,2011-02-25T08:50:00,Requester,Choose best option,Nico Ojenbeer
363,2011-02-25T12:30:00,2011-02-26T00:56:00,Purchasing Agent,Settle conditions with supplier,Francois de Perrier
363,2011-02-26T08:21:00,2011-02-26T08:30:00,Purchasing Agent,Create Purchase Order,Karel de Groot
363,2011-02-27T21:58:00,2011-02-27T22:16:00,Supplier,Confirm Purchase Order,Karen Clarens
363,2011-02-28T23:32:00,2011-02-28T23:32:00,Supplier,Deliver Goods Services,Karen Clarens
363,2011-03-03T18:07:00,2011-03-03T18:08:00,Purchasing Agent,Approve Purchase Order for payment,Karel de Groot
363,2011-04-03T11:52:00,2011-04-03T11:52:00,Supplier,Send invoice,Sean Manney
363,2011-05-03T02:19:00,2011-05-03T02:26:00,Financial Manager,Release Supplier's Invoice,Pedro Alvares
363,2011-05-03T02:26:00,2011-05-03T02:26:00,Financial Manager,Authorize Supplier's Invoice payment,Karalda Nimwada
363,2011-05-03T03:13:00,2011-05-03T03:21:00,Financial Manager,Pay invoice,Karalda Nimwada
367,2011-01-03T15:36:00,2011-03-03T09:53:00,Supplier,Deliver Goods Services,Sean Manney
367,2011-02-21T17:38:00,2011-02-21T18:30:00,Requester,Create Purchase Requisition,Fjodor Kowalski
367,2011-02-21T19:12:00,2011-02-21T19:18:00,Requester,Create Request for Quotation Requester,Kim Passa
367,2011-02-24T22:03:00,2011-02-24T22:23:00,Purchasing Agent,Analyze Request for Quotation,Magdalena Predutta
367,2011-02-26T01:28:00,2011-02-26T01:43:00,Purchasing Agent,Send Request for Quotation to Supplier,Karel de Groot
367,2011-02-26T05:40:00,2011-02-26T06:35:00,Purchasing Agent,Create Quotation comparison Map,Magdalena Predutta
367,2011-02-26T13:48:00,2011-02-26T14:11:00,Requester,Analyze Quotation comparison Map,Christian Francois
367,2011-02-26T14:11:00,2011-02-26T14:11:00,Requester,Choose best option,Elvira Lores
367,2011-02-27T04:17:00,2011-02-27T16:21:00,Purchasing Agent,Settle conditions with supplier,Francois de Perrier
367,2011-02-28T07:35:00,2011-02-28T07:43:00,Purchasing Agent,Create Purchase Order,Francois de Perrier
367,2011-02-28T20:02:00,2011-02-28T20:26:00,Supplier,Confirm Purchase Order,Kiu Kan
367,2011-03-03T17:38:00,2011-03-03T17:39:00,Requester,Release Purchase Order,Nico Ojenbeer
367,2011-04-03T18:22:00,2011-04-03T18:23:00,Purchasing Agent,Approve Purchase Order for payment,Francois de Perrier
367,2011-08-03T11:16:00,2011-08-03T11:16:00,Supplier,Send invoice,Carmen Finacse
367,2011-09-03T01:39:00,2011-09-03T01:46:00,Financial Manager,Release Supplier's Invoice,Pedro Alvares
367,2011-09-03T01:46:00,2011-09-03T01:46:00,Financial Manager,Authorize Supplier's Invoice payment,Karalda Nimwada
367,2011-09-03T02:37:00,2011-09-03T02:46:00,Financial Manager,Pay invoice,Karalda Nimwada
368,2011-01-03T18:35:00,2011-03-03T07:18:00,Supplier,Deliver Goods Services,Esmeralda Clay
368,2011-02-22T03:01:00,2011-02-22T03:08:00,Requester,Create Purchase Requisition,Alberto Duport
368,2011-02-22T17:23:00,2011-02-22T17:28:00,Requester Manager,Analyze Purchase Requisition,Maris Freeman
368,2011-02-22T17:35:00,2011-02-22T17:37:00,Requester Manager,Create Request for Quotation Requester Manager,Maris Freeman
368,2011-02-25T01:01:00,2011-02-25T01:18:00,Purchasing Agent,Analyze Request for Quotation,Karel de Groot
368,2011-02-25T07:52:00,2011-02-25T08:06:00,Purchasing Agent,Send Request for Quotation to Supplier,Karel de Groot
368,2011-02-26T07:15:00,2011-02-26T12:42:00,Purchasing Agent,Create Quotation comparison Map,Magdalena Predutta
368,2011-02-26T19:19:00,2011-02-26T19:32:00,Requester,Analyze Quotation comparison Map,Clement Duchot
368,2011-02-26T19:32:00,2011-02-26T19:32:00,Requester,Choose best option,Elvira Lores
368,2011-02-26T23:16:00,2011-02-27T13:41:00,Purchasing Agent,Settle conditions with supplier,Karel de Groot
368,2011-02-28T08:57:00,2011-02-28T09:09:00,Purchasing Agent,Create Purchase Order,Magdalena Predutta
368,2011-02-28T14:54:00,2011-02-28T15:15:00,Supplier,Confirm Purchase Order,Sean Manney
368,2011-03-03T14:36:00,2011-03-03T14:37:00,Requester,Release Purchase Order,Tesca Lobes
368,2011-04-03T18:21:00,2011-04-03T18:22:00,Purchasing Agent,Approve Purchase Order for payment,Francois de Perrier
368,2011-05-03T22:42:00,2011-05-03T22:42:00,Supplier,Send invoice,Kiu Kan
368,2011-06-03T13:13:00,2011-06-03T13:17:00,Financial Manager,Release Supplier's Invoice,Pedro Alvares
368,2011-06-03T13:17:00,2011-06-03T13:17:00,Financial Manager,Authorize Supplier's Invoice payment,Karalda Nimwada
368,2011-06-03T13:44:00,2011-06-03T13:58:00,Financial Manager,Pay invoice,Pedro Alvares
37,2011-01-14T04:19:00,2011-01-14T04:19:00,Supplier,Deliver Goods Services,Esmeralda Clay
37,2011-01-14T12:12:00,2011-01-14T12:13:00,Requester,Release Purchase Order,Tesca Lobes
37,2011-01-15T17:03:00,2011-01-15T17:04:00,Purchasing Agent,Approve Purchase Order for payment,Francois de Perrier
37,2011-01-16T19:52:00,2011-01-16T19:52:00,Supplier,Send invoice,Sean Manney
37,2011-01-17T10:22:00,2011-01-17T10:27:00,Financial Manager,Release Supplier's Invoice,Pedro Alvares
37,2011-01-17T10:27:00,2011-01-17T10:27:00,Financial Manager,Authorize Supplier's Invoice payment,Pedro Alvares
37,2011-01-17T10:50:00,2011-01-17T10:55:00,Financial Manager,Pay invoice,Karalda Nimwada
37,2011-04-01T20:48:00,2011-04-01T21:20:00,Requester,Create Purchase Requisition,Christian Francois
37,2011-05-01T18:32:00,2011-05-01T18:38:00,Requester Manager,Analyze Purchase Requisition,Francis Odell
37,2011-05-01T18:44:00,2011-05-01T18:47:00,Requester Manager,Create Request for Quotation Requester Manager,Francis Odell
37,2011-06-01T14:34:00,2011-06-01T14:53:00,Purchasing Agent,Analyze Request for Quotation,Karel de Groot
37,2011-06-01T15:39:00,2011-06-01T15:47:00,Requester Manager,Amend Request for Quotation Requester,Esmana Liubiata
37,2011-06-01T18:04:00,2011-06-01T18:46:00,Purchasing Agent,Analyze Request for Quotation,Karel de Groot
37,2011-06-01T19:41:00,2011-06-01T19:48:00,Requester Manager,Amend Request for Quotation Requester,Nico Ojenbeer
37,2011-07-01T11:54:00,2011-07-01T12:33:00,Purchasing Agent,Analyze Request for Quotation,Magdalena Predutta
37,2011-08-01T03:40:00,2011-08-01T04:06:00,Purchasing Agent,Send Request for Quotation to Supplier,Magdalena Predutta
37,2011-08-01T15:16:00,2011-08-01T19:03:00,Purchasing Agent,Create Quotation comparison Map,Magdalena Predutta
37,2011-09-01T02:02:00,2011-09-01T02:16:00,Requester,Analyze Quotation comparison Map,Christian Francois
37,2011-09-01T02:16:00,2011-09-01T02:16:00,Requester,Choose best option,Alberto Duport
37,2011-09-01T07:44:00,2011-09-01T14:39:00,Purchasing Agent,Settle conditions with supplier,Francois de Perrier
37,2011-10-01T03:53:00,2011-10-01T04:01:00,Purchasing Agent,Create Purchase Order,Magdalena Predutta
37,2011-11-01T00:37:00,2011-11-01T00:52:00,Supplier,Confirm Purchase Order,Carmen Finacse
37,2011-12-01T13:42:00,2011-12-01T13:42:00,Supplier,Deliver Goods Services,Esmeralda Clay
370,2011-02-22T09:31:00,2011-02-22T10:05:00,Requester,Create Purchase Requisition,Clement Duchot
370,2011-02-22T17:51:00,2011-02-22T18:00:00,Requester,Create Request for Quotation Requester,Anna Kaufmann
370,2011-09-03T01:13:00,2011-09-03T01:48:00,Purchasing Agent,Analyze Request for Quotation,Karel de Groot
371,2011-01-03T08:55:00,2011-01-03T08:55:00,Purchasing Agent,Settle conditions with supplier,Francois de Perrier
371,2011-02-03T03:52:00,2011-02-03T04:03:00,Purchasing Agent,Create Purchase Order,Francois de Perrier
371,2011-02-22T17:59:00,2011-02-22T18:05:00,Requester,Create Purchase Requisition,Esmana Liubiata
371,2011-02-22T21:13:00,2011-02-22T21:23:00,Requester,Create Request for Quotation Requester,Nico Ojenbeer
371,2011-02-26T01:30:00,2011-02-26T01:51:00,Purchasing Agent,Analyze Request for Quotation,Francois de Perrier
371,2011-02-27T03:44:00,2011-02-27T04:06:00,Purchasing Agent,Send Request for Quotation to Supplier,Francois de Perrier
371,2011-02-28T04:28:00,2011-02-28T06:34:00,Purchasing Agent,Create Quotation comparison Map,Francois de Perrier
371,2011-02-28T12:56:00,2011-02-28T13:10:00,Requester,Analyze Quotation comparison Map,Nico Ojenbeer
371,2011-02-28T13:10:00,2011-02-28T13:10:00,Requester,Choose best option,Clement Duchot
371,2011-02-28T22:55:00,2011-02-28T22:55:00,Purchasing Agent,Settle conditions with supplier,Francois de Perrier
371,2011-03-03T10:40:00,2011-03-03T10:59:00,Supplier,Confirm Purchase Order,Carmen Finacse
371,2011-04-03T16:25:00,2011-06-03T10:12:00,Supplier,Deliver Goods Services,Sean Manney
371,2011-06-03T17:52:00,2011-06-03T17:53:00,Requester,Release Purchase Order,Anna Kaufmann
371,2011-07-03T05:29:00,2011-07-03T05:30:00,Purchasing Agent,Approve Purchase Order for payment,Karel de Groot
371,2011-07-03T23:30:00,2011-07-03T23:30:00,Supplier,Send invoice,Kiu Kan
371,2011-08-03T13:43:00,2011-08-03T13:48:00,Financial Manager,Release Supplier's Invoice,Pedro Alvares
371,2011-08-03T14:32:00,2011-08-03T15:04:00,Financial Manager,Settle dispute with supplier Financial Manager,Pedro Alvares
371,2011-08-03T15:04:00,2011-08-03T15:04:00,Financial Manager,Authorize Supplier's Invoice payment,Pedro Alvares
371,2011-08-03T15:53:00,2011-08-03T16:07:00,Financial Manager,Pay invoice,Karalda Nimwada
372,2011-01-03T04:46:00,2011-01-03T04:46:00,Purchasing Agent,Settle conditions with supplier,Magdalena Predutta
372,2011-02-03T05:14:00,2011-02-03T05:24:00,Purchasing Agent,Create Purchase Order,Karel de Groot
372,2011-02-22T22:15:00,2011-02-22T22:46:00,Requester,Create Purchase Requisition,Clement Duchot
372,2011-02-23T07:01:00,2011-02-23T07:13:00,Requester,Create Request for Quotation Requester,Nico Ojenbeer
372,2011-02-25T03:17:00,2011-02-25T03:41:00,Purchasing Agent,Analyze Request for Quotation,Karel de Groot
372,2011-02-27T02:33:00,2011-02-27T03:00:00,Purchasing Agent,Send Request for Quotation to Supplier,Francois de Perrier
372,2011-02-28T06:38:00,2011-02-28T10:26:00,Purchasing Agent,Create Quotation comparison Map,Karel de Groot
372,2011-02-28T17:12:00,2011-02-28T17:45:00,Requester,Analyze Quotation comparison Map,Penn Osterwalder
372,2011-02-28T17:45:00,2011-02-28T17:45:00,Requester,Choose best option,Fjodor Kowalski
372,2011-02-28T20:48:00,2011-02-28T20:48:00,Purchasing Agent,Settle conditions with supplier,Magdalena Predutta
372,2011-03-03T21:58:00,2011-03-03T22:13:00,Supplier,Confirm Purchase Order,Karen Clarens
372,2011-04-03T17:13:00,2011-04-03T23:40:00,Supplier,Deliver Goods Services,Kiu Kan
372,2011-05-03T07:43:00,2011-05-03T07:44:00,Requester,Release Purchase Order,Kim Passa
372,2011-05-03T13:34:00,2011-05-03T13:35:00,Purchasing Agent,Approve Purchase Order for payment,Magdalena Predutta
372,2011-07-03T23:30:00,2011-07-03T23:30:00,Supplier,Send invoice,Kiu Kan
372,2011-08-03T13:44:00,2011-08-03T13:49:00,Financial Manager,Release Supplier's Invoice,Karalda Nimwada
372,2011-08-03T13:49:00,2011-08-03T13:49:00,Financial Manager,Authorize Supplier's Invoice payment,Pedro Alvares
372,2011-08-03T14:32:00,2011-08-03T14:42:00,Financial Manager,Pay invoice,Karalda Nimwada
374,2011-02-03T04:50:00,2011-02-03T05:13:00,Purchasing Agent,Send Request for Quotation to Supplier,Karel de Groot
374,2011-02-03T14:49:00,2011-02-03T18:56:00,Purchasing Agent,Create Quotation comparison Map,Francois de Perrier
374,2011-02-22T23:23:00,2011-02-22T23:49:00,Requester,Create Purchase Requisition,Anne Olwada
374,2011-02-24T00:44:00,2011-02-24T00:49:00,Requester Manager,Analyze Purchase Requisition,Maris Freeman
374,2011-02-24T00:57:00,2011-02-24T00:58:00,Requester Manager,Create Request for Quotation Requester Manager,Francis Odell
374,2011-02-28T19:51:00,2011-02-28T20:26:00,Purchasing Agent,Analyze Request for Quotation,Karel de Groot
374,2011-03-03T02:02:00,2011-03-03T02:25:00,Requester,Analyze Quotation comparison Map,Christian Francois
374,2011-03-03T02:25:00,2011-03-03T02:25:00,Requester,Choose best option,Kim Passa
374,2011-03-03T19:18:00,2011-04-03T09:36:00,Purchasing Agent,Settle conditions with supplier,Magdalena Predutta
374,2011-04-03T11:45:00,2011-04-03T11:57:00,Purchasing Agent,Create Purchase Order,Francois de Perrier
374,2011-05-03T22:19:00,2011-05-03T22:42:00,Supplier,Confirm Purchase Order,Kiu Kan
374,2011-06-03T21:26:00,2011-08-03T03:11:00,Supplier,Deliver Goods Services,Esmeralda Clay
374,2011-08-03T10:53:00,2011-08-03T10:54:00,Requester,Release Purchase Order,Anne Olwada
374,2011-08-03T19:05:00,2011-08-03T19:06:00,Purchasing Agent,Approve Purchase Order for payment,Karel de Groot
374,2011-10-03T20:24:00,2011-10-03T20:24:00,Supplier,Send invoice,Sean Manney
374,2011-11-03T09:33:00,2011-11-03T09:36:00,Financial Manager,Release Supplier's Invoice,Pedro Alvares
374,2011-11-03T09:36:00,2011-11-03T09:36:00,Financial Manager,Authorize Supplier's Invoice payment,Pedro Alvares
374,2011-11-03T10:10:00,2011-11-03T10:18:00,Financial Manager,Pay invoice,Pedro Alvares
375,2011-02-23T00:10:00,2011-02-23T00:15:00,Requester,Create Purchase Requisition,Clement Duchot
375,2011-02-23T07:24:00,2011-02-23T07:37:00,Requester,Create Request for Quotation Requester,Christian Francois
375,2011-02-25T10:43:00,2011-02-25T10:56:00,Purchasing Agent,Analyze Request for Quotation,Francois de Perrier
375,2011-02-26T02:14:00,2011-02-26T02:35:00,Purchasing Agent,Send Request for Quotation to Supplier,Karel de Groot
375,2011-02-26T07:24:00,2011-02-26T08:02:00,Purchasing Agent,Create Quotation comparison Map,Karel de Groot
375,2011-02-26T14:04:00,2011-02-26T14:15:00,Requester,Analyze Quotation comparison Map,Alberto Duport
375,2011-02-26T14:15:00,2011-02-26T14:15:00,Requester,Choose best option,Nico Ojenbeer
375,2011-02-27T16:21:00,2011-02-28T04:02:00,Purchasing Agent,Settle conditions with supplier,Francois de Perrier
375,2011-02-28T08:18:00,2011-02-28T08:28:00,Purchasing Agent,Create Purchase Order,Francois de Perrier
375,2011-02-28T14:45:00,2011-02-28T14:54:00,Supplier,Confirm Purchase Order,Sean Manney
375,2011-03-03T11:14:00,2011-04-03T03:45:00,Supplier,Deliver Goods Services,Carmen Finacse
375,2011-04-03T11:23:00,2011-04-03T11:24:00,Requester,Release Purchase Order,Penn Osterwalder
375,2011-04-03T19:06:00,2011-04-03T19:07:00,Purchasing Agent,Approve Purchase Order for payment,Magdalena Predutta
375,2011-10-03T17:59:00,2011-10-03T17:59:00,Supplier,Send invoice,Sean Manney
375,2011-11-03T07:29:00,2011-11-03T07:31:00,Financial Manager,Release Supplier's Invoice,Karalda Nimwada
375,2011-11-03T07:32:00,2011-11-03T07:32:00,Financial Manager,Authorize Supplier's Invoice payment,Pedro Alvares
375,2011-11-03T07:42:00,2011-11-03T07:56:00,Financial Manager,Pay invoice,Karalda Nimwada
380,2011-02-03T14:20:00,2011-02-03T14:44:00,Supplier,Confirm Purchase Order,Karen Clarens
380,2011-02-23T18:02:00,2011-02-23T18:11:00,Requester,Create Purchase Requisition,Nico Ojenbeer
380,2011-02-23T23:25:00,2011-02-23T23:35:00,Requester,Create Request for Quotation Requester,Elvira Lores
380,2011-02-25T11:20:00,2011-02-25T11:36:00,Purchasing Agent,Analyze Request for Quotation,Francois de Perrier
380,2011-02-26T11:56:00,2011-02-26T12:24:00,Purchasing Agent,Send Request for Quotation to Supplier,Francois de Perrier
380,2011-02-26T13:34:00,2011-02-26T18:08:00,Purchasing Agent,Create Quotation comparison Map,Magdalena Predutta
380,2011-02-27T01:10:00,2011-02-27T01:21:00,Requester,Analyze Quotation comparison Map,Anne Olwada
380,2011-02-27T01:21:00,2011-02-27T01:21:00,Requester,Choose best option,Penn Osterwalder
380,2011-02-28T00:49:00,2011-02-28T05:21:00,Purchasing Agent,Settle conditions with supplier,Magdalena Predutta
380,2011-02-28T09:46:00,2011-02-28T09:55:00,Purchasing Agent,Create Purchase Order,Magdalena Predutta
380,2011-04-03T12:13:00,2011-04-03T16:25:00,Supplier,Deliver Goods Services,Sean Manney
380,2011-04-04T00:11:00,2011-04-04T00:12:00,Requester,Release Purchase Order,Clement Duchot
380,2011-05-03T09:04:00,2011-05-03T09:05:00,Purchasing Agent,Approve Purchase Order for payment,Francois de Perrier
380,2011-05-03T22:19:00,2011-05-03T22:19:00,Supplier,Send invoice,Kiu Kan
380,2011-06-03T12:55:00,2011-06-03T12:58:00,Financial Manager,Release Supplier's Invoice,Pedro Alvares
380,2011-06-03T12:58:00,2011-06-03T12:58:00,Financial Manager,Authorize Supplier's Invoice payment,Karalda Nimwada
380,2011-06-03T13:26:00,2011-06-03T13:34:00,Financial Manager,Pay invoice,Pedro Alvares
381,2011-02-23T21:35:00,2011-02-23T22:16:00,Requester,Create Purchase Requisition,Penn Osterwalder
381,2011-02-24T02:32:00,2011-02-24T02:40:00,Requester,Create Request for Quotation Requester,Penn Osterwalder
381,2011-02-24T21:52:00,2011-02-24T22:19:00,Purchasing Agent,Analyze Request for Quotation,Karel de Groot
381,2011-02-26T01:49:00,2011-02-26T02:14:00,Purchasing Agent,Send Request for Quotation to Supplier,Karel de Groot
381,2011-02-26T02:35:00,2011-02-26T03:32:00,Purchasing Agent,Create Quotation comparison Map,Karel de Groot
381,2011-02-26T09:21:00,2011-02-26T09:44:00,Requester,Analyze Quotation comparison Map,Esmana Liubiata
381,2011-02-26T09:44:00,2011-02-26T09:44:00,Requester,Choose best option,Fjodor Kowalski
381,2011-02-26T13:15:00,2011-02-27T02:33:00,Purchasing Agent,Settle conditions with supplier,Francois de Perrier
381,2011-02-27T04:06:00,2011-02-27T04:16:00,Purchasing Agent,Create Purchase Order,Francois de Perrier
381,2011-02-27T21:37:00,2011-02-27T21:58:00,Supplier,Confirm Purchase Order,Karen Clarens
381,2011-04-03T01:44:00,2011-04-03T10:13:00,Supplier,Deliver Goods Services,Esmeralda Clay
381,2011-04-03T18:18:00,2011-04-03T18:19:00,Requester,Release Purchase Order,Immanuel Karagianni
381,2011-05-03T03:43:00,2011-05-03T03:44:00,Purchasing Agent,Approve Purchase Order for payment,Francois de Perrier
381,2011-10-03T21:15:00,2011-10-03T21:15:00,Supplier,Send invoice,Sean Manney
381,2011-11-03T10:39:00,2011-11-03T10:43:00,Financial Manager,Release Supplier's Invoice,Pedro Alvares
381,2011-11-03T10:43:00,2011-11-03T10:43:00,Financial Manager,Authorize Supplier's Invoice payment,Karalda Nimwada
381,2011-11-03T10:53:00,2011-11-03T11:03:00,Financial Manager,Pay invoice,Karalda Nimwada
383,2011-02-23T23:02:00,2011-02-23T23:42:00,Requester,Create Purchase Requisition,Miu Hanwan
383,2011-02-24T02:13:00,2011-02-24T02:23:00,Requester,Create Request for Quotation Requester,Kim Passa
383,2011-02-24T04:18:00,2011-02-24T04:43:00,Purchasing Agent,Analyze Request for Quotation,Francois de Perrier
383,2011-02-24T05:35:00,2011-02-24T05:40:00,Requester Manager,Amend Request for Quotation Requester,Penn Osterwalder
383,2011-02-25T10:57:00,2011-02-25T11:20:00,Purchasing Agent,Analyze Request for Quotation,Francois de Perrier
383,2011-02-25T12:12:00,2011-02-25T12:27:00,Requester Manager,Amend Request for Quotation Requester,Immanuel Karagianni
383,2011-04-03T18:01:00,2011-04-03T18:21:00,Purchasing Agent,Analyze Request for Quotation,Francois de Perrier
384,2011-01-03T05:27:00,2011-01-03T05:27:00,Purchasing Agent,Settle conditions with supplier,Karel de Groot
384,2011-02-03T09:22:00,2011-02-03T09:34:00,Purchasing Agent,Create Purchase Order,Karel de Groot
384,2011-02-24T01:47:00,2011-02-24T02:43:00,Requester,Create Purchase Requisition,Miu Hanwan
384,2011-02-25T01:13:00,2011-02-25T01:17:00,Requester Manager,Analyze Purchase Requisition,Maris Freeman
384,2011-02-25T01:22:00,2011-02-25T01:24:00,Requester Manager,Create Request for Quotation Requester Manager,Maris Freeman
384,2011-02-25T18:40:00,2011-02-25T19:05:00,Purchasing Agent,Analyze Request for Quotation,Magdalena Predutta
384,2011-02-27T18:53:00,2011-02-27T19:05:00,Purchasing Agent,Send Request for Quotation to Supplier,Magdalena Predutta
384,2011-02-28T05:30:00,2011-02-28T08:29:00,Purchasing Agent,Create Quotation comparison Map,Magdalena Predutta
384,2011-02-28T15:16:00,2011-02-28T15:31:00,Requester,Analyze Quotation comparison Map,Anna Kaufmann
384,2011-02-28T15:31:00,2011-02-28T15:31:00,Requester,Choose best option,Immanuel Karagianni
384,2011-02-28T23:35:00,2011-02-28T23:35:00,Purchasing Agent,Settle conditions with supplier,Karel de Groot
384,2011-03-03T22:13:00,2011-03-03T22:27:00,Supplier,Confirm Purchase Order,Karen Clarens
384,2011-05-03T06:44:00,2011-05-03T19:21:00,Supplier,Deliver Goods Services,Carmen Finacse
384,2011-06-03T02:52:00,2011-06-03T02:53:00,Requester,Release Purchase Order,Esmana Liubiata
384,2011-06-03T14:00:00,2011-06-03T14:01:00,Purchasing Agent,Approve Purchase Order for payment,Karel de Groot
384,2011-08-03T03:11:00,2011-08-03T03:11:00,Supplier,Send invoice,Esmeralda Clay
384,2011-08-03T17:33:00,2011-08-03T17:36:00,Financial Manager,Release Supplier's Invoice,Karalda Nimwada
384,2011-08-03T17:36:00,2011-08-03T17:36:00,Financial Manager,Authorize Supplier's Invoice payment,Karalda Nimwada
384,2011-08-03T18:40:00,2011-08-03T18:53:00,Financial Manager,Pay invoice,Karalda Nimwada
387,2011-01-03T05:36:00,2011-01-03T05:45:00,Requester,Analyze Quotation comparison Map,Nico Ojenbeer
387,2011-01-03T05:45:00,2011-01-03T05:45:00,Requester,Choose best option,Anne Olwada
387,2011-01-03T09:31:00,2011-01-03T21:24:00,Purchasing Agent,Settle conditions with supplier,Magdalena Predutta
387,2011-02-24T14:03:00,2011-02-24T14:44:00,Requester,Create Purchase Requisition,Fjodor Kowalski
387,2011-02-25T13:35:00,2011-02-25T13:40:00,Requester Manager,Analyze Purchase Requisition,Francis Odell
387,2011-02-25T13:45:00,2011-02-25T13:47:00,Requester Manager,Create Request for Quotation Requester Manager,Francis Odell
387,2011-02-28T06:51:00,2011-02-28T07:08:00,Purchasing Agent,Analyze Request for Quotation,Francois de Perrier
387,2011-02-28T16:22:00,2011-02-28T16:47:00,Purchasing Agent,Send Request for Quotation to Supplier,Magdalena Predutta
387,2011-02-28T18:54:00,2011-02-28T22:27:00,Purchasing Agent,Create Quotation comparison Map,Francois de Perrier
387,2011-03-03T18:08:00,2011-03-03T18:19:00,Purchasing Agent,Create Purchase Order,Karel de Groot
387,2011-05-03T13:19:00,2011-05-03T13:53:00,Supplier,Confirm Purchase Order,Karen Clarens
387,2011-06-03T10:22:00,2011-07-03T13:42:00,Supplier,Deliver Goods Services,Sean Manney
387,2011-07-03T21:32:00,2011-07-03T21:33:00,Requester,Release Purchase Order,Anna Kaufmann
387,2011-08-03T10:21:00,2011-08-03T10:22:00,Purchasing Agent,Approve Purchase Order for payment,Magdalena Predutta
387,2011-10-03T18:49:00,2011-10-03T18:49:00,Supplier,Send invoice,Sean Manney
387,2011-11-03T08:04:00,2011-11-03T08:10:00,Financial Manager,Release Supplier's Invoice,Karalda Nimwada
387,2011-11-03T08:10:00,2011-11-03T08:10:00,Financial Manager,Authorize Supplier's Invoice payment,Karalda Nimwada
387,2011-11-03T09:13:00,2011-11-03T09:23:00,Financial Manager,Pay invoice,Pedro Alvares
389,2011-02-03T19:39:00,2011-02-03T20:04:00,Purchasing Agent,Analyze Request for Quotation,Francois de Perrier
389,2011-02-24T18:13:00,2011-02-24T18:19:00,Requester,Create Purchase Requisition,Tesca Lobes
389,2011-02-24T22:28:00,2011-02-24T22:40:00,Requester,Create Request for Quotation Requester,Elvira Lores
389,2011-03-03T05:51:00,2011-03-03T06:09:00,Purchasing Agent,Send Request for Quotation to Supplier,Magdalena Predutta
389,2011-03-03T13:03:00,2011-03-03T18:06:00,Purchasing Agent,Create Quotation comparison Map,Karel de Groot
389,2011-04-03T02:06:00,2011-04-03T02:19:00,Requester,Analyze Quotation comparison Map,Nico Ojenbeer
389,2011-04-03T02:19:00,2011-04-03T02:19:00,Requester,Choose best option,Immanuel Karagianni
389,2011-04-03T09:36:00,2011-04-03T17:33:00,Purchasing Agent,Settle conditions with supplier,Magdalena Predutta
389,2011-04-03T20:10:00,2011-04-03T20:22:00,Purchasing Agent,Create Purchase Order,Magdalena Predutta
389,2011-07-03T14:10:00,2011-07-03T14:33:00,Supplier,Confirm Purchase Order,Sean Manney
389,2011-08-03T03:11:00,2011-08-03T21:30:00,Supplier,Deliver Goods Services,Esmeralda Clay
389,2011-09-03T05:14:00,2011-09-03T05:15:00,Requester,Release Purchase Order,Tesca Lobes
389,2011-09-03T13:47:00,2011-09-03T13:48:00,Purchasing Agent,Approve Purchase Order for payment,Francois de Perrier
389,2011-10-03T18:49:00,2011-10-03T18:49:00,Supplier,Send invoice,Sean Manney
389,2011-11-03T08:11:00,2011-11-03T08:16:00,Financial Manager,Release Supplier's Invoice,Karalda Nimwada
389,2011-11-03T08:51:00,2011-11-03T09:13:00,Financial Manager,Settle dispute with supplier Financial Manager,Pedro Alvares
389,2011-11-03T09:16:00,2011-11-03T09:16:00,Financial Manager,Authorize Supplier's Invoice payment,Karalda Nimwada
389,2011-11-03T10:19:00,2011-11-03T10:32:00,Financial Manager,Pay invoice,Pedro Alvares
39,2011-01-13T00:42:00,2011-01-14T00:31:00,Supplier,Deliver Goods Services,Sean Manney
39,2011-01-14T08:40:00,2011-01-14T08:41:00,Requester,Release Purchase Order,Alberto Duport
39,2011-01-14T12:12:00,2011-01-14T12:13:00,Purchasing Agent,Approve Purchase Order for payment,Karel de Groot
39,2011-01-14T22:18:00,2011-01-14T22:18:00,Supplier,Send invoice,Esmeralda Clay
39,2011-01-15T12:41:00,2011-01-15T12:48:00,Financial Manager,Release Supplier's Invoice,Karalda Nimwada
39,2011-01-15T12:48:00,2011-01-15T12:48:00,Financial Manager,Authorize Supplier's Invoice payment,Pedro Alvares
39,2011-01-15T13:32:00,2011-01-15T13:41:00,Financial Manager,Pay invoice,Pedro Alvares
39,2011-05-01T05:55:00,2011-05-01T06:47:00,Requester,Create Purchase Requisition,Nico Ojenbeer
39,2011-05-01T16:25:00,2011-05-01T16:30:00,Requester Manager,Analyze Purchase Requisition,Maris Freeman
39,2011-05-01T16:34:00,2011-05-01T16:36:00,Requester Manager,Create Request for Quotation Requester Manager,Heinz Gutschmidt
39,2011-07-01T03:15:00,2011-07-01T03:25:00,Purchasing Agent,Analyze Request for Quotation,Karel de Groot
39,2011-07-01T04:11:00,2011-07-01T04:20:00,Requester Manager,Amend Request for Quotation Requester,Kim Passa
39,2011-07-01T20:35:00,2011-07-01T20:53:00,Purchasing Agent,Analyze Request for Quotation,Francois de Perrier
39,2011-07-01T21:48:00,2011-07-01T22:02:00,Requester Manager,Amend Request for Quotation Requester,Penn Osterwalder
39,2011-08-01T01:24:00,2011-08-01T01:56:00,Purchasing Agent,Analyze Request for Quotation,Magdalena Predutta
39,2011-09-01T08:49:00,2011-09-01T09:14:00,Purchasing Agent,Send Request for Quotation to Supplier,Karel de Groot
39,2011-09-01T21:14:00,2011-10-01T03:15:00,Purchasing Agent,Create Quotation comparison Map,Magdalena Predutta
39,2011-10-01T10:11:00,2011-10-01T10:40:00,Requester,Analyze Quotation comparison Map,Esmana Liubiata
39,2011-10-01T10:40:00,2011-10-01T10:40:00,Requester,Choose best option,Clement Duchot
39,2011-11-01T00:59:00,2011-11-01T09:59:00,Purchasing Agent,Settle conditions with supplier,Magdalena Predutta
39,2011-12-01T01:40:00,2011-12-01T01:51:00,Purchasing Agent,Create Purchase Order,Magdalena Predutta
39,2011-12-01T13:21:00,2011-12-01T13:42:00,Supplier,Confirm Purchase Order,Esmeralda Clay
391,2011-02-25T06:33:00,2011-02-25T06:59:00,Requester,Create Purchase Requisition,Fjodor Kowalski
391,2011-02-25T14:27:00,2011-02-25T14:34:00,Requester,Create Request for Quotation Requester,Elvira Lores
391,2011-02-26T11:19:00,2011-02-26T11:48:00,Purchasing Agent,Analyze Request for Quotation,Francois de Perrier
393,2011-01-03T05:28:00,2011-01-03T05:41:00,Purchasing Agent,Send Request for Quotation to Supplier,Magdalena Predutta
393,2011-01-03T09:34:00,2011-01-03T14:42:00,Purchasing Agent,Create Quotation comparison Map,Francois de Perrier
393,2011-01-03T21:54:00,2011-01-03T22:17:00,Requester,Analyze Quotation comparison Map,Anna Kaufmann
393,2011-01-03T22:17:00,2011-01-03T22:17:00,Requester,Choose best option,Christian Francois
393,2011-02-25T15:55:00,2011-02-25T16:04:00,Requester,Create Purchase Requisition,Esmana Liubiata
393,2011-02-26T14:21:00,2011-02-26T14:26:00,Requester Manager,Analyze Purchase Requisition,Heinz Gutschmidt
393,2011-02-26T14:32:00,2011-02-26T14:35:00,Requester Manager,Create Request for Quotation Requester Manager,Francis Odell
393,2011-02-28T21:50:00,2011-02-28T22:14:00,Purchasing Agent,Analyze Request for Quotation,Karel de Groot
393,2011-03-03T06:36:00,2011-03-03T16:09:00,Purchasing Agent,Settle conditions with supplier,Magdalena Predutta
393,2011-04-03T12:18:00,2011-04-03T12:25:00,Purchasing Agent,Create Purchase Order,Karel de Groot
393,2011-07-03T14:02:00,2011-07-03T14:10:00,Supplier,Confirm Purchase Order,Sean Manney
393,2011-07-03T23:30:00,2011-09-03T14:59:00,Supplier,Deliver Goods Services,Kiu Kan
393,2011-09-03T22:32:00,2011-09-03T22:33:00,Requester,Release Purchase Order,Nico Ojenbeer
393,2011-10-03T06:39:00,2011-10-03T06:40:00,Purchasing Agent,Approve Purchase Order for payment,Francois de Perrier
393,2011-10-03T17:59:00,2011-10-03T17:59:00,Supplier,Send invoice,Sean Manney
393,2011-11-03T07:25:00,2011-11-03T07:32:00,Financial Manager,Release Supplier's Invoice,Pedro Alvares
393,2011-11-03T08:05:00,2011-11-03T08:19:00,Financial Manager,Settle dispute with supplier Financial Manager,Pedro Alvares
393,2011-11-03T08:23:00,2011-11-03T08:23:00,Financial Manager,Authorize Supplier's Invoice payment,Pedro Alvares
393,2011-11-03T09:03:00,2011-11-03T09:14:00,Financial Manager,Pay invoice,Karalda Nimwada
4,2011-01-01T07:39:00,2011-01-01T08:00:00,Requester,Create Purchase Requisition,Fjodor Kowalski
4,2011-01-01T17:45:00,2011-01-01T17:51:00,Requester Manager,Analyze Purchase Requisition,Maris Freeman
4,2011-01-01T17:56:00,2011-01-01T17:58:00,Requester Manager,Create Request for Quotation Requester Manager,Heinz Gutschmidt
4,2011-01-01T18:58:00,2011-01-01T19:19:00,Purchasing Agent,Analyze Request for Quotation,Francois de Perrier
4,2011-01-01T20:06:00,2011-01-01T20:14:00,Requester Manager,Amend Request for Quotation Requester,Nico Ojenbeer
4,2011-01-01T21:01:00,2011-01-01T21:24:00,Purchasing Agent,Analyze Request for Quotation,Francois de Perrier
4,2011-02-01T01:42:00,2011-02-01T02:01:00,Purchasing Agent,Send Request for Quotation to Supplier,Karel de Groot
4,2011-02-01T02:48:00,2011-02-01T08:08:00,Purchasing Agent,Create Quotation comparison Map,Karel de Groot
4,2011-02-01T14:59:00,2011-02-01T15:13:00,Requester,Analyze Quotation comparison Map,Elvira Lores
4,2011-02-01T15:13:00,2011-02-01T15:13:00,Requester,Choose best option,Kim Passa
4,2011-02-01T18:13:00,2011-03-01T06:45:00,Purchasing Agent,Settle conditions with supplier,Magdalena Predutta
4,2011-03-01T11:08:00,2011-03-01T11:17:00,Purchasing Agent,Create Purchase Order,Magdalena Predutta
4,2011-03-01T15:13:00,2011-03-01T15:38:00,Supplier,Confirm Purchase Order,Carmen Finacse
4,2011-03-01T22:05:00,2011-05-01T02:30:00,Supplier,Deliver Goods Services,Carmen Finacse
4,2011-05-01T09:57:00,2011-05-01T09:58:00,Requester,Release Purchase Order,Miu Hanwan
4,2011-05-02T00:29:00,2011-05-02T00:30:00,Purchasing Agent,Approve Purchase Order for payment,Magdalena Predutta
4,2011-06-01T06:13:00,2011-06-01T06:13:00,Supplier,Send invoice,Esmeralda Clay
4,2011-06-01T20:39:00,2011-06-01T20:39:00,Financial Manager,Authorize Supplier's Invoice payment,Pedro Alvares
4,2011-06-01T21:25:00,2011-06-01T21:32:00,Financial Manager,Pay invoice,Karalda Nimwada
40,2011-01-13T00:14:00,2011-01-13T00:22:00,Supplier,Confirm Purchase Order,Sean Manney
40,2011-01-14T02:48:00,2011-01-14T16:22:00,Supplier,Deliver Goods Services,Carmen Finacse
40,2011-01-14T23:36:00,2011-01-14T23:37:00,Requester,Release Purchase Order,Miu Hanwan
40,2011-01-15T08:06:00,2011-01-15T08:07:00,Purchasing Agent,Approve Purchase Order for payment,Magdalena Predutta
40,2011-01-16T05:33:00,2011-01-16T05:33:00,Supplier,Send invoice,Karen Clarens
40,2011-01-16T19:55:00,2011-01-16T20:00:00,Financial Manager,Release Supplier's Invoice,Pedro Alvares
40,2011-01-16T20:00:00,2011-01-16T20:00:00,Financial Manager,Authorize Supplier's Invoice payment,Karalda Nimwada
40,2011-01-16T20:10:00,2011-01-16T20:17:00,Financial Manager,Pay invoice,Karalda Nimwada
40,2011-05-01T08:02:00,2011-05-01T08:28:00,Requester,Create Purchase Requisition,Miu Hanwan
40,2011-06-01T01:30:00,2011-06-01T01:36:00,Requester Manager,Analyze Purchase Requisition,Heinz Gutschmidt
40,2011-06-01T01:40:00,2011-06-01T01:41:00,Requester Manager,Create Request for Quotation Requester Manager,Francis Odell
40,2011-06-01T15:44:00,2011-06-01T16:10:00,Purchasing Agent,Analyze Request for Quotation,Francois de Perrier
40,2011-09-01T08:06:00,2011-09-01T08:26:00,Purchasing Agent,Send Request for Quotation to Supplier,Karel de Groot
40,2011-10-01T04:01:00,2011-10-01T05:43:00,Purchasing Agent,Create Quotation comparison Map,Magdalena Predutta
40,2011-10-01T11:47:00,2011-10-01T12:09:00,Requester,Analyze Quotation comparison Map,Nico Ojenbeer
40,2011-10-01T12:09:00,2011-10-01T12:09:00,Requester,Choose best option,Tesca Lobes
40,2011-10-01T22:35:00,2011-11-01T04:46:00,Purchasing Agent,Settle conditions with supplier,Karel de Groot
40,2011-12-01T02:05:00,2011-12-01T02:18:00,Purchasing Agent,Create Purchase Order,Karel de Groot
400,2011-02-03T06:06:00,2011-02-03T06:36:00,Purchasing Agent,Send Request for Quotation to Supplier,Karel de Groot
400,2011-02-03T10:33:00,2011-02-03T15:30:00,Purchasing Agent,Create Quotation comparison Map,Magdalena Predutta
400,2011-02-03T22:18:00,2011-02-03T22:35:00,Requester,Analyze Quotation comparison Map,Kim Passa
400,2011-02-03T22:35:00,2011-02-03T22:35:00,Requester,Choose best option,Fjodor Kowalski
400,2011-02-26T14:05:00,2011-02-26T14:56:00,Requester,Create Purchase Requisition,Clement Duchot
400,2011-02-27T15:51:00,2011-02-27T15:58:00,Requester Manager,Analyze Purchase Requisition,Maris Freeman
400,2011-02-27T16:04:00,2011-02-27T16:06:00,Requester Manager,Create Request for Quotation Requester Manager,Francis Odell
400,2011-02-28T18:25:00,2011-02-28T18:54:00,Purchasing Agent,Analyze Request for Quotation,Francois de Perrier
400,2011-03-03T01:51:00,2011-03-03T09:11:00,Purchasing Agent,Settle conditions with supplier,Francois de Perrier
400,2011-03-03T18:19:00,2011-03-03T18:31:00,Purchasing Agent,Create Purchase Order,Karel de Groot
400,2011-04-03T10:13:00,2011-04-03T10:47:00,Supplier,Confirm Purchase Order,Esmeralda Clay
400,2011-06-03T05:50:00,2011-07-03T23:30:00,Supplier,Deliver Goods Services,Kiu Kan
400,2011-08-03T07:26:00,2011-08-03T07:27:00,Requester,Release Purchase Order,Elvira Lores
400,2011-08-03T14:57:00,2011-08-03T14:58:00,Purchasing Agent,Approve Purchase Order for payment,Magdalena Predutta
400,2011-08-03T21:30:00,2011-08-03T21:30:00,Supplier,Send invoice,Esmeralda Clay
400,2011-09-03T11:51:00,2011-09-03T11:53:00,Financial Manager,Release Supplier's Invoice,Karalda Nimwada
400,2011-09-03T11:58:00,2011-09-03T11:58:00,Financial Manager,Authorize Supplier's Invoice payment,Pedro Alvares
400,2011-09-03T12:58:00,2011-09-03T13:07:00,Financial Manager,Pay invoice,Pedro Alvares
404,2011-02-27T02:04:00,2011-02-27T02:46:00,Requester,Create Purchase Requisition,Tesca Lobes
404,2011-02-27T03:54:00,2011-02-27T04:01:00,Requester,Create Request for Quotation Requester,Anna Kaufmann
404,2011-09-03T02:51:00,2011-09-03T03:10:00,Purchasing Agent,Analyze Request for Quotation,Karel de Groot
405,2011-02-27T06:04:00,2011-02-27T06:51:00,Requester,Create Purchase Requisition,Nico Ojenbeer
405,2011-02-27T18:01:00,2011-02-27T18:09:00,Requester Manager,Analyze Purchase Requisition,Francis Odell
405,2011-02-27T18:13:00,2011-02-27T18:14:00,Requester Manager,Create Request for Quotation Requester Manager,Francis Odell
405,2011-03-03T12:44:00,2011-03-03T12:55:00,Purchasing Agent,Analyze Request for Quotation,Karel de Groot
405,2011-03-14T00:19:00,2011-03-14T00:19:00,Supplier,Send invoice,Kiu Kan
405,2011-03-14T14:34:00,2011-03-14T14:40:00,Financial Manager,Release Supplier's Invoice,Pedro Alvares
405,2011-03-14T14:48:00,2011-03-14T15:01:00,Financial Manager,Settle dispute with supplier Financial Manager,Pedro Alvares
405,2011-03-14T15:06:00,2011-03-14T15:06:00,Financial Manager,Authorize Supplier's Invoice payment,Pedro Alvares
405,2011-03-14T15:45:00,2011-03-14T15:58:00,Financial Manager,Pay invoice,Karalda Nimwada
405,2011-04-03T07:14:00,2011-04-03T07:35:00,Purchasing Agent,Send Request for Quotation to Supplier,Karel de Groot
405,2011-04-03T11:57:00,2011-04-03T17:49:00,Purchasing Agent,Create Quotation comparison Map,Francois de Perrier
405,2011-05-03T01:05:00,2011-05-03T01:37:00,Requester,Analyze Quotation comparison Map,Anna Kaufmann
405,2011-05-03T01:37:00,2011-05-03T01:37:00,Requester,Choose best option,Anne Olwada
405,2011-05-03T03:44:00,2011-05-03T09:04:00,Purchasing Agent,Settle conditions with supplier,Francois de Perrier
405,2011-05-03T12:47:00,2011-05-03T12:58:00,Purchasing Agent,Create Purchase Order,Magdalena Predutta
405,2011-08-03T10:58:00,2011-08-03T11:16:00,Supplier,Confirm Purchase Order,Carmen Finacse
405,2011-09-03T14:59:00,2011-10-03T21:33:00,Supplier,Deliver Goods Services,Kiu Kan
405,2011-11-03T04:47:00,2011-11-03T04:48:00,Requester,Release Purchase Order,Elvira Lores
405,2011-12-03T02:59:00,2011-12-03T03:00:00,Purchasing Agent,Approve Purchase Order for payment,Francois de Perrier
408,2011-02-27T18:25:00,2011-02-27T18:45:00,Requester,Create Purchase Requisition,Tesca Lobes
408,2011-02-28T18:24:00,2011-02-28T18:31:00,Requester Manager,Analyze Purchase Requisition,Maris Freeman
408,2011-02-28T18:35:00,2011-02-28T18:38:00,Requester Manager,Create Request for Quotation Requester Manager,Francis Odell
408,2011-03-13T00:35:00,2011-03-13T00:36:00,Purchasing Agent,Approve Purchase Order for payment,Karel de Groot
408,2011-03-13T19:10:00,2011-03-13T19:10:00,Supplier,Send invoice,Esmeralda Clay
408,2011-03-14T09:16:00,2011-03-14T09:22:00,Financial Manager,Release Supplier's Invoice,Karalda Nimwada
408,2011-03-14T09:22:00,2011-03-14T09:22:00,Financial Manager,Authorize Supplier's Invoice payment,Karalda Nimwada
408,2011-03-14T09:55:00,2011-03-14T10:08:00,Financial Manager,Pay invoice,Karalda Nimwada
408,2011-04-03T23:27:00,2011-04-03T23:54:00,Purchasing Agent,Analyze Request for Quotation,Karel de Groot
408,2011-05-03T02:19:00,2011-05-03T02:42:00,Purchasing Agent,Send Request for Quotation to Supplier,Francois de Perrier
408,2011-05-03T09:26:00,2011-05-03T10:09:00,Purchasing Agent,Create Quotation comparison Map,Francois de Perrier
408,2011-05-03T17:08:00,2011-05-03T17:20:00,Requester,Analyze Quotation comparison Map,Anne Olwada
408,2011-05-03T17:20:00,2011-05-03T17:20:00,Requester,Choose best option,Fjodor Kowalski
408,2011-06-03T04:17:00,2011-06-03T17:22:00,Purchasing Agent,Settle conditions with supplier,Magdalena Predutta
408,2011-07-03T19:56:00,2011-07-03T20:05:00,Purchasing Agent,Create Purchase Order,Magdalena Predutta
408,2011-10-03T19:04:00,2011-10-03T19:26:00,Supplier,Confirm Purchase Order,Sean Manney
408,2011-11-03T01:10:00,2011-11-03T17:32:00,Supplier,Deliver Goods Services,Kiu Kan
408,2011-12-03T01:08:00,2011-12-03T01:09:00,Requester,Release Purchase Order,Fjodor Kowalski
418,2011-01-03T05:31:00,2011-01-03T06:02:00,Requester,Create Purchase Requisition,Tesca Lobes
418,2011-02-03T04:58:00,2011-02-03T05:06:00,Requester Manager,Analyze Purchase Requisition,Maris Freeman
419,2011-01-03T05:58:00,2011-01-03T06:26:00,Requester,Create Purchase Requisition,Christian Francois
419,2011-02-03T01:41:00,2011-02-03T01:48:00,Requester Manager,Analyze Purchase Requisition,Maris Freeman
419,2011-02-03T01:52:00,2011-02-03T01:54:00,Requester Manager,Create Request for Quotation Requester Manager,Heinz Gutschmidt
419,2011-03-13T18:30:00,2011-03-13T18:30:00,Supplier,Deliver Goods Services,Esmeralda Clay
419,2011-03-14T02:41:00,2011-03-14T02:42:00,Requester,Release Purchase Order,Nico Ojenbeer
419,2011-03-14T06:43:00,2011-03-14T06:44:00,Purchasing Agent,Approve Purchase Order for payment,Francois de Perrier
419,2011-03-15T00:48:00,2011-03-15T00:48:00,Supplier,Send invoice,Sean Manney
419,2011-03-15T14:58:00,2011-03-15T15:01:00,Financial Manager,Release Supplier's Invoice,Karalda Nimwada
419,2011-03-15T15:01:00,2011-03-15T15:01:00,Financial Manager,Authorize Supplier's Invoice payment,Pedro Alvares
419,2011-03-15T15:22:00,2011-03-15T15:28:00,Financial Manager,Pay invoice,Karalda Nimwada
419,2011-07-03T05:03:00,2011-07-03T05:27:00,Purchasing Agent,Analyze Request for Quotation,Magdalena Predutta
419,2011-07-03T16:09:00,2011-07-03T16:37:00,Purchasing Agent,Send Request for Quotation to Supplier,Karel de Groot
419,2011-07-03T17:00:00,2011-07-03T22:55:00,Purchasing Agent,Create Quotation comparison Map,Karel de Groot
419,2011-08-03T05:28:00,2011-08-03T05:38:00,Requester,Analyze Quotation comparison Map,Tesca Lobes
419,2011-08-03T05:38:00,2011-08-03T05:38:00,Requester,Choose best option,Elvira Lores
419,2011-08-03T10:22:00,2011-08-03T14:57:00,Purchasing Agent,Settle conditions with supplier,Magdalena Predutta
419,2011-08-03T18:05:00,2011-08-03T18:13:00,Purchasing Agent,Create Purchase Order,Francois de Perrier
419,2011-10-03T20:10:00,2011-10-03T20:24:00,Supplier,Confirm Purchase Order,Sean Manney
419,2011-12-03T22:08:00,2011-12-03T22:08:00,Supplier,Deliver Goods Services,Esmeralda Clay
42,2011-05-01T15:15:00,2011-05-01T15:21:00,Requester,Create Purchase Requisition,Christian Francois
42,2011-05-01T20:42:00,2011-05-01T20:56:00,Requester,Create Request for Quotation Requester,Anna Kaufmann
42,2011-06-01T16:15:00,2011-06-01T16:33:00,Purchasing Agent,Analyze Request for Quotation,Karel de Groot
42,2011-06-01T17:46:00,2011-06-01T18:04:00,Purchasing Agent,Send Request for Quotation to Supplier,Karel de Groot
42,2011-06-01T18:46:00,2011-06-01T19:46:00,Purchasing Agent,Create Quotation comparison Map,Karel de Groot
42,2011-07-01T02:50:00,2011-07-01T03:17:00,Requester,Analyze Quotation comparison Map,Anna Kaufmann
42,2011-07-01T03:17:00,2011-07-01T03:17:00,Requester,Choose best option,Clement Duchot
42,2011-07-01T05:26:00,2011-07-01T11:17:00,Purchasing Agent,Settle conditions with supplier,Magdalena Predutta
42,2011-07-01T20:26:00,2011-07-01T20:35:00,Purchasing Agent,Create Purchase Order,Francois de Perrier
42,2011-08-01T13:08:00,2011-08-01T13:28:00,Supplier,Confirm Purchase Order,Sean Manney
42,2011-08-01T22:22:00,2011-09-01T15:46:00,Supplier,Deliver Goods Services,Sean Manney
42,2011-09-01T23:18:00,2011-09-01T23:19:00,Requester,Release Purchase Order,Fjodor Kowalski
42,2011-10-01T17:48:00,2011-10-01T17:49:00,Purchasing Agent,Approve Purchase Order for payment,Karel de Groot
42,2011-11-01T00:04:00,2011-11-01T00:04:00,Supplier,Send invoice,Carmen Finacse
42,2011-11-01T14:32:00,2011-11-01T14:38:00,Financial Manager,Release Supplier's Invoice,Pedro Alvares
42,2011-11-01T14:38:00,2011-11-01T14:38:00,Financial Manager,Authorize Supplier's Invoice payment,Pedro Alvares
42,2011-11-01T15:32:00,2011-11-01T15:41:00,Financial Manager,Pay invoice,Karalda Nimwada
423,2011-02-03T06:36:00,2011-02-03T07:31:00,Requester,Create Purchase Requisition,Clement Duchot
423,2011-02-03T19:09:00,2011-02-03T19:18:00,Requester Manager,Analyze Purchase Requisition,Heinz Gutschmidt
425,2011-02-03T22:51:00,2011-02-03T23:02:00,Requester,Create Purchase Requisition,Immanuel Karagianni
425,2011-03-03T02:24:00,2011-03-03T02:33:00,Requester,Create Request for Quotation Requester,Alberto Duport
425,2011-03-14T03:58:00,2011-03-14T04:11:00,Purchasing Agent,Analyze Request for Quotation,Magdalena Predutta
431,2011-03-03T21:36:00,2011-03-03T22:05:00,Requester,Create Purchase Requisition,Penn Osterwalder
431,2011-03-14T00:47:00,2011-03-15T05:43:00,Supplier,Deliver Goods Services,Karen Clarens
431,2011-03-15T13:26:00,2011-03-15T13:27:00,Requester,Release Purchase Order,Elvira Lores
431,2011-03-16T07:53:00,2011-03-16T07:54:00,Purchasing Agent,Approve Purchase Order for payment,Karel de Groot
431,2011-03-17T23:25:00,2011-03-17T23:25:00,Supplier,Send invoice,Kiu Kan
431,2011-03-18T13:46:00,2011-03-18T13:50:00,Financial Manager,Release Supplier's Invoice,Pedro Alvares
431,2011-03-18T13:50:00,2011-03-18T13:50:00,Financial Manager,Authorize Supplier's Invoice payment,Pedro Alvares
431,2011-03-18T14:48:00,2011-03-18T14:56:00,Financial Manager,Pay invoice,Karalda Nimwada
431,2011-04-03T05:59:00,2011-04-03T06:12:00,Requester,Create Request for Quotation Requester,Esmana Liubiata
431,2011-08-03T22:56:00,2011-08-03T23:13:00,Purchasing Agent,Analyze Request for Quotation,Francois de Perrier
431,2011-09-03T18:31:00,2011-09-03T18:54:00,Purchasing Agent,Send Request for Quotation to Supplier,Karel de Groot
431,2011-10-03T19:43:00,2011-10-04T00:04:00,Purchasing Agent,Create Quotation comparison Map,Karel de Groot
431,2011-11-03T05:22:00,2011-11-03T05:35:00,Requester,Analyze Quotation comparison Map,Clement Duchot
431,2011-11-03T05:35:00,2011-11-03T05:35:00,Requester,Choose best option,Penn Osterwalder
431,2011-11-03T09:54:00,2011-11-03T14:10:00,Purchasing Agent,Settle conditions with supplier,Karel de Groot
431,2011-11-03T14:43:00,2011-11-03T14:54:00,Purchasing Agent,Create Purchase Order,Karel de Groot
431,2011-12-03T21:33:00,2011-12-03T21:58:00,Supplier,Confirm Purchase Order,Karen Clarens
448,2011-03-13T19:27:00,2011-03-14T03:05:00,Supplier,Deliver Goods Services,Esmeralda Clay
448,2011-03-14T10:53:00,2011-03-14T10:54:00,Requester,Release Purchase Order,Immanuel Karagianni
448,2011-03-14T18:49:00,2011-03-14T18:50:00,Purchasing Agent,Approve Purchase Order for payment,Magdalena Predutta
448,2011-03-15T00:48:00,2011-03-15T00:48:00,Supplier,Send invoice,Sean Manney
448,2011-03-15T15:14:00,2011-03-15T15:21:00,Financial Manager,Release Supplier's Invoice,Karalda Nimwada
448,2011-03-15T15:21:00,2011-03-15T15:21:00,Financial Manager,Authorize Supplier's Invoice payment,Karalda Nimwada
448,2011-03-15T15:54:00,2011-03-15T16:07:00,Financial Manager,Pay invoice,Pedro Alvares
448,2011-06-03T21:05:00,2011-06-03T21:22:00,Requester,Create Purchase Requisition,Nico Ojenbeer
448,2011-07-03T18:24:00,2011-07-03T18:29:00,Requester Manager,Analyze Purchase Requisition,Francis Odell
448,2011-07-03T18:36:00,2011-07-03T18:38:00,Requester Manager,Create Request for Quotation Requester Manager,Francis Odell
448,2011-08-03T18:34:00,2011-08-03T19:03:00,Purchasing Agent,Analyze Request for Quotation,Francois de Perrier
448,2011-08-03T22:58:00,2011-08-03T23:05:00,Purchasing Agent,Send Request for Quotation to Supplier,Magdalena Predutta
448,2011-08-03T23:13:00,2011-09-03T01:36:00,Purchasing Agent,Create Quotation comparison Map,Francois de Perrier
448,2011-09-03T08:11:00,2011-09-03T08:25:00,Requester,Analyze Quotation comparison Map,Tesca Lobes
448,2011-09-03T08:25:00,2011-09-03T08:25:00,Requester,Choose best option,Esmana Liubiata
448,2011-09-03T18:36:00,2011-10-03T09:00:00,Purchasing Agent,Settle conditions with supplier,Magdalena Predutta
448,2011-10-03T18:03:00,2011-10-03T18:11:00,Purchasing Agent,Create Purchase Order,Karel de Groot
448,2011-10-03T22:28:00,2011-10-03T22:51:00,Supplier,Confirm Purchase Order,Kiu Kan
449,2011-06-04T00:45:00,2011-07-03T01:10:00,Requester,Create Purchase Requisition,Anne Olwada
449,2011-07-03T14:41:00,2011-07-03T14:50:00,Requester Manager,Analyze Purchase Requisition,Heinz Gutschmidt
449,2011-07-03T14:54:00,2011-07-03T14:56:00,Requester Manager,Create Request for Quotation Requester Manager,Francis Odell
449,2011-08-03T23:28:00,2011-08-03T23:45:00,Purchasing Agent,Analyze Request for Quotation,Magdalena Predutta
45,2011-01-13T00:59:00,2011-01-14T02:48:00,Supplier,Deliver Goods Services,Carmen Finacse
45,2011-01-14T10:15:00,2011-01-14T10:16:00,Requester,Release Purchase Order,Esmana Liubiata
45,2011-01-15T07:48:00,2011-01-15T07:49:00,Purchasing Agent,Approve Purchase Order for payment,Francois de Perrier
45,2011-01-17T02:34:00,2011-01-17T02:34:00,Supplier,Send invoice,Kiu Kan
45,2011-01-17T16:53:00,2011-01-17T16:56:00,Financial Manager,Release Supplier's Invoice,Pedro Alvares
45,2011-01-17T16:56:00,2011-01-17T16:56:00,Financial Manager,Authorize Supplier's Invoice payment,Pedro Alvares
45,2011-01-17T17:30:00,2011-01-17T17:41:00,Financial Manager,Pay invoice,Pedro Alvares
45,2011-05-01T23:24:00,2011-05-02T00:10:00,Requester,Create Purchase Requisition,Nico Ojenbeer
45,2011-06-01T11:30:00,2011-06-01T11:38:00,Requester Manager,Analyze Purchase Requisition,Heinz Gutschmidt
45,2011-06-01T23:26:00,2011-06-01T23:55:00,Requester,Amend Purchase Requisition,Clement Duchot
45,2011-07-01T18:31:00,2011-07-01T18:40:00,Requester Manager,Analyze Purchase Requisition,Maris Freeman
45,2011-07-01T18:48:00,2011-07-01T18:49:00,Requester Manager,Create Request for Quotation Requester Manager,Francis Odell
45,2011-08-01T04:11:00,2011-08-01T04:43:00,Purchasing Agent,Analyze Request for Quotation,Karel de Groot
45,2011-09-01T19:52:00,2011-09-01T20:13:00,Purchasing Agent,Send Request for Quotation to Supplier,Karel de Groot
45,2011-10-01T18:25:00,2011-10-02T00:26:00,Purchasing Agent,Create Quotation comparison Map,Francois de Perrier
45,2011-11-01T06:08:00,2011-11-01T06:31:00,Requester,Analyze Quotation comparison Map,Miu Hanwan
45,2011-11-01T06:31:00,2011-11-01T06:31:00,Requester,Choose best option,Clement Duchot
45,2011-11-01T10:00:00,2011-11-01T22:06:00,Purchasing Agent,Settle conditions with supplier,Magdalena Predutta
45,2011-12-01T02:44:00,2011-12-01T02:56:00,Purchasing Agent,Create Purchase Order,Magdalena Predutta
45,2011-12-01T11:12:00,2011-12-01T11:19:00,Supplier,Confirm Purchase Order,Kiu Kan
452,2011-07-03T05:57:00,2011-07-03T06:43:00,Requester,Create Purchase Requisition,Anne Olwada
452,2011-07-04T00:08:00,2011-07-04T00:13:00,Requester Manager,Analyze Purchase Requisition,Francis Odell
457,2011-03-13T02:47:00,2011-03-13T10:06:00,Purchasing Agent,Settle conditions with supplier,Francois de Perrier
457,2011-03-13T18:10:00,2011-03-13T18:20:00,Purchasing Agent,Create Purchase Order,Karel de Groot
457,2011-03-14T00:24:00,2011-03-14T00:47:00,Supplier,Confirm Purchase Order,Karen Clarens
457,2011-03-14T14:43:00,2011-03-14T23:48:00,Supplier,Deliver Goods Services,Sean Manney
457,2011-03-15T07:30:00,2011-03-15T07:31:00,Requester,Release Purchase Order,Elvira Lores
457,2011-03-16T00:06:00,2011-03-16T00:07:00,Purchasing Agent,Approve Purchase Order for payment,Karel de Groot
457,2011-03-19T03:46:00,2011-03-19T03:46:00,Supplier,Send invoice,Sean Manney
457,2011-03-19T17:56:00,2011-03-19T18:00:00,Financial Manager,Release Supplier's Invoice,Pedro Alvares
457,2011-03-19T18:00:00,2011-03-19T18:00:00,Financial Manager,Authorize Supplier's Invoice payment,Pedro Alvares
457,2011-03-19T18:19:00,2011-03-19T18:29:00,Financial Manager,Pay invoice,Karalda Nimwada
457,2011-07-03T19:54:00,2011-07-03T20:13:00,Requester,Create Purchase Requisition,Christian Francois
457,2011-08-03T11:12:00,2011-08-03T11:17:00,Requester Manager,Analyze Purchase Requisition,Francis Odell
457,2011-08-03T11:25:00,2011-08-03T11:27:00,Requester Manager,Create Request for Quotation Requester Manager,Maris Freeman
457,2011-08-04T00:44:00,2011-09-03T01:03:00,Purchasing Agent,Analyze Request for Quotation,Magdalena Predutta
457,2011-09-03T18:02:00,2011-09-03T18:26:00,Purchasing Agent,Send Request for Quotation to Supplier,Francois de Perrier
457,2011-11-03T01:55:00,2011-11-03T05:00:00,Purchasing Agent,Create Quotation comparison Map,Francois de Perrier
457,2011-11-03T12:02:00,2011-11-03T12:34:00,Requester,Analyze Quotation comparison Map,Clement Duchot
457,2011-11-03T12:34:00,2011-11-03T12:34:00,Requester,Choose best option,Esmana Liubiata
458,2011-03-14T00:04:00,2011-03-14T00:24:00,Supplier,Confirm Purchase Order,Karen Clarens
458,2011-03-16T20:34:00,2011-03-17T17:01:00,Supplier,Deliver Goods Services,Kiu Kan
458,2011-03-18T00:19:00,2011-03-18T00:20:00,Requester,Release Purchase Order,Penn Osterwalder
458,2011-03-18T10:04:00,2011-03-18T10:05:00,Purchasing Agent,Approve Purchase Order for payment,Magdalena Predutta
458,2011-03-19T04:54:00,2011-03-19T04:54:00,Supplier,Send invoice,Sean Manney
458,2011-03-19T19:13:00,2011-03-19T19:17:00,Financial Manager,Release Supplier's Invoice,Karalda Nimwada
458,2011-03-19T19:17:00,2011-03-19T19:17:00,Financial Manager,Authorize Supplier's Invoice payment,Karalda Nimwada
458,2011-03-19T19:33:00,2011-03-19T19:40:00,Financial Manager,Pay invoice,Karalda Nimwada
458,2011-07-03T21:29:00,2011-07-03T21:41:00,Requester,Create Purchase Requisition,Anne Olwada
458,2011-07-03T22:07:00,2011-07-03T22:20:00,Requester,Create Request for Quotation Requester,Clement Duchot
458,2011-08-04T00:51:00,2011-08-04T00:56:00,Purchasing Agent,Analyze Request for Quotation,Karel de Groot
458,2011-09-03T01:40:00,2011-09-03T01:48:00,Requester Manager,Amend Request for Quotation Requester,Kim Passa
458,2011-09-03T08:57:00,2011-09-03T09:28:00,Purchasing Agent,Analyze Request for Quotation,Karel de Groot
458,2011-10-03T19:08:00,2011-10-03T19:32:00,Purchasing Agent,Send Request for Quotation to Supplier,Karel de Groot
458,2011-11-03T03:53:00,2011-11-03T05:36:00,Purchasing Agent,Create Quotation comparison Map,Magdalena Predutta
458,2011-11-03T12:28:00,2011-11-03T12:54:00,Requester,Analyze Quotation comparison Map,Immanuel Karagianni
458,2011-11-03T12:54:00,2011-11-03T12:54:00,Requester,Choose best option,Anna Kaufmann
458,2011-12-03T05:03:00,2011-12-03T18:52:00,Purchasing Agent,Settle conditions with supplier,Karel de Groot
458,2011-12-03T20:43:00,2011-12-03T20:54:00,Purchasing Agent,Create Purchase Order,Magdalena Predutta
462,2011-03-14T06:07:00,2011-03-14T12:45:00,Supplier,Deliver Goods Services,Carmen Finacse
462,2011-03-14T20:47:00,2011-03-14T20:48:00,Requester,Release Purchase Order,Anne Olwada
462,2011-03-15T07:46:00,2011-03-15T07:47:00,Purchasing Agent,Approve Purchase Order for payment,Magdalena Predutta
462,2011-03-15T15:23:00,2011-03-15T15:23:00,Supplier,Send invoice,Carmen Finacse
462,2011-03-16T05:48:00,2011-03-16T05:54:00,Financial Manager,Release Supplier's Invoice,Pedro Alvares
462,2011-03-16T05:54:00,2011-03-16T05:54:00,Financial Manager,Authorize Supplier's Invoice payment,Pedro Alvares
462,2011-03-16T06:02:00,2011-03-16T06:08:00,Financial Manager,Pay invoice,Karalda Nimwada
462,2011-08-03T09:49:00,2011-08-03T10:17:00,Requester,Create Purchase Requisition,Anna Kaufmann
462,2011-08-03T14:48:00,2011-08-03T14:57:00,Requester,Create Request for Quotation Requester,Christian Francois
462,2011-09-03T01:03:00,2011-09-03T01:26:00,Purchasing Agent,Analyze Request for Quotation,Magdalena Predutta
462,2011-09-03T03:47:00,2011-09-03T04:12:00,Purchasing Agent,Send Request for Quotation to Supplier,Karel de Groot
462,2011-09-03T04:43:00,2011-09-03T08:48:00,Purchasing Agent,Create Quotation comparison Map,Karel de Groot
462,2011-09-03T15:49:00,2011-09-03T16:02:00,Requester,Analyze Quotation comparison Map,Tesca Lobes
462,2011-09-03T16:02:00,2011-09-03T16:02:00,Requester,Choose best option,Fjodor Kowalski
462,2011-09-03T19:17:00,2011-10-03T02:44:00,Purchasing Agent,Settle conditions with supplier,Karel de Groot
462,2011-10-03T15:16:00,2011-10-03T15:24:00,Purchasing Agent,Create Purchase Order,Karel de Groot
462,2011-10-03T21:59:00,2011-10-03T22:04:00,Supplier,Confirm Purchase Order,Sean Manney
467,2011-03-14T06:13:00,2011-03-14T06:25:00,Purchasing Agent,Analyze Request for Quotation,Francois de Perrier
467,2011-03-14T09:17:00,2011-03-14T09:46:00,Purchasing Agent,Send Request for Quotation to Supplier,Magdalena Predutta
467,2011-03-14T16:49:00,2011-03-14T21:29:00,Purchasing Agent,Create Quotation comparison Map,Francois de Perrier
467,2011-03-15T04:04:00,2011-03-15T04:27:00,Requester,Analyze Quotation comparison Map,Alberto Duport
467,2011-03-15T04:27:00,2011-03-15T04:27:00,Requester,Choose best option,Tesca Lobes
467,2011-03-15T08:42:00,2011-03-15T18:06:00,Purchasing Agent,Settle conditions with supplier,Karel de Groot
467,2011-03-16T00:22:00,2011-03-16T00:32:00,Purchasing Agent,Create Purchase Order,Karel de Groot
467,2011-03-16T09:59:00,2011-03-16T10:31:00,Supplier,Confirm Purchase Order,Kiu Kan
467,2011-03-17T23:25:00,2011-03-19T07:39:00,Supplier,Deliver Goods Services,Kiu Kan
467,2011-03-19T15:24:00,2011-03-19T15:25:00,Requester,Release Purchase Order,Alberto Duport
467,2011-03-19T18:32:00,2011-03-19T18:33:00,Purchasing Agent,Approve Purchase Order for payment,Magdalena Predutta
467,2011-03-24T04:40:00,2011-03-24T04:40:00,Supplier,Send invoice,Esmeralda Clay
467,2011-03-24T18:54:00,2011-03-24T18:57:00,Financial Manager,Release Supplier's Invoice,Karalda Nimwada
467,2011-03-24T19:28:00,2011-03-24T19:42:00,Financial Manager,Settle dispute with supplier Financial Manager,Pedro Alvares
467,2011-03-24T19:42:00,2011-03-24T19:42:00,Financial Manager,Authorize Supplier's Invoice payment,Pedro Alvares
467,2011-03-24T20:23:00,2011-03-24T20:36:00,Financial Manager,Pay invoice,Karalda Nimwada
467,2011-08-03T18:59:00,2011-08-03T19:20:00,Requester,Create Purchase Requisition,Christian Francois
467,2011-09-03T09:08:00,2011-09-03T09:12:00,Requester Manager,Analyze Purchase Requisition,Maris Freeman
467,2011-09-03T09:18:00,2011-09-03T09:19:00,Requester Manager,Create Request for Quotation Requester Manager,Heinz Gutschmidt
48,2011-01-15T19:09:00,2011-01-15T19:09:00,Supplier,Send invoice,Kiu Kan
48,2011-01-16T09:34:00,2011-01-16T09:41:00,Financial Manager,Release Supplier's Invoice,Pedro Alvares
48,2011-01-16T09:51:00,2011-01-16T10:10:00,Financial Manager,Settle dispute with supplier Financial Manager,Karalda Nimwada
48,2011-01-16T10:10:00,2011-01-16T10:10:00,Financial Manager,Authorize Supplier's Invoice payment,Pedro Alvares
48,2011-01-16T11:01:00,2011-01-16T11:12:00,Financial Manager,Pay invoice,Karalda Nimwada
48,2011-06-01T05:46:00,2011-06-01T06:03:00,Requester,Create Purchase Requisition,Nico Ojenbeer
48,2011-06-01T19:01:00,2011-06-01T19:09:00,Requester Manager,Analyze Purchase Requisition,Francis Odell
48,2011-06-01T19:15:00,2011-06-01T19:17:00,Requester Manager,Create Request for Quotation Requester Manager,Heinz Gutschmidt
48,2011-06-01T21:29:00,2011-06-01T21:39:00,Purchasing Agent,Analyze Request for Quotation,Magdalena Predutta
48,2011-06-01T22:23:00,2011-06-01T22:35:00,Requester Manager,Amend Request for Quotation Requester,Miu Hanwan
48,2011-07-01T04:30:00,2011-07-01T05:01:00,Purchasing Agent,Analyze Request for Quotation,Magdalena Predutta
48,2011-07-01T05:59:00,2011-07-01T06:13:00,Requester Manager,Amend Request for Quotation Requester,Alberto Duport
48,2011-07-01T07:53:00,2011-07-01T08:27:00,Purchasing Agent,Analyze Request for Quotation,Karel de Groot
48,2011-08-01T04:06:00,2011-08-01T04:33:00,Purchasing Agent,Send Request for Quotation to Supplier,Magdalena Predutta
48,2011-08-01T19:03:00,2011-08-01T22:48:00,Purchasing Agent,Create Quotation comparison Map,Magdalena Predutta
48,2011-09-01T05:47:00,2011-09-01T06:07:00,Requester,Analyze Quotation comparison Map,Tesca Lobes
48,2011-09-01T06:07:00,2011-09-01T06:07:00,Requester,Choose best option,Miu Hanwan
48,2011-09-01T09:49:00,2011-09-01T15:13:00,Purchasing Agent,Settle conditions with supplier,Karel de Groot
48,2011-09-01T15:41:00,2011-09-01T15:51:00,Purchasing Agent,Create Purchase Order,Karel de Groot
48,2011-09-02T00:23:00,2011-09-02T00:50:00,Supplier,Confirm Purchase Order,Karen Clarens
48,2011-10-01T20:27:00,2011-10-02T00:12:00,Supplier,Deliver Goods Services,Sean Manney
48,2011-11-01T07:20:00,2011-11-01T07:21:00,Requester,Release Purchase Order,Miu Hanwan
48,2011-12-01T01:00:00,2011-12-01T01:01:00,Purchasing Agent,Approve Purchase Order for payment,Karel de Groot
487,2011-03-13T06:40:00,2011-03-13T07:04:00,Requester,Analyze Quotation comparison Map,Miu Hanwan
487,2011-03-13T07:04:00,2011-03-13T07:04:00,Requester,Choose best option,Tesca Lobes
487,2011-03-13T10:06:00,2011-03-13T19:25:00,Purchasing Agent,Settle conditions with supplier,Francois de Perrier
487,2011-03-13T20:29:00,2011-03-13T20:39:00,Purchasing Agent,Create Purchase Order,Francois de Perrier
487,2011-03-14T12:45:00,2011-03-14T13:09:00,Supplier,Confirm Purchase Order,Carmen Finacse
487,2011-03-15T06:41:00,2011-03-16T09:49:00,Supplier,Deliver Goods Services,Sean Manney
487,2011-03-16T18:11:00,2011-03-16T18:12:00,Requester,Release Purchase Order,Christian Francois
487,2011-03-17T02:03:00,2011-03-17T02:04:00,Purchasing Agent,Approve Purchase Order for payment,Francois de Perrier
487,2011-03-20T01:39:00,2011-03-20T01:39:00,Supplier,Send invoice,Esmeralda Clay
487,2011-03-20T15:59:00,2011-03-20T16:01:00,Financial Manager,Release Supplier's Invoice,Karalda Nimwada
487,2011-03-20T16:01:00,2011-03-20T16:01:00,Financial Manager,Authorize Supplier's Invoice payment,Pedro Alvares
487,2011-03-20T17:06:00,2011-03-20T17:18:00,Financial Manager,Pay invoice,Karalda Nimwada
487,2011-11-03T04:38:00,2011-11-03T05:10:00,Requester,Create Purchase Requisition,Esmana Liubiata
487,2011-11-03T10:40:00,2011-11-03T10:49:00,Requester,Create Request for Quotation Requester,Clement Duchot
487,2011-12-03T04:41:00,2011-12-03T05:03:00,Purchasing Agent,Analyze Request for Quotation,Karel de Groot
487,2011-12-03T13:57:00,2011-12-03T14:21:00,Purchasing Agent,Send Request for Quotation to Supplier,Francois de Perrier
487,2011-12-03T18:52:00,2011-12-03T23:44:00,Purchasing Agent,Create Quotation comparison Map,Karel de Groot
489,2011-03-31T09:58:00,2011-03-31T10:24:00,Purchasing Agent,Analyze Request for Quotation,Karel de Groot
489,2011-03-31T11:17:00,2011-03-31T11:25:00,Requester Manager,Amend Request for Quotation Requester,Tesca Lobes
489,2011-05-13T03:04:00,2011-05-13T03:23:00,Purchasing Agent,Analyze Request for Quotation,Francois de Perrier
489,2011-05-13T04:18:00,2011-05-13T04:27:00,Requester Manager,Amend Request for Quotation Requester,Kim Passa
489,2011-05-15T03:11:00,2011-05-15T03:29:00,Purchasing Agent,Analyze Request for Quotation,Francois de Perrier
489,2011-05-15T14:41:00,2011-05-15T14:58:00,Purchasing Agent,Send Request for Quotation to Supplier,Karel de Groot
489,2011-05-15T15:38:00,2011-05-15T21:29:00,Purchasing Agent,Create Quotation comparison Map,Magdalena Predutta
489,2011-05-16T03:54:00,2011-05-16T04:00:00,Requester,Analyze Quotation comparison Map,Kim Passa
489,2011-05-16T04:00:00,2011-05-16T04:00:00,Requester,Choose best option,Nico Ojenbeer
489,2011-05-16T05:44:00,2011-05-16T12:53:00,Purchasing Agent,Settle conditions with supplier,Francois de Perrier
489,2011-05-16T14:36:00,2011-05-16T14:45:00,Purchasing Agent,Create Purchase Order,Karel de Groot
489,2011-05-17T04:23:00,2011-05-17T04:48:00,Supplier,Confirm Purchase Order,Karen Clarens
489,2011-05-22T23:05:00,2011-05-24T16:49:00,Supplier,Deliver Goods Services,Carmen Finacse
489,2011-05-25T00:15:00,2011-05-25T00:16:00,Requester,Release Purchase Order,Clement Duchot
489,2011-05-25T20:29:00,2011-05-25T20:30:00,Purchasing Agent,Approve Purchase Order for payment,Magdalena Predutta
489,2011-05-28T01:35:00,2011-05-28T01:35:00,Supplier,Send invoice,Carmen Finacse
489,2011-05-28T15:58:00,2011-05-28T16:03:00,Financial Manager,Release Supplier's Invoice,Karalda Nimwada
489,2011-05-28T16:03:00,2011-05-28T16:03:00,Financial Manager,Authorize Supplier's Invoice payment,Pedro Alvares
489,2011-05-28T16:22:00,2011-05-28T16:36:00,Financial Manager,Pay invoice,Pedro Alvares
489,2011-11-03T08:19:00,2011-11-03T08:39:00,Requester,Create Purchase Requisition,Kim Passa
489,2011-12-03T07:20:00,2011-12-03T07:27:00,Requester Manager,Analyze Purchase Requisition,Francis Odell
489,2011-12-03T07:32:00,2011-12-03T07:34:00,Requester Manager,Create Request for Quotation Requester Manager,Francis Odell
49,2011-06-01T09:53:00,2011-06-01T10:12:00,Requester,Create Purchase Requisition,Tesca Lobes
49,2011-06-01T18:27:00,2011-06-01T18:40:00,Requester,Create Request for Quotation Requester,Elvira Lores
49,2011-06-01T20:49:00,2011-06-01T20:59:00,Purchasing Agent,Analyze Request for Quotation,Karel de Groot
49,2011-07-01T12:33:00,2011-07-01T12:55:00,Purchasing Agent,Send Request for Quotation to Supplier,Magdalena Predutta
49,2011-08-01T11:02:00,2011-08-01T14:53:00,Purchasing Agent,Create Quotation comparison Map,Magdalena Predutta
49,2011-08-01T21:30:00,2011-08-01T21:38:00,Requester,Analyze Quotation comparison Map,Fjodor Kowalski
49,2011-08-01T21:38:00,2011-08-01T21:38:00,Requester,Choose best option,Anne Olwada
49,2011-09-01T02:35:00,2011-09-01T06:38:00,Purchasing Agent,Settle conditions with supplier,Francois de Perrier
49,2011-09-01T08:38:00,2011-09-01T08:49:00,Purchasing Agent,Create Purchase Order,Karel de Groot
49,2011-09-02T00:50:00,2011-10-01T01:03:00,Supplier,Confirm Purchase Order,Karen Clarens
49,2011-10-01T17:07:00,2011-10-02T00:12:00,Supplier,Deliver Goods Services,Carmen Finacse
49,2011-11-01T06:18:00,2011-11-01T06:19:00,Requester,Release Purchase Order,Immanuel Karagianni
49,2011-11-01T09:59:00,2011-11-01T10:00:00,Purchasing Agent,Approve Purchase Order for payment,Magdalena Predutta
49,2011-11-01T19:23:00,2011-11-01T19:23:00,Supplier,Send invoice,Karen Clarens
49,2011-12-01T09:42:00,2011-12-01T09:47:00,Financial Manager,Release Supplier's Invoice,Pedro Alvares
49,2011-12-01T09:47:00,2011-12-01T09:47:00,Financial Manager,Authorize Supplier's Invoice payment,Karalda Nimwada
49,2011-12-01T10:13:00,2011-12-01T10:26:00,Financial Manager,Pay invoice,Pedro Alvares
492,2011-03-13T18:35:00,2011-03-13T18:50:00,Purchasing Agent,Analyze Request for Quotation,Karel de Groot
492,2011-03-13T19:30:00,2011-03-13T19:43:00,Requester Manager,Amend Request for Quotation Requester,Elvira Lores
492,2011-03-14T06:25:00,2011-03-14T06:34:00,Purchasing Agent,Analyze Request for Quotation,Francois de Perrier
492,2011-03-14T07:34:00,2011-03-14T08:00:00,Purchasing Agent,Send Request for Quotation to Supplier,Karel de Groot
492,2011-03-14T08:49:00,2011-03-14T10:40:00,Purchasing Agent,Create Quotation comparison Map,Karel de Groot
492,2011-03-14T17:20:00,2011-03-14T17:43:00,Requester,Analyze Quotation comparison Map,Elvira Lores
492,2011-03-14T17:43:00,2011-03-14T17:43:00,Requester,Choose best option,Christian Francois
492,2011-03-15T02:16:00,2011-03-15T06:17:00,Purchasing Agent,Settle conditions with supplier,Karel de Groot
492,2011-03-15T23:57:00,2011-03-16T00:06:00,Purchasing Agent,Create Purchase Order,Karel de Groot
492,2011-03-17T22:59:00,2011-03-17T23:25:00,Supplier,Confirm Purchase Order,Kiu Kan
492,2011-03-18T10:34:00,2011-03-18T16:49:00,Supplier,Deliver Goods Services,Carmen Finacse
492,2011-03-19T00:35:00,2011-03-19T00:36:00,Requester,Release Purchase Order,Tesca Lobes
492,2011-03-19T08:05:00,2011-03-19T17:45:00,Purchasing Agent,Settle dispute with supplier Purchasing Agent,Magdalena Predutta
492,2011-03-20T01:25:00,2011-03-20T01:26:00,Requester,Release Purchase Order,Tesca Lobes
492,2011-03-20T08:54:00,2011-03-20T08:55:00,Purchasing Agent,Approve Purchase Order for payment,Karel de Groot
492,2011-03-25T11:37:00,2011-03-25T11:37:00,Supplier,Send invoice,Karen Clarens
492,2011-03-26T01:54:00,2011-03-26T01:57:00,Financial Manager,Release Supplier's Invoice,Pedro Alvares
492,2011-03-26T01:57:00,2011-03-26T01:57:00,Financial Manager,Authorize Supplier's Invoice payment,Karalda Nimwada
492,2011-03-26T03:01:00,2011-03-26T03:09:00,Financial Manager,Pay invoice,Pedro Alvares
492,2011-11-03T09:56:00,2011-11-03T10:17:00,Requester,Create Purchase Requisition,Tesca Lobes
492,2011-11-03T23:53:00,2011-11-03T23:57:00,Requester Manager,Analyze Purchase Requisition,Maris Freeman
492,2011-12-03T00:03:00,2011-12-03T00:05:00,Requester Manager,Create Request for Quotation Requester Manager,Heinz Gutschmidt
497,2011-03-13T21:04:00,2011-03-13T21:35:00,Purchasing Agent,Analyze Request for Quotation,Karel de Groot
497,2011-03-14T08:08:00,2011-03-14T08:33:00,Purchasing Agent,Send Request for Quotation to Supplier,Francois de Perrier
497,2011-03-14T10:04:00,2011-03-14T11:27:00,Purchasing Agent,Create Quotation comparison Map,Magdalena Predutta
497,2011-03-14T17:52:00,2011-03-14T18:05:00,Requester,Analyze Quotation comparison Map,Kim Passa
497,2011-03-14T18:05:00,2011-03-14T18:05:00,Requester,Choose best option,Miu Hanwan
497,2011-03-16T08:39:00,2011-03-16T12:51:00,Purchasing Agent,Settle conditions with supplier,Magdalena Predutta
497,2011-03-16T20:49:00,2011-03-16T21:01:00,Purchasing Agent,Create Purchase Order,Magdalena Predutta
497,2011-03-17T17:19:00,2011-03-17T17:24:00,Supplier,Confirm Purchase Order,Kiu Kan
497,2011-03-19T07:39:00,2011-03-19T21:43:00,Supplier,Deliver Goods Services,Kiu Kan
497,2011-03-20T05:30:00,2011-03-20T05:31:00,Requester,Release Purchase Order,Alberto Duport
497,2011-03-20T13:23:00,2011-03-20T13:24:00,Purchasing Agent,Approve Purchase Order for payment,Karel de Groot
497,2011-03-25T11:37:00,2011-03-25T11:37:00,Supplier,Send invoice,Karen Clarens
497,2011-03-26T01:53:00,2011-03-26T01:55:00,Financial Manager,Release Supplier's Invoice,Karalda Nimwada
497,2011-03-26T01:55:00,2011-03-26T01:55:00,Financial Manager,Authorize Supplier's Invoice payment,Karalda Nimwada
497,2011-03-26T02:53:00,2011-03-26T03:03:00,Financial Manager,Pay invoice,Karalda Nimwada
497,2011-11-03T18:37:00,2011-11-03T19:23:00,Requester,Create Purchase Requisition,Esmana Liubiata
497,2011-12-03T12:50:00,2011-12-03T12:56:00,Requester Manager,Analyze Purchase Requisition,Heinz Gutschmidt
497,2011-12-03T13:04:00,2011-12-03T13:06:00,Requester Manager,Create Request for Quotation Requester Manager,Heinz Gutschmidt
5,2011-01-01T08:49:00,2011-01-01T09:35:00,Requester,Create Purchase Requisition,Esmana Liubiata
5,2011-02-01T00:50:00,2011-02-01T00:57:00,Requester Manager,Analyze Purchase Requisition,Maris Freeman
5,2011-02-01T01:05:00,2011-02-01T01:06:00,Requester Manager,Create Request for Quotation Requester Manager,Maris Freeman
5,2011-02-01T02:02:00,2011-02-01T02:27:00,Purchasing Agent,Analyze Request for Quotation,Karel de Groot
5,2011-02-01T03:21:00,2011-02-01T03:33:00,Requester Manager,Amend Request for Quotation Requester,Anne Olwada
5,2011-02-01T08:08:00,2011-02-01T08:42:00,Purchasing Agent,Analyze Request for Quotation,Karel de Groot
5,2011-02-01T17:49:00,2011-02-01T18:21:00,Purchasing Agent,Send Request for Quotation to Supplier,Karel de Groot
5,2011-02-01T18:36:00,2011-02-01T19:14:00,Purchasing Agent,Create Quotation comparison Map,Karel de Groot
5,2011-03-01T02:18:00,2011-03-01T02:30:00,Requester,Analyze Quotation comparison Map,Anne Olwada
5,2011-03-01T02:30:00,2011-03-01T02:30:00,Requester,Choose best option,Nico Ojenbeer
5,2011-03-01T12:18:00,2011-03-01T18:12:00,Purchasing Agent,Settle conditions with supplier,Magdalena Predutta
5,2011-03-01T20:01:00,2011-03-01T20:09:00,Purchasing Agent,Create Purchase Order,Karel de Groot
5,2011-04-01T01:02:00,2011-04-01T01:24:00,Supplier,Confirm Purchase Order,Karen Clarens
5,2011-04-01T09:08:00,2011-05-01T04:37:00,Supplier,Deliver Goods Services,Kiu Kan
5,2011-05-01T12:13:00,2011-05-01T12:14:00,Requester,Release Purchase Order,Anna Kaufmann
5,2011-06-01T02:41:00,2011-06-01T02:42:00,Purchasing Agent,Approve Purchase Order for payment,Francois de Perrier
5,2011-06-01T08:23:00,2011-06-01T08:23:00,Supplier,Send invoice,Esmeralda Clay
5,2011-06-01T22:47:00,2011-06-01T22:47:00,Financial Manager,Authorize Supplier's Invoice payment,Karalda Nimwada
5,2011-06-01T22:55:00,2011-06-01T23:04:00,Financial Manager,Pay invoice,Karalda Nimwada
50,2011-01-17T04:35:00,2011-01-17T04:35:00,Supplier,Send invoice,Kiu Kan
50,2011-01-17T18:53:00,2011-01-17T18:57:00,Financial Manager,Release Supplier's Invoice,Karalda Nimwada
50,2011-01-17T18:57:00,2011-01-17T18:57:00,Financial Manager,Authorize Supplier's Invoice payment,Karalda Nimwada
50,2011-01-17T19:55:00,2011-01-17T20:05:00,Financial Manager,Pay invoice,Pedro Alvares
50,2011-06-01T12:38:00,2011-06-01T13:05:00,Requester,Create Purchase Requisition,Esmana Liubiata
50,2011-06-01T15:44:00,2011-06-01T15:50:00,Requester,Create Request for Quotation Requester,Penn Osterwalder
50,2011-06-01T20:12:00,2011-06-01T20:20:00,Purchasing Agent,Analyze Request for Quotation,Karel de Groot
50,2011-07-01T21:01:00,2011-07-01T21:34:00,Purchasing Agent,Send Request for Quotation to Supplier,Francois de Perrier
50,2011-08-01T01:07:00,2011-08-01T03:56:00,Purchasing Agent,Create Quotation comparison Map,Karel de Groot
50,2011-08-01T11:03:00,2011-08-01T11:21:00,Requester,Analyze Quotation comparison Map,Esmana Liubiata
50,2011-08-01T11:21:00,2011-08-01T11:21:00,Requester,Choose best option,Clement Duchot
50,2011-08-01T17:46:00,2011-09-01T01:50:00,Purchasing Agent,Settle conditions with supplier,Francois de Perrier
50,2011-09-01T07:32:00,2011-09-01T07:44:00,Purchasing Agent,Create Purchase Order,Francois de Perrier
50,2011-10-01T01:03:00,2011-10-01T01:16:00,Supplier,Confirm Purchase Order,Karen Clarens
50,2011-10-01T15:55:00,2011-11-01T23:55:00,Supplier,Deliver Goods Services,Esmeralda Clay
50,2011-12-01T07:26:00,2011-12-01T07:27:00,Requester,Release Purchase Order,Miu Hanwan
50,2011-12-01T21:07:00,2011-12-01T21:08:00,Purchasing Agent,Approve Purchase Order for payment,Francois de Perrier
504,2011-03-13T05:19:00,2011-03-13T05:51:00,Requester,Create Purchase Requisition,Christian Francois
504,2011-03-13T09:43:00,2011-03-13T09:57:00,Requester,Create Request for Quotation Requester,Anna Kaufmann
504,2011-03-13T22:43:00,2011-03-13T23:12:00,Purchasing Agent,Analyze Request for Quotation,Magdalena Predutta
504,2011-03-14T00:08:00,2011-03-14T00:37:00,Purchasing Agent,Send Request for Quotation to Supplier,Magdalena Predutta
504,2011-03-14T00:50:00,2011-03-14T02:19:00,Purchasing Agent,Create Quotation comparison Map,Magdalena Predutta
504,2011-03-14T08:47:00,2011-03-14T09:04:00,Requester,Analyze Quotation comparison Map,Anne Olwada
504,2011-03-14T09:04:00,2011-03-14T09:04:00,Requester,Choose best option,Immanuel Karagianni
504,2011-03-14T11:27:00,2011-03-14T18:49:00,Purchasing Agent,Settle conditions with supplier,Magdalena Predutta
504,2011-03-14T21:29:00,2011-03-14T21:36:00,Purchasing Agent,Create Purchase Order,Francois de Perrier
504,2011-03-15T10:57:00,2011-03-15T11:25:00,Supplier,Confirm Purchase Order,Karen Clarens
504,2011-03-16T10:31:00,2011-03-16T20:07:00,Supplier,Deliver Goods Services,Kiu Kan
504,2011-03-17T03:58:00,2011-03-17T03:59:00,Requester,Release Purchase Order,Anne Olwada
504,2011-03-17T11:09:00,2011-03-17T11:10:00,Purchasing Agent,Approve Purchase Order for payment,Francois de Perrier
504,2011-03-24T04:11:00,2011-03-24T04:11:00,Supplier,Send invoice,Esmeralda Clay
504,2011-03-24T18:25:00,2011-03-24T18:28:00,Financial Manager,Release Supplier's Invoice,Karalda Nimwada
504,2011-03-24T18:28:00,2011-03-24T18:28:00,Financial Manager,Authorize Supplier's Invoice payment,Pedro Alvares
504,2011-03-24T19:12:00,2011-03-24T19:26:00,Financial Manager,Pay invoice,Pedro Alvares
505,2011-01-06T08:34:00,2011-01-06T08:35:00,Purchasing Agent,Approve Purchase Order for payment,Francois de Perrier
505,2011-01-06T14:28:00,2011-01-06T14:28:00,Supplier,Send invoice,Sean Manney
505,2011-02-06T04:48:00,2011-02-06T04:50:00,Financial Manager,Release Supplier's Invoice,Karalda Nimwada
505,2011-02-06T04:50:00,2011-02-06T04:50:00,Financial Manager,Authorize Supplier's Invoice payment,Pedro Alvares
505,2011-02-06T05:41:00,2011-02-06T05:50:00,Financial Manager,Pay invoice,Karalda Nimwada
505,2011-03-13T08:57:00,2011-03-13T09:32:00,Requester,Create Purchase Requisition,Penn Osterwalder
505,2011-03-14T06:12:00,2011-03-14T06:18:00,Requester Manager,Analyze Purchase Requisition,Heinz Gutschmidt
505,2011-03-14T06:23:00,2011-03-14T06:25:00,Requester Manager,Create Request for Quotation Requester Manager,Heinz Gutschmidt
505,2011-04-29T14:18:00,2011-04-29T14:57:00,Purchasing Agent,Analyze Request for Quotation,Magdalena Predutta
505,2011-04-29T15:43:00,2011-04-29T15:49:00,Requester Manager,Amend Request for Quotation Requester,Miu Hanwan
505,2011-05-22T00:25:00,2011-05-22T00:49:00,Purchasing Agent,Analyze Request for Quotation,Francois de Perrier
505,2011-05-22T03:32:00,2011-05-22T04:04:00,Purchasing Agent,Send Request for Quotation to Supplier,Francois de Perrier
505,2011-05-22T17:47:00,2011-05-22T22:28:00,Purchasing Agent,Create Quotation comparison Map,Karel de Groot
505,2011-05-23T05:11:00,2011-05-23T05:19:00,Requester,Analyze Quotation comparison Map,Miu Hanwan
505,2011-05-23T05:19:00,2011-05-23T05:19:00,Requester,Choose best option,Penn Osterwalder
505,2011-05-24T03:06:00,2011-05-24T12:06:00,Purchasing Agent,Settle conditions with supplier,Magdalena Predutta
505,2011-05-24T21:01:00,2011-05-24T21:13:00,Purchasing Agent,Create Purchase Order,Magdalena Predutta
505,2011-05-26T03:09:00,2011-05-26T03:33:00,Supplier,Confirm Purchase Order,Kiu Kan
505,2011-05-28T01:40:00,2011-05-29T13:25:00,Supplier,Deliver Goods Services,Kiu Kan
505,2011-05-29T21:00:00,2011-05-29T21:01:00,Requester,Release Purchase Order,Penn Osterwalder
51,2011-01-13T07:10:00,2011-01-13T07:10:00,Purchasing Agent,Settle conditions with supplier,Francois de Perrier
51,2011-01-13T23:07:00,2011-01-13T23:15:00,Purchasing Agent,Create Purchase Order,Karel de Groot
51,2011-01-14T04:19:00,2011-01-14T04:25:00,Supplier,Confirm Purchase Order,Esmeralda Clay
51,2011-01-14T16:22:00,2011-01-15T18:16:00,Supplier,Deliver Goods Services,Carmen Finacse
51,2011-01-16T01:57:00,2011-01-16T01:58:00,Requester,Release Purchase Order,Anna Kaufmann
51,2011-01-16T10:25:00,2011-01-16T10:26:00,Purchasing Agent,Approve Purchase Order for payment,Magdalena Predutta
51,2011-01-17T04:35:00,2011-01-17T04:35:00,Supplier,Send invoice,Kiu Kan
51,2011-01-17T18:44:00,2011-01-17T18:47:00,Financial Manager,Release Supplier's Invoice,Karalda Nimwada
51,2011-01-17T18:47:00,2011-01-17T18:47:00,Financial Manager,Authorize Supplier's Invoice payment,Karalda Nimwada
51,2011-01-17T19:27:00,2011-01-17T19:37:00,Financial Manager,Pay invoice,Pedro Alvares
51,2011-07-01T03:53:00,2011-07-01T04:42:00,Requester,Create Purchase Requisition,Christian Francois
51,2011-07-01T20:48:00,2011-07-01T20:55:00,Requester Manager,Analyze Purchase Requisition,Heinz Gutschmidt
51,2011-07-01T20:58:00,2011-07-01T21:01:00,Requester Manager,Create Request for Quotation Requester Manager,Maris Freeman
51,2011-08-01T03:05:00,2011-08-01T03:34:00,Purchasing Agent,Analyze Request for Quotation,Magdalena Predutta
51,2011-08-01T04:31:00,2011-08-01T04:44:00,Requester Manager,Amend Request for Quotation Requester,Esmana Liubiata
51,2011-10-01T17:44:00,2011-10-01T18:14:00,Purchasing Agent,Analyze Request for Quotation,Francois de Perrier
51,2011-10-01T19:06:00,2011-10-01T19:14:00,Requester Manager,Amend Request for Quotation Requester,Christian Francois
51,2011-12-01T01:37:00,2011-12-01T01:57:00,Purchasing Agent,Analyze Request for Quotation,Karel de Groot
51,2011-12-01T06:34:00,2011-12-01T06:54:00,Purchasing Agent,Send Request for Quotation to Supplier,Magdalena Predutta
51,2011-12-01T07:05:00,2011-12-01T13:09:00,Purchasing Agent,Create Quotation comparison Map,Francois de Perrier
51,2011-12-01T19:45:00,2011-12-01T19:59:00,Requester,Analyze Quotation comparison Map,Immanuel Karagianni
51,2011-12-01T19:59:00,2011-12-01T19:59:00,Requester,Choose best option,Nico Ojenbeer
51,2011-12-01T22:37:00,2011-12-01T22:37:00,Purchasing Agent,Settle conditions with supplier,Francois de Perrier
515,2011-02-06T02:24:00,2011-02-06T02:24:00,Supplier,Send invoice,Esmeralda Clay
515,2011-02-06T16:37:00,2011-02-06T16:43:00,Financial Manager,Release Supplier's Invoice,Karalda Nimwada
515,2011-02-06T16:43:00,2011-02-06T16:43:00,Financial Manager,Authorize Supplier's Invoice payment,Karalda Nimwada
515,2011-02-06T17:00:00,2011-02-06T17:11:00,Financial Manager,Pay invoice,Pedro Alvares
515,2011-03-14T07:04:00,2011-03-14T07:53:00,Requester,Create Purchase Requisition,Penn Osterwalder
515,2011-03-14T22:53:00,2011-03-14T22:58:00,Requester Manager,Analyze Purchase Requisition,Francis Odell
515,2011-03-14T23:02:00,2011-03-14T23:05:00,Requester Manager,Create Request for Quotation Requester Manager,Maris Freeman
515,2011-03-18T20:07:00,2011-03-18T20:29:00,Purchasing Agent,Analyze Request for Quotation,Magdalena Predutta
515,2011-03-19T12:33:00,2011-03-19T12:48:00,Requester Manager,Amend Request for Quotation Requester Manager,Maris Freeman
515,2011-03-20T11:23:00,2011-03-20T11:46:00,Purchasing Agent,Analyze Request for Quotation,Karel de Groot
515,2011-03-20T12:35:00,2011-03-20T12:46:00,Requester Manager,Amend Request for Quotation Requester,Miu Hanwan
515,2011-03-30T21:09:00,2011-03-30T21:43:00,Purchasing Agent,Analyze Request for Quotation,Magdalena Predutta
515,2011-03-30T22:32:00,2011-03-30T22:46:00,Requester Manager,Amend Request for Quotation Requester,Penn Osterwalder
515,2011-04-05T13:30:00,2011-04-05T14:00:00,Purchasing Agent,Analyze Request for Quotation,Karel de Groot
515,2011-04-05T14:46:00,2011-04-05T14:57:00,Requester Manager,Amend Request for Quotation Requester,Clement Duchot
515,2011-04-15T12:09:00,2011-04-15T12:33:00,Purchasing Agent,Analyze Request for Quotation,Karel de Groot
515,2011-04-16T04:35:00,2011-04-16T04:53:00,Requester Manager,Amend Request for Quotation Requester Manager,Maris Freeman
515,2011-05-14T11:46:00,2011-05-14T11:56:00,Purchasing Agent,Analyze Request for Quotation,Francois de Perrier
515,2011-05-15T00:35:00,2011-05-15T00:48:00,Purchasing Agent,Send Request for Quotation to Supplier,Karel de Groot
515,2011-05-15T00:57:00,2011-05-15T05:00:00,Purchasing Agent,Create Quotation comparison Map,Karel de Groot
515,2011-05-15T11:45:00,2011-05-15T12:15:00,Requester,Analyze Quotation comparison Map,Nico Ojenbeer
515,2011-05-15T12:15:00,2011-05-15T12:15:00,Requester,Choose best option,Immanuel Karagianni
515,2011-05-15T14:58:00,2011-05-15T21:32:00,Purchasing Agent,Settle conditions with supplier,Karel de Groot
515,2011-05-15T23:45:00,2011-05-15T23:53:00,Purchasing Agent,Create Purchase Order,Magdalena Predutta
515,2011-05-16T23:17:00,2011-05-16T23:45:00,Supplier,Confirm Purchase Order,Esmeralda Clay
515,2011-05-23T19:15:00,2011-05-25T19:04:00,Supplier,Deliver Goods Services,Sean Manney
515,2011-05-26T02:54:00,2011-05-26T02:55:00,Requester,Release Purchase Order,Anne Olwada
515,2011-05-26T12:04:00,2011-05-26T12:05:00,Purchasing Agent,Approve Purchase Order for payment,Karel de Groot
519,2011-03-14T14:28:00,2011-03-14T15:01:00,Requester,Create Purchase Requisition,Alberto Duport
519,2011-03-15T09:56:00,2011-03-15T10:01:00,Requester Manager,Analyze Purchase Requisition,Heinz Gutschmidt
519,2011-03-15T10:08:00,2011-03-15T10:10:00,Requester Manager,Create Request for Quotation Requester Manager,Francis Odell
519,2011-03-22T05:17:00,2011-03-22T05:40:00,Purchasing Agent,Analyze Request for Quotation,Magdalena Predutta
519,2011-03-22T10:51:00,2011-03-22T11:22:00,Purchasing Agent,Send Request for Quotation to Supplier,Karel de Groot
519,2011-03-22T19:53:00,2011-03-23T00:17:00,Purchasing Agent,Create Quotation comparison Map,Magdalena Predutta
519,2011-03-23T06:49:00,2011-03-23T07:08:00,Requester,Analyze Quotation comparison Map,Fjodor Kowalski
519,2011-03-23T07:08:00,2011-03-23T07:08:00,Requester,Choose best option,Tesca Lobes
519,2011-03-23T09:45:00,2011-03-23T17:20:00,Purchasing Agent,Settle conditions with supplier,Karel de Groot
519,2011-03-25T06:20:00,2011-03-25T06:33:00,Purchasing Agent,Create Purchase Order,Karel de Groot
519,2011-03-26T03:18:00,2011-03-26T03:51:00,Supplier,Confirm Purchase Order,Sean Manney
519,2011-03-27T06:44:00,2011-03-28T01:47:00,Supplier,Deliver Goods Services,Kiu Kan
519,2011-03-28T09:06:00,2011-03-28T09:07:00,Requester,Release Purchase Order,Clement Duchot
519,2011-03-29T10:14:00,2011-03-29T10:15:00,Purchasing Agent,Approve Purchase Order for payment,Magdalena Predutta
519,2011-03-30T20:35:00,2011-03-30T20:35:00,Supplier,Send invoice,Kiu Kan
519,2011-03-31T11:01:00,2011-03-31T11:06:00,Financial Manager,Release Supplier's Invoice,Karalda Nimwada
519,2011-03-31T11:06:00,2011-03-31T11:06:00,Financial Manager,Authorize Supplier's Invoice payment,Pedro Alvares
519,2011-03-31T11:57:00,2011-03-31T12:11:00,Financial Manager,Pay invoice,Pedro Alvares
52,2011-01-14T01:04:00,2011-01-14T22:51:00,Supplier,Deliver Goods Services,Sean Manney
52,2011-01-15T06:43:00,2011-01-15T06:44:00,Requester,Release Purchase Order,Esmana Liubiata
52,2011-01-15T16:54:00,2011-01-15T16:55:00,Purchasing Agent,Approve Purchase Order for payment,Francois de Perrier
52,2011-01-17T03:07:00,2011-01-17T03:07:00,Supplier,Send invoice,Kiu Kan
52,2011-01-17T17:26:00,2011-01-17T17:29:00,Financial Manager,Release Supplier's Invoice,Karalda Nimwada
52,2011-01-17T17:29:00,2011-01-17T17:29:00,Financial Manager,Authorize Supplier's Invoice payment,Pedro Alvares
52,2011-01-17T18:11:00,2011-01-17T18:21:00,Financial Manager,Pay invoice,Pedro Alvares
52,2011-07-01T06:51:00,2011-07-01T07:11:00,Requester,Create Purchase Requisition,Nico Ojenbeer
52,2011-07-01T09:21:00,2011-07-01T09:30:00,Requester,Create Request for Quotation Requester,Elvira Lores
52,2011-07-01T13:28:00,2011-07-01T13:47:00,Purchasing Agent,Analyze Request for Quotation,Karel de Groot
52,2011-09-01T09:14:00,2011-09-01T09:41:00,Purchasing Agent,Send Request for Quotation to Supplier,Karel de Groot
52,2011-10-01T04:02:00,2011-10-01T04:45:00,Purchasing Agent,Create Quotation comparison Map,Karel de Groot
52,2011-10-01T11:29:00,2011-10-01T11:36:00,Requester,Analyze Quotation comparison Map,Clement Duchot
52,2011-10-01T11:36:00,2011-10-01T11:36:00,Requester,Choose best option,Kim Passa
52,2011-11-01T06:14:00,2011-11-01T20:14:00,Purchasing Agent,Settle conditions with supplier,Francois de Perrier
52,2011-12-01T00:27:00,2011-12-01T00:34:00,Purchasing Agent,Create Purchase Order,Karel de Groot
52,2011-12-01T10:47:00,2011-12-01T11:12:00,Supplier,Confirm Purchase Order,Kiu Kan
522,2011-03-14T20:21:00,2011-03-14T20:46:00,Requester,Create Purchase Requisition,Miu Hanwan
522,2011-03-15T16:04:00,2011-03-15T16:12:00,Requester Manager,Analyze Purchase Requisition,Francis Odell
525,2011-03-15T06:45:00,2011-03-15T07:25:00,Requester,Create Purchase Requisition,Alberto Duport
525,2011-03-16T02:41:00,2011-03-16T02:45:00,Requester Manager,Analyze Purchase Requisition,Maris Freeman
525,2011-03-16T02:52:00,2011-03-16T02:54:00,Requester Manager,Create Request for Quotation Requester Manager,Francis Odell
525,2011-03-16T07:26:00,2011-03-16T07:54:00,Purchasing Agent,Analyze Request for Quotation,Magdalena Predutta
525,2011-03-17T11:10:00,2011-03-17T11:38:00,Purchasing Agent,Send Request for Quotation to Supplier,Francois de Perrier
525,2011-03-18T19:38:00,2011-03-18T23:05:00,Purchasing Agent,Create Quotation comparison Map,Francois de Perrier
525,2011-03-19T05:14:00,2011-03-19T05:29:00,Requester,Analyze Quotation comparison Map,Tesca Lobes
525,2011-03-19T05:29:00,2011-03-19T05:29:00,Requester,Choose best option,Clement Duchot
525,2011-03-19T17:56:00,2011-03-19T23:45:00,Purchasing Agent,Settle conditions with supplier,Francois de Perrier
525,2011-03-20T04:38:00,2011-03-20T04:45:00,Purchasing Agent,Create Purchase Order,Magdalena Predutta
525,2011-03-20T19:17:00,2011-03-20T19:32:00,Supplier,Confirm Purchase Order,Sean Manney
525,2011-03-22T23:16:00,2011-03-24T03:54:00,Supplier,Deliver Goods Services,Esmeralda Clay
525,2011-03-24T11:07:00,2011-03-24T11:08:00,Requester,Release Purchase Order,Immanuel Karagianni
525,2011-03-24T14:28:00,2011-03-24T14:29:00,Purchasing Agent,Approve Purchase Order for payment,Magdalena Predutta
525,2011-03-26T23:25:00,2011-03-26T23:25:00,Supplier,Send invoice,Karen Clarens
525,2011-03-27T15:49:00,2011-03-27T15:53:00,Financial Manager,Release Supplier's Invoice,Pedro Alvares
525,2011-03-27T15:59:00,2011-03-27T16:22:00,Financial Manager,Settle dispute with supplier Financial Manager,Karalda Nimwada
525,2011-03-27T16:22:00,2011-03-27T16:22:00,Financial Manager,Authorize Supplier's Invoice payment,Karalda Nimwada
525,2011-03-27T17:28:00,2011-03-27T17:36:00,Financial Manager,Pay invoice,Pedro Alvares
53,2011-01-13T00:14:00,2011-01-13T00:14:00,Supplier,Confirm Purchase Order,Sean Manney
53,2011-01-14T01:49:00,2011-01-15T18:37:00,Supplier,Deliver Goods Services,Kiu Kan
53,2011-01-16T02:06:00,2011-01-16T02:07:00,Requester,Release Purchase Order,Fjodor Kowalski
53,2011-01-16T13:35:00,2011-01-16T13:36:00,Purchasing Agent,Approve Purchase Order for payment,Karel de Groot
53,2011-01-17T05:09:00,2011-01-17T05:09:00,Supplier,Send invoice,Esmeralda Clay
53,2011-01-17T19:37:00,2011-01-17T19:41:00,Financial Manager,Release Supplier's Invoice,Pedro Alvares
53,2011-01-17T19:41:00,2011-01-17T19:41:00,Financial Manager,Authorize Supplier's Invoice payment,Pedro Alvares
53,2011-01-17T20:33:00,2011-01-17T20:46:00,Financial Manager,Pay invoice,Pedro Alvares
53,2011-07-01T10:04:00,2011-07-01T10:46:00,Requester,Create Purchase Requisition,Clement Duchot
53,2011-07-01T15:24:00,2011-07-01T15:33:00,Requester,Create Request for Quotation Requester,Alberto Duport
53,2011-08-01T02:44:00,2011-08-01T03:05:00,Purchasing Agent,Analyze Request for Quotation,Magdalena Predutta
53,2011-09-01T15:13:00,2011-09-01T15:41:00,Purchasing Agent,Send Request for Quotation to Supplier,Karel de Groot
53,2011-10-01T04:45:00,2011-10-01T06:06:00,Purchasing Agent,Create Quotation comparison Map,Karel de Groot
53,2011-10-01T13:03:00,2011-10-01T13:21:00,Requester,Analyze Quotation comparison Map,Christian Francois
53,2011-10-01T13:21:00,2011-10-01T13:21:00,Requester,Choose best option,Anna Kaufmann
53,2011-11-01T04:46:00,2011-11-01T10:00:00,Purchasing Agent,Settle conditions with supplier,Karel de Groot
53,2011-12-01T02:11:00,2011-12-01T02:21:00,Purchasing Agent,Create Purchase Order,Magdalena Predutta
53,2011-12-01T23:50:00,2011-12-01T23:50:00,Supplier,Confirm Purchase Order,Sean Manney
537,2011-03-17T22:38:00,2011-03-17T23:14:00,Requester,Create Purchase Requisition,Anne Olwada
537,2011-03-18T23:43:00,2011-03-18T23:49:00,Requester Manager,Analyze Purchase Requisition,Francis Odell
537,2011-03-18T23:53:00,2011-03-18T23:55:00,Requester Manager,Create Request for Quotation Requester Manager,Maris Freeman
537,2011-03-19T19:41:00,2011-03-19T20:14:00,Purchasing Agent,Analyze Request for Quotation,Karel de Groot
537,2011-03-20T04:45:00,2011-03-20T05:13:00,Purchasing Agent,Send Request for Quotation to Supplier,Magdalena Predutta
537,2011-03-20T05:36:00,2011-03-20T10:25:00,Purchasing Agent,Create Quotation comparison Map,Magdalena Predutta
537,2011-03-20T17:18:00,2011-03-20T17:35:00,Requester,Analyze Quotation comparison Map,Tesca Lobes
537,2011-03-20T17:35:00,2011-03-20T17:35:00,Requester,Choose best option,Penn Osterwalder
537,2011-03-21T01:59:00,2011-03-21T12:46:00,Purchasing Agent,Settle conditions with supplier,Magdalena Predutta
537,2011-03-21T15:22:00,2011-03-21T15:29:00,Purchasing Agent,Create Purchase Order,Magdalena Predutta
537,2011-03-22T17:37:00,2011-03-22T17:43:00,Supplier,Confirm Purchase Order,Sean Manney
537,2011-03-25T00:31:00,2011-03-26T03:18:00,Supplier,Deliver Goods Services,Sean Manney
537,2011-03-26T11:10:00,2011-03-26T11:11:00,Requester,Release Purchase Order,Elvira Lores
537,2011-03-26T16:35:00,2011-03-26T16:36:00,Purchasing Agent,Approve Purchase Order for payment,Karel de Groot
537,2011-03-31T03:11:00,2011-03-31T03:11:00,Supplier,Send invoice,Esmeralda Clay
537,2011-03-31T17:31:00,2011-03-31T17:38:00,Financial Manager,Release Supplier's Invoice,Karalda Nimwada
537,2011-03-31T17:38:00,2011-03-31T17:38:00,Financial Manager,Authorize Supplier's Invoice payment,Pedro Alvares
537,2011-03-31T18:24:00,2011-03-31T18:32:00,Financial Manager,Pay invoice,Karalda Nimwada
538,2011-03-18T00:22:00,2011-03-18T00:53:00,Requester,Create Purchase Requisition,Tesca Lobes
538,2011-03-18T19:24:00,2011-03-18T19:29:00,Requester Manager,Analyze Purchase Requisition,Francis Odell
54,2011-01-13T22:27:00,2011-01-14T21:42:00,Supplier,Deliver Goods Services,Karen Clarens
54,2011-01-15T05:43:00,2011-01-15T05:44:00,Requester,Release Purchase Order,Nico Ojenbeer
54,2011-01-15T17:04:00,2011-01-15T17:05:00,Purchasing Agent,Approve Purchase Order for payment,Magdalena Predutta
54,2011-01-18T16:45:00,2011-01-18T16:45:00,Supplier,Send invoice,Carmen Finacse
54,2011-01-19T07:01:00,2011-01-19T07:06:00,Financial Manager,Release Supplier's Invoice,Karalda Nimwada
54,2011-01-19T07:06:00,2011-01-19T07:06:00,Financial Manager,Authorize Supplier's Invoice payment,Pedro Alvares
54,2011-01-19T07:29:00,2011-01-19T07:36:00,Financial Manager,Pay invoice,Karalda Nimwada
54,2011-07-01T14:59:00,2011-07-01T15:43:00,Requester,Create Purchase Requisition,Clement Duchot
54,2011-07-01T21:15:00,2011-07-01T21:25:00,Requester,Create Request for Quotation Requester,Christian Francois
54,2011-08-01T01:56:00,2011-08-01T02:17:00,Purchasing Agent,Analyze Request for Quotation,Magdalena Predutta
54,2011-08-01T03:08:00,2011-08-01T03:21:00,Requester Manager,Amend Request for Quotation Requester,Elvira Lores
54,2011-08-01T04:43:00,2011-08-01T05:11:00,Purchasing Agent,Analyze Request for Quotation,Karel de Groot
54,2011-09-01T07:11:00,2011-09-01T07:32:00,Purchasing Agent,Send Request for Quotation to Supplier,Francois de Perrier
54,2011-09-01T15:51:00,2011-09-01T19:52:00,Purchasing Agent,Create Quotation comparison Map,Karel de Groot
54,2011-10-01T02:58:00,2011-10-01T03:17:00,Requester,Analyze Quotation comparison Map,Immanuel Karagianni
54,2011-10-01T03:17:00,2011-10-01T03:17:00,Requester,Choose best option,Fjodor Kowalski
54,2011-10-01T10:20:00,2011-10-01T16:51:00,Purchasing Agent,Settle conditions with supplier,Karel de Groot
54,2011-12-01T00:19:00,2011-12-01T00:26:00,Purchasing Agent,Create Purchase Order,Karel de Groot
54,2011-12-01T12:52:00,2011-12-01T13:21:00,Supplier,Confirm Purchase Order,Esmeralda Clay
544,2011-03-19T12:42:00,2011-03-19T13:33:00,Requester,Create Purchase Requisition,Anne Olwada
544,2011-03-19T15:03:00,2011-03-19T15:14:00,Requester,Create Request for Quotation Requester,Christian Francois
544,2011-03-22T06:13:00,2011-03-22T06:25:00,Purchasing Agent,Analyze Request for Quotation,Magdalena Predutta
553,2011-02-04T20:30:00,2011-03-04T00:18:00,Supplier,Deliver Goods Services,Karen Clarens
553,2011-03-04T07:36:00,2011-03-04T07:37:00,Requester,Release Purchase Order,Clement Duchot
553,2011-03-04T22:25:00,2011-03-04T22:26:00,Purchasing Agent,Approve Purchase Order for payment,Francois de Perrier
553,2011-03-20T20:07:00,2011-03-20T20:38:00,Requester,Create Purchase Requisition,Anna Kaufmann
553,2011-03-20T23:38:00,2011-03-20T23:50:00,Requester,Create Request for Quotation Requester,Esmana Liubiata
553,2011-03-26T15:12:00,2011-03-26T15:41:00,Purchasing Agent,Analyze Request for Quotation,Karel de Groot
553,2011-03-27T10:24:00,2011-03-27T10:48:00,Purchasing Agent,Send Request for Quotation to Supplier,Francois de Perrier
553,2011-03-27T12:25:00,2011-03-27T17:51:00,Purchasing Agent,Create Quotation comparison Map,Karel de Groot
553,2011-03-28T00:33:00,2011-03-28T00:44:00,Requester,Analyze Quotation comparison Map,Immanuel Karagianni
553,2011-03-28T00:44:00,2011-03-28T00:44:00,Requester,Choose best option,Kim Passa
553,2011-03-28T04:50:00,2011-03-28T15:34:00,Purchasing Agent,Settle conditions with supplier,Karel de Groot
553,2011-03-28T16:28:00,2011-03-28T16:35:00,Purchasing Agent,Create Purchase Order,Karel de Groot
553,2011-03-31T03:30:00,2011-03-31T04:00:00,Supplier,Confirm Purchase Order,Esmeralda Clay
553,2011-04-04T22:18:00,2011-04-04T22:18:00,Supplier,Send invoice,Carmen Finacse
553,2011-05-04T12:51:00,2011-05-04T12:58:00,Financial Manager,Release Supplier's Invoice,Pedro Alvares
553,2011-05-04T12:58:00,2011-05-04T12:58:00,Financial Manager,Authorize Supplier's Invoice payment,Pedro Alvares
553,2011-05-04T13:46:00,2011-05-04T13:56:00,Financial Manager,Pay invoice,Pedro Alvares
556,2011-01-04T00:40:00,2011-01-04T14:28:00,Purchasing Agent,Settle conditions with supplier,Karel de Groot
556,2011-01-04T18:11:00,2011-01-04T18:23:00,Purchasing Agent,Create Purchase Order,Francois de Perrier
556,2011-02-04T11:44:00,2011-02-04T12:07:00,Supplier,Confirm Purchase Order,Sean Manney
556,2011-03-04T00:58:00,2011-03-04T10:50:00,Supplier,Deliver Goods Services,Karen Clarens
556,2011-03-04T18:26:00,2011-03-04T18:27:00,Requester,Release Purchase Order,Penn Osterwalder
556,2011-03-21T00:25:00,2011-03-21T00:36:00,Requester,Create Purchase Requisition,Alberto Duport
556,2011-03-22T01:13:00,2011-03-22T01:22:00,Requester Manager,Analyze Purchase Requisition,Maris Freeman
556,2011-03-22T01:29:00,2011-03-22T01:32:00,Requester Manager,Create Request for Quotation Requester Manager,Francis Odell
556,2011-03-30T10:06:00,2011-03-30T10:40:00,Purchasing Agent,Analyze Request for Quotation,Francois de Perrier
556,2011-03-31T11:02:00,2011-03-31T11:24:00,Purchasing Agent,Send Request for Quotation to Supplier,Magdalena Predutta
556,2011-03-31T14:48:00,2011-03-31T15:39:00,Purchasing Agent,Create Quotation comparison Map,Magdalena Predutta
556,2011-03-31T22:13:00,2011-03-31T22:35:00,Requester,Analyze Quotation comparison Map,Penn Osterwalder
556,2011-03-31T22:35:00,2011-03-31T22:35:00,Requester,Choose best option,Kim Passa
556,2011-04-04T10:11:00,2011-04-04T10:12:00,Purchasing Agent,Approve Purchase Order for payment,Francois de Perrier
556,2011-04-04T21:45:00,2011-04-04T21:45:00,Supplier,Send invoice,Carmen Finacse
556,2011-05-04T12:13:00,2011-05-04T12:17:00,Financial Manager,Release Supplier's Invoice,Pedro Alvares
556,2011-05-04T12:17:00,2011-05-04T12:17:00,Financial Manager,Authorize Supplier's Invoice payment,Karalda Nimwada
556,2011-05-04T13:03:00,2011-05-04T13:07:00,Financial Manager,Pay invoice,Pedro Alvares
559,2011-03-21T04:52:00,2011-03-21T05:28:00,Requester,Create Purchase Requisition,Miu Hanwan
559,2011-03-21T12:43:00,2011-03-21T12:52:00,Requester,Create Request for Quotation Requester,Anna Kaufmann
559,2011-04-28T00:30:00,2011-04-28T00:43:00,Purchasing Agent,Analyze Request for Quotation,Magdalena Predutta
559,2011-04-28T01:30:00,2011-04-28T01:35:00,Requester Manager,Amend Request for Quotation Requester,Anne Olwada
559,2011-05-28T09:03:00,2011-05-28T09:20:00,Purchasing Agent,Analyze Request for Quotation,Francois de Perrier
559,2011-05-28T10:16:00,2011-05-28T10:23:00,Requester Manager,Amend Request for Quotation Requester,Anne Olwada
559,2011-05-30T17:03:00,2011-05-30T17:23:00,Purchasing Agent,Analyze Request for Quotation,Karel de Groot
559,2011-05-30T18:22:00,2011-05-30T18:30:00,Requester Manager,Amend Request for Quotation Requester,Elvira Lores
559,2011-06-13T03:58:00,2011-06-13T03:58:00,Purchasing Agent,Create Quotation comparison Map,Francois de Perrier
559,2011-06-13T10:55:00,2011-06-13T11:13:00,Requester,Analyze Quotation comparison Map,Elvira Lores
559,2011-06-13T11:13:00,2011-06-13T11:13:00,Requester,Choose best option,Kim Passa
559,2011-06-13T14:01:00,2011-06-14T01:46:00,Purchasing Agent,Settle conditions with supplier,Karel de Groot
559,2011-06-14T05:10:00,2011-06-14T05:21:00,Purchasing Agent,Create Purchase Order,Magdalena Predutta
559,2011-06-15T13:55:00,2011-06-15T14:22:00,Supplier,Confirm Purchase Order,Esmeralda Clay
559,2011-06-17T00:57:00,2011-06-17T16:46:00,Supplier,Deliver Goods Services,Sean Manney
559,2011-06-18T00:02:00,2011-06-18T00:03:00,Requester,Release Purchase Order,Nico Ojenbeer
559,2011-06-18T12:46:00,2011-06-18T12:47:00,Purchasing Agent,Approve Purchase Order for payment,Francois de Perrier
559,2011-06-20T09:18:00,2011-06-20T09:18:00,Supplier,Send invoice,Esmeralda Clay
559,2011-06-20T23:39:00,2011-06-20T23:41:00,Financial Manager,Release Supplier's Invoice,Pedro Alvares
559,2011-06-20T23:41:00,2011-06-20T23:41:00,Financial Manager,Authorize Supplier's Invoice payment,Karalda Nimwada
559,2011-06-21T00:30:00,2011-06-21T00:45:00,Financial Manager,Pay invoice,Karalda Nimwada
559,2011-11-06T20:21:00,2011-11-06T20:49:00,Purchasing Agent,Analyze Request for Quotation,Magdalena Predutta
559,2011-12-06T09:54:00,2011-12-06T10:10:00,Purchasing Agent,Send Request for Quotation to Supplier,Francois de Perrier
559,2011-12-06T21:41:00,2011-12-06T21:41:00,Purchasing Agent,Create Quotation comparison Map,Francois de Perrier
56,2011-01-13T00:22:00,2011-01-13T00:42:00,Supplier,Confirm Purchase Order,Sean Manney
56,2011-01-14T21:42:00,2011-01-16T05:33:00,Supplier,Deliver Goods Services,Karen Clarens
56,2011-01-16T13:23:00,2011-01-16T13:24:00,Requester,Release Purchase Order,Penn Osterwalder
56,2011-01-16T23:07:00,2011-01-16T23:08:00,Purchasing Agent,Approve Purchase Order for payment,Karel de Groot
56,2011-01-17T05:53:00,2011-01-17T05:53:00,Supplier,Send invoice,Esmeralda Clay
56,2011-01-17T20:17:00,2011-01-17T20:22:00,Financial Manager,Release Supplier's Invoice,Pedro Alvares
56,2011-01-17T20:58:00,2011-01-17T21:32:00,Financial Manager,Settle dispute with supplier Financial Manager,Pedro Alvares
56,2011-01-17T21:32:00,2011-01-17T21:32:00,Financial Manager,Authorize Supplier's Invoice payment,Pedro Alvares
56,2011-01-17T21:37:00,2011-01-17T21:50:00,Financial Manager,Pay invoice,Karalda Nimwada
56,2011-07-01T20:35:00,2011-07-01T21:30:00,Requester,Create Purchase Requisition,Tesca Lobes
56,2011-08-01T18:32:00,2011-08-01T18:37:00,Requester Manager,Analyze Purchase Requisition,Maris Freeman
56,2011-08-01T18:43:00,2011-08-01T18:45:00,Requester Manager,Create Request for Quotation Requester Manager,Heinz Gutschmidt
56,2011-09-01T02:02:00,2011-09-01T02:34:00,Purchasing Agent,Analyze Request for Quotation,Francois de Perrier
56,2011-09-01T17:14:00,2011-09-01T17:48:00,Purchasing Agent,Send Request for Quotation to Supplier,Magdalena Predutta
56,2011-10-01T17:49:00,2011-10-01T22:35:00,Purchasing Agent,Create Quotation comparison Map,Karel de Groot
56,2011-11-01T04:26:00,2011-11-01T04:48:00,Requester,Analyze Quotation comparison Map,Christian Francois
56,2011-11-01T04:48:00,2011-11-01T04:48:00,Requester,Choose best option,Kim Passa
56,2011-11-01T18:51:00,2011-12-01T00:19:00,Purchasing Agent,Settle conditions with supplier,Karel de Groot
56,2011-12-01T01:58:00,2011-12-01T02:05:00,Purchasing Agent,Create Purchase Order,Karel de Groot
560,2011-01-04T02:52:00,2011-01-04T02:53:00,Requester,Release Purchase Order,Immanuel Karagianni
560,2011-01-04T10:57:00,2011-01-04T10:58:00,Purchasing Agent,Approve Purchase Order for payment,Magdalena Predutta
560,2011-03-21T05:35:00,2011-03-21T06:12:00,Requester,Create Purchase Requisition,Kim Passa
560,2011-03-22T04:41:00,2011-03-22T04:49:00,Requester Manager,Analyze Purchase Requisition,Maris Freeman
560,2011-03-22T04:55:00,2011-03-22T04:57:00,Requester Manager,Create Request for Quotation Requester Manager,Francis Odell
560,2011-03-27T09:43:00,2011-03-27T09:58:00,Purchasing Agent,Analyze Request for Quotation,Francois de Perrier
560,2011-03-27T21:49:00,2011-03-27T22:20:00,Purchasing Agent,Send Request for Quotation to Supplier,Francois de Perrier
560,2011-03-28T01:03:00,2011-03-28T03:37:00,Purchasing Agent,Create Quotation comparison Map,Francois de Perrier
560,2011-03-28T10:17:00,2011-03-28T10:48:00,Requester,Analyze Quotation comparison Map,Christian Francois
560,2011-03-28T10:48:00,2011-03-28T10:48:00,Requester,Choose best option,Miu Hanwan
560,2011-03-28T22:22:00,2011-03-29T10:14:00,Purchasing Agent,Settle conditions with supplier,Magdalena Predutta
560,2011-03-29T15:25:00,2011-03-29T15:32:00,Purchasing Agent,Create Purchase Order,Francois de Perrier
560,2011-03-30T20:02:00,2011-03-30T20:35:00,Supplier,Confirm Purchase Order,Kiu Kan
560,2011-03-31T08:57:00,2011-03-31T20:19:00,Supplier,Deliver Goods Services,Karen Clarens
560,2011-05-04T01:49:00,2011-05-04T01:49:00,Supplier,Send invoice,Karen Clarens
560,2011-05-04T16:14:00,2011-05-04T16:18:00,Financial Manager,Release Supplier's Invoice,Pedro Alvares
560,2011-05-04T16:18:00,2011-05-04T16:18:00,Financial Manager,Authorize Supplier's Invoice payment,Pedro Alvares
560,2011-05-04T17:24:00,2011-05-04T17:31:00,Financial Manager,Pay invoice,Pedro Alvares
563,2011-02-04T18:59:00,2011-04-04T18:12:00,Supplier,Deliver Goods Services,Sean Manney
563,2011-03-21T17:41:00,2011-03-21T18:30:00,Requester,Create Purchase Requisition,Kim Passa
563,2011-03-22T11:46:00,2011-03-22T11:50:00,Requester Manager,Analyze Purchase Requisition,Heinz Gutschmidt
563,2011-03-22T11:57:00,2011-03-22T11:58:00,Requester Manager,Create Request for Quotation Requester Manager,Francis Odell
563,2011-03-26T13:46:00,2011-03-26T14:18:00,Purchasing Agent,Analyze Request for Quotation,Karel de Groot
563,2011-03-27T09:09:00,2011-03-27T09:41:00,Purchasing Agent,Send Request for Quotation to Supplier,Karel de Groot
563,2011-03-27T10:24:00,2011-03-27T12:25:00,Purchasing Agent,Create Quotation comparison Map,Karel de Groot
563,2011-03-27T19:31:00,2011-03-27T19:50:00,Requester,Analyze Quotation comparison Map,Immanuel Karagianni
563,2011-03-27T19:50:00,2011-03-27T19:50:00,Requester,Choose best option,Immanuel Karagianni
563,2011-03-27T22:36:00,2011-03-28T05:39:00,Purchasing Agent,Settle conditions with supplier,Magdalena Predutta
563,2011-03-28T07:57:00,2011-03-28T08:06:00,Purchasing Agent,Create Purchase Order,Magdalena Predutta
563,2011-03-31T13:47:00,2011-03-31T14:10:00,Supplier,Confirm Purchase Order,Carmen Finacse
563,2011-05-04T01:37:00,2011-05-04T01:38:00,Requester,Release Purchase Order,Kim Passa
563,2011-05-04T04:48:00,2011-05-04T04:49:00,Purchasing Agent,Approve Purchase Order for payment,Francois de Perrier
563,2011-05-04T11:40:00,2011-05-04T11:40:00,Supplier,Send invoice,Karen Clarens
563,2011-06-04T02:00:00,2011-06-04T02:04:00,Financial Manager,Release Supplier's Invoice,Karalda Nimwada
563,2011-06-04T02:25:00,2011-06-04T02:57:00,Financial Manager,Settle dispute with supplier Financial Manager,Pedro Alvares
563,2011-06-04T02:57:00,2011-06-04T02:57:00,Financial Manager,Authorize Supplier's Invoice payment,Pedro Alvares
563,2011-06-04T03:38:00,2011-06-04T03:45:00,Financial Manager,Pay invoice,Pedro Alvares
564,2011-02-04T10:56:00,2011-02-04T21:35:00,Supplier,Deliver Goods Services,Esmeralda Clay
564,2011-03-04T04:50:00,2011-03-04T04:51:00,Requester,Release Purchase Order,Clement Duchot
564,2011-03-04T12:12:00,2011-03-04T21:23:00,Purchasing Agent,Settle dispute with supplier Purchasing Agent,Francois de Perrier
564,2011-03-21T19:13:00,2011-03-21T19:34:00,Requester,Create Purchase Requisition,Immanuel Karagianni
564,2011-03-22T06:30:00,2011-03-22T06:36:00,Requester Manager,Analyze Purchase Requisition,Heinz Gutschmidt
564,2011-03-22T06:40:00,2011-03-22T06:42:00,Requester Manager,Create Request for Quotation Requester Manager,Heinz Gutschmidt
564,2011-03-22T23:44:00,2011-03-23T00:04:00,Purchasing Agent,Analyze Request for Quotation,Karel de Groot
564,2011-03-23T17:48:00,2011-03-23T18:13:00,Purchasing Agent,Send Request for Quotation to Supplier,Karel de Groot
564,2011-03-24T11:57:00,2011-03-24T13:52:00,Purchasing Agent,Create Quotation comparison Map,Magdalena Predutta
564,2011-03-24T20:30:00,2011-03-24T21:02:00,Requester,Analyze Quotation comparison Map,Fjodor Kowalski
564,2011-03-24T21:02:00,2011-03-24T21:02:00,Requester,Choose best option,Christian Francois
564,2011-03-26T07:31:00,2011-03-26T21:56:00,Purchasing Agent,Settle conditions with supplier,Magdalena Predutta
564,2011-03-27T03:33:00,2011-03-27T03:42:00,Purchasing Agent,Create Purchase Order,Francois de Perrier
564,2011-03-30T19:39:00,2011-03-30T20:02:00,Supplier,Confirm Purchase Order,Kiu Kan
564,2011-04-04T05:45:00,2011-04-04T05:46:00,Requester,Release Purchase Order,Anne Olwada
564,2011-04-04T22:33:00,2011-04-04T22:34:00,Purchasing Agent,Approve Purchase Order for payment,Karel de Groot
564,2011-05-04T04:32:00,2011-05-04T04:32:00,Supplier,Send invoice,Sean Manney
564,2011-05-04T19:38:00,2011-05-04T19:42:00,Financial Manager,Release Supplier's Invoice,Pedro Alvares
564,2011-05-04T20:09:00,2011-05-04T20:09:00,Financial Manager,Authorize Supplier's Invoice payment,Pedro Alvares
564,2011-05-04T21:21:00,2011-05-04T21:29:00,Financial Manager,Pay invoice,Pedro Alvares
565,2011-03-21T19:21:00,2011-03-21T19:27:00,Requester,Create Purchase Requisition,Miu Hanwan
565,2011-03-22T00:51:00,2011-03-22T00:57:00,Requester,Create Request for Quotation Requester,Fjodor Kowalski
565,2011-03-23T01:24:00,2011-03-23T01:48:00,Purchasing Agent,Analyze Request for Quotation,Magdalena Predutta
565,2011-03-23T18:38:00,2011-03-23T18:55:00,Purchasing Agent,Send Request for Quotation to Supplier,Magdalena Predutta
565,2011-03-24T19:55:00,2011-03-24T22:29:00,Purchasing Agent,Create Quotation comparison Map,Francois de Perrier
565,2011-03-25T05:08:00,2011-03-25T05:26:00,Requester,Analyze Quotation comparison Map,Clement Duchot
565,2011-03-25T05:26:00,2011-03-25T05:26:00,Requester,Choose best option,Miu Hanwan
565,2011-03-25T08:05:00,2011-03-25T18:38:00,Purchasing Agent,Settle conditions with supplier,Karel de Groot
565,2011-03-26T07:25:00,2011-03-26T07:31:00,Purchasing Agent,Create Purchase Order,Magdalena Predutta
565,2011-03-26T23:55:00,2011-03-27T03:29:00,Supplier,Confirm Purchase Order,Karen Clarens
565,2011-03-31T04:06:00,2011-03-31T10:20:00,Supplier,Deliver Goods Services,Esmeralda Clay
565,2011-03-31T17:32:00,2011-03-31T17:33:00,Requester,Release Purchase Order,Kim Passa
565,2011-03-31T23:30:00,2011-03-31T23:31:00,Purchasing Agent,Approve Purchase Order for payment,Karel de Groot
565,2011-04-04T23:09:00,2011-04-04T23:09:00,Supplier,Send invoice,Carmen Finacse
565,2011-05-04T13:34:00,2011-05-04T13:40:00,Financial Manager,Release Supplier's Invoice,Karalda Nimwada
565,2011-05-04T13:45:00,2011-05-04T13:45:00,Financial Manager,Authorize Supplier's Invoice payment,Karalda Nimwada
565,2011-05-04T13:56:00,2011-05-04T14:10:00,Financial Manager,Pay invoice,Karalda Nimwada
57,2011-08-01T02:37:00,2011-08-01T03:23:00,Requester,Create Purchase Requisition,Anne Olwada
57,2011-08-01T17:41:00,2011-08-01T17:46:00,Requester Manager,Analyze Purchase Requisition,Maris Freeman
57,2011-08-01T17:53:00,2011-08-01T17:55:00,Requester Manager,Create Request for Quotation Requester Manager,Maris Freeman
57,2011-09-01T06:38:00,2011-09-01T06:39:00,Purchasing Agent,Analyze Request for Quotation,Francois de Perrier
573,2011-02-04T11:44:00,2011-02-04T11:44:00,Supplier,Deliver Goods Services,Sean Manney
573,2011-02-04T19:08:00,2011-02-04T19:09:00,Requester,Release Purchase Order,Christian Francois
573,2011-03-04T03:59:00,2011-03-04T04:00:00,Purchasing Agent,Approve Purchase Order for payment,Karel de Groot
573,2011-03-22T11:49:00,2011-03-22T12:11:00,Requester,Create Purchase Requisition,Kim Passa
573,2011-03-23T11:07:00,2011-03-23T11:12:00,Requester Manager,Analyze Purchase Requisition,Francis Odell
573,2011-03-23T11:16:00,2011-03-23T11:17:00,Requester Manager,Create Request for Quotation Requester Manager,Francis Odell
573,2011-03-27T17:12:00,2011-03-27T17:30:00,Purchasing Agent,Analyze Request for Quotation,Magdalena Predutta
573,2011-03-27T18:23:00,2011-03-27T18:29:00,Requester Manager,Amend Request for Quotation Requester,Anne Olwada
573,2011-03-27T19:55:00,2011-03-27T20:27:00,Purchasing Agent,Analyze Request for Quotation,Francois de Perrier
573,2011-03-27T22:03:00,2011-03-27T22:13:00,Purchasing Agent,Send Request for Quotation to Supplier,Magdalena Predutta
573,2011-03-28T01:52:00,2011-03-28T04:50:00,Purchasing Agent,Create Quotation comparison Map,Karel de Groot
573,2011-03-28T11:23:00,2011-03-28T11:49:00,Requester,Analyze Quotation comparison Map,Kim Passa
573,2011-03-28T11:49:00,2011-03-28T11:49:00,Requester,Choose best option,Elvira Lores
573,2011-03-28T16:32:00,2011-03-28T22:22:00,Purchasing Agent,Settle conditions with supplier,Magdalena Predutta
573,2011-03-29T03:12:00,2011-03-29T03:18:00,Purchasing Agent,Create Purchase Order,Francois de Perrier
573,2011-03-29T16:54:00,2011-03-29T17:13:00,Supplier,Confirm Purchase Order,Carmen Finacse
573,2011-04-01T00:23:00,2011-04-01T00:23:00,Supplier,Deliver Goods Services,Sean Manney
573,2011-04-05T00:19:00,2011-04-05T00:19:00,Supplier,Send invoice,Carmen Finacse
573,2011-05-04T14:51:00,2011-05-04T14:55:00,Financial Manager,Release Supplier's Invoice,Karalda Nimwada
573,2011-05-04T14:55:00,2011-05-04T14:55:00,Financial Manager,Authorize Supplier's Invoice payment,Karalda Nimwada
573,2011-05-04T15:52:00,2011-05-04T16:05:00,Financial Manager,Pay invoice,Pedro Alvares
575,2011-01-04T01:01:00,2011-01-04T01:01:00,Supplier,Deliver Goods Services,Esmeralda Clay
575,2011-01-04T08:27:00,2011-01-04T08:28:00,Requester,Release Purchase Order,Nico Ojenbeer
575,2011-01-04T18:30:00,2011-01-04T18:31:00,Purchasing Agent,Approve Purchase Order for payment,Francois de Perrier
575,2011-03-22T13:42:00,2011-03-22T14:12:00,Requester,Create Purchase Requisition,Alberto Duport
575,2011-03-23T11:07:00,2011-03-23T11:13:00,Requester Manager,Analyze Purchase Requisition,Heinz Gutschmidt
575,2011-03-23T11:20:00,2011-03-23T11:22:00,Requester Manager,Create Request for Quotation Requester Manager,Maris Freeman
575,2011-03-26T18:53:00,2011-03-26T19:12:00,Purchasing Agent,Analyze Request for Quotation,Francois de Perrier
575,2011-03-26T20:04:00,2011-03-26T20:16:00,Requester Manager,Amend Request for Quotation Requester,Fjodor Kowalski
575,2011-03-27T18:51:00,2011-03-27T19:31:00,Purchasing Agent,Analyze Request for Quotation,Francois de Perrier
575,2011-03-27T21:06:00,2011-03-27T21:26:00,Purchasing Agent,Send Request for Quotation to Supplier,Francois de Perrier
575,2011-03-27T23:27:00,2011-03-28T01:44:00,Purchasing Agent,Create Quotation comparison Map,Karel de Groot
575,2011-03-28T08:15:00,2011-03-28T08:44:00,Requester,Analyze Quotation comparison Map,Kim Passa
575,2011-03-28T08:44:00,2011-03-28T08:44:00,Requester,Choose best option,Tesca Lobes
575,2011-03-28T16:38:00,2011-03-28T21:35:00,Purchasing Agent,Settle conditions with supplier,Francois de Perrier
575,2011-03-29T03:19:00,2011-03-29T03:26:00,Purchasing Agent,Create Purchase Order,Francois de Perrier
575,2011-03-31T02:42:00,2011-03-31T03:11:00,Supplier,Confirm Purchase Order,Esmeralda Clay
575,2011-03-31T10:20:00,2011-03-31T10:20:00,Supplier,Deliver Goods Services,Esmeralda Clay
575,2011-05-04T04:12:00,2011-05-04T04:12:00,Supplier,Send invoice,Karen Clarens
575,2011-05-04T18:31:00,2011-05-04T18:36:00,Financial Manager,Release Supplier's Invoice,Pedro Alvares
575,2011-05-04T19:15:00,2011-05-04T19:36:00,Financial Manager,Settle dispute with supplier Financial Manager,Pedro Alvares
575,2011-05-04T20:09:00,2011-05-04T20:09:00,Financial Manager,Authorize Supplier's Invoice payment,Pedro Alvares
575,2011-05-04T21:10:00,2011-05-04T21:23:00,Financial Manager,Pay invoice,Karalda Nimwada
58,2011-01-13T02:00:00,2011-01-13T02:00:00,Purchasing Agent,Create Quotation comparison Map,Magdalena Predutta
58,2011-01-13T08:41:00,2011-01-13T09:11:00,Requester,Analyze Quotation comparison Map,Penn Osterwalder
58,2011-01-13T09:11:00,2011-01-13T09:11:00,Requester,Choose best option,Anne Olwada
58,2011-01-13T20:44:00,2011-01-14T08:05:00,Purchasing Agent,Settle conditions with supplier,Magdalena Predutta
58,2011-01-14T09:21:00,2011-01-14T09:34:00,Purchasing Agent,Create Purchase Order,Magdalena Predutta
58,2011-01-18T16:06:00,2011-01-18T16:31:00,Supplier,Confirm Purchase Order,Carmen Finacse
58,2011-01-19T10:15:00,2011-01-19T13:30:00,Supplier,Deliver Goods Services,Esmeralda Clay
58,2011-01-19T21:30:00,2011-01-19T21:31:00,Requester,Release Purchase Order,Tesca Lobes
58,2011-01-20T03:56:00,2011-01-20T12:48:00,Purchasing Agent,Settle dispute with supplier Purchasing Agent,Francois de Perrier
58,2011-01-20T20:35:00,2011-01-20T20:36:00,Requester,Release Purchase Order,Fjodor Kowalski
58,2011-01-22T08:18:00,2011-01-22T08:19:00,Purchasing Agent,Approve Purchase Order for payment,Francois de Perrier
58,2011-01-22T22:13:00,2011-01-22T22:13:00,Supplier,Send invoice,Karen Clarens
58,2011-01-23T12:20:00,2011-01-23T12:26:00,Financial Manager,Release Supplier's Invoice,Karalda Nimwada
58,2011-01-23T12:26:00,2011-01-23T12:26:00,Financial Manager,Authorize Supplier's Invoice payment,Karalda Nimwada
58,2011-01-23T12:48:00,2011-01-23T12:53:00,Financial Manager,Pay invoice,Pedro Alvares
58,2011-08-01T03:01:00,2011-08-01T03:26:00,Requester,Create Purchase Requisition,Alberto Duport
58,2011-09-01T01:08:00,2011-09-01T01:14:00,Requester Manager,Analyze Purchase Requisition,Francis Odell
58,2011-09-01T01:19:00,2011-09-01T01:20:00,Requester Manager,Create Request for Quotation Requester Manager,Maris Freeman
58,2011-09-01T03:31:00,2011-09-01T04:04:00,Purchasing Agent,Analyze Request for Quotation,Karel de Groot
58,2011-09-01T04:58:00,2011-09-01T05:06:00,Requester Manager,Amend Request for Quotation Requester,Clement Duchot
58,2011-10-01T16:51:00,2011-10-01T17:24:00,Purchasing Agent,Analyze Request for Quotation,Karel de Groot
58,2011-10-01T18:13:00,2011-10-01T18:26:00,Requester Manager,Amend Request for Quotation Requester,Nico Ojenbeer
58,2011-12-01T02:21:00,2011-12-01T02:44:00,Purchasing Agent,Analyze Request for Quotation,Magdalena Predutta
58,2011-12-01T21:18:00,2011-12-01T21:44:00,Purchasing Agent,Send Request for Quotation to Supplier,Francois de Perrier
58,2011-12-01T23:34:00,2011-12-01T23:34:00,Purchasing Agent,Create Quotation comparison Map,Magdalena Predutta
59,2011-01-13T06:41:00,2011-01-13T07:03:00,Supplier,Confirm Purchase Order,Karen Clarens
59,2011-01-14T22:18:00,2011-01-16T22:13:00,Supplier,Deliver Goods Services,Esmeralda Clay
59,2011-01-17T05:54:00,2011-01-17T05:55:00,Requester,Release Purchase Order,Miu Hanwan
59,2011-01-17T16:33:00,2011-01-17T16:34:00,Purchasing Agent,Approve Purchase Order for payment,Magdalena Predutta
59,2011-01-18T16:45:00,2011-01-18T16:45:00,Supplier,Send invoice,Carmen Finacse
59,2011-01-19T07:00:00,2011-01-19T07:03:00,Financial Manager,Release Supplier's Invoice,Pedro Alvares
59,2011-01-19T07:03:00,2011-01-19T07:03:00,Financial Manager,Authorize Supplier's Invoice payment,Pedro Alvares
59,2011-01-19T07:31:00,2011-01-19T07:39:00,Financial Manager,Pay invoice,Pedro Alvares
59,2011-08-01T10:44:00,2011-08-01T11:05:00,Requester,Create Purchase Requisition,Nico Ojenbeer
59,2011-08-01T11:52:00,2011-08-01T11:58:00,Requester,Create Request for Quotation Requester,Christian Francois
59,2011-08-01T14:53:00,2011-08-01T15:15:00,Purchasing Agent,Analyze Request for Quotation,Magdalena Predutta
59,2011-08-01T15:56:00,2011-08-01T16:05:00,Requester Manager,Amend Request for Quotation Requester,Tesca Lobes
59,2011-09-01T01:50:00,2011-09-01T02:01:00,Purchasing Agent,Analyze Request for Quotation,Francois de Perrier
59,2011-09-01T02:52:00,2011-09-01T03:06:00,Requester Manager,Amend Request for Quotation Requester,Fjodor Kowalski
59,2011-09-01T06:47:00,2011-09-01T07:09:00,Purchasing Agent,Analyze Request for Quotation,Francois de Perrier
59,2011-09-01T23:03:00,2011-09-01T23:25:00,Requester Manager,Amend Request for Quotation Requester Manager,Maris Freeman
59,2011-10-01T19:36:00,2011-10-01T20:02:00,Purchasing Agent,Analyze Request for Quotation,Magdalena Predutta
59,2011-11-01T22:06:00,2011-11-01T22:40:00,Purchasing Agent,Send Request for Quotation to Supplier,Magdalena Predutta
59,2011-11-01T23:06:00,2011-12-01T01:11:00,Purchasing Agent,Create Quotation comparison Map,Magdalena Predutta
59,2011-12-01T07:54:00,2011-12-01T08:04:00,Requester,Analyze Quotation comparison Map,Clement Duchot
59,2011-12-01T08:04:00,2011-12-01T08:04:00,Requester,Choose best option,Fjodor Kowalski
59,2011-12-01T12:26:00,2011-12-01T16:45:00,Purchasing Agent,Settle conditions with supplier,Magdalena Predutta
59,2011-12-01T21:08:00,2011-12-01T21:18:00,Purchasing Agent,Create Purchase Order,Francois de Perrier
598,2011-03-25T22:04:00,2011-03-25T22:32:00,Requester,Create Purchase Requisition,Nico Ojenbeer
598,2011-03-26T14:24:00,2011-03-26T14:29:00,Requester Manager,Analyze Purchase Requisition,Heinz Gutschmidt
598,2011-03-26T14:35:00,2011-03-26T14:36:00,Requester Manager,Create Request for Quotation Requester Manager,Francis Odell
598,2011-03-30T04:53:00,2011-03-30T05:24:00,Purchasing Agent,Analyze Request for Quotation,Francois de Perrier
606,2011-03-26T13:52:00,2011-03-26T13:59:00,Requester,Create Purchase Requisition,Tesca Lobes
606,2011-03-26T23:59:00,2011-03-27T03:04:00,Requester Manager,Analyze Purchase Requisition,Francis Odell
606,2011-03-27T03:12:00,2011-03-27T03:15:00,Requester Manager,Create Request for Quotation Requester Manager,Heinz Gutschmidt
606,2011-03-27T16:06:00,2011-03-27T16:15:00,Purchasing Agent,Analyze Request for Quotation,Magdalena Predutta
606,2011-03-27T19:31:00,2011-03-27T19:55:00,Purchasing Agent,Send Request for Quotation to Supplier,Francois de Perrier
606,2011-03-27T22:20:00,2011-03-28T01:03:00,Purchasing Agent,Create Quotation comparison Map,Francois de Perrier
606,2011-03-28T07:11:00,2011-03-28T07:28:00,Requester,Analyze Quotation comparison Map,Elvira Lores
606,2011-03-28T07:28:00,2011-03-28T07:28:00,Requester,Choose best option,Alberto Duport
606,2011-03-28T22:00:00,2011-03-29T03:12:00,Purchasing Agent,Settle conditions with supplier,Francois de Perrier
606,2011-03-29T16:41:00,2011-03-29T16:54:00,Purchasing Agent,Create Purchase Order,Magdalena Predutta
606,2011-04-04T22:18:00,2011-04-04T22:50:00,Supplier,Confirm Purchase Order,Carmen Finacse
606,2011-05-04T05:22:00,2011-06-04T13:52:00,Supplier,Deliver Goods Services,Sean Manney
606,2011-06-04T21:26:00,2011-06-04T21:27:00,Requester,Release Purchase Order,Tesca Lobes
606,2011-07-04T10:25:00,2011-07-04T10:26:00,Purchasing Agent,Approve Purchase Order for payment,Magdalena Predutta
606,2011-08-04T01:36:00,2011-08-04T01:36:00,Supplier,Send invoice,Esmeralda Clay
606,2011-08-04T15:51:00,2011-08-04T15:55:00,Financial Manager,Release Supplier's Invoice,Pedro Alvares
606,2011-08-04T15:55:00,2011-08-04T15:55:00,Financial Manager,Authorize Supplier's Invoice payment,Karalda Nimwada
606,2011-08-04T15:58:00,2011-08-04T16:10:00,Financial Manager,Pay invoice,Pedro Alvares
61,2011-01-13T23:50:00,2011-01-14T00:01:00,Purchasing Agent,Analyze Request for Quotation,Karel de Groot
61,2011-01-14T00:55:00,2011-01-14T01:01:00,Requester Manager,Amend Request for Quotation Requester,Christian Francois
61,2011-01-16T23:58:00,2011-01-17T00:29:00,Purchasing Agent,Analyze Request for Quotation,Francois de Perrier
61,2011-01-17T04:17:00,2011-01-17T04:37:00,Purchasing Agent,Send Request for Quotation to Supplier,Magdalena Predutta
61,2011-01-17T05:02:00,2011-01-17T05:42:00,Purchasing Agent,Create Quotation comparison Map,Francois de Perrier
61,2011-01-17T12:45:00,2011-01-17T13:02:00,Requester,Analyze Quotation comparison Map,Esmana Liubiata
61,2011-01-17T13:02:00,2011-01-17T13:02:00,Requester,Choose best option,Immanuel Karagianni
61,2011-01-17T16:44:00,2011-01-17T22:18:00,Purchasing Agent,Settle conditions with supplier,Magdalena Predutta
61,2011-01-18T02:01:00,2011-01-18T02:13:00,Purchasing Agent,Create Purchase Order,Magdalena Predutta
61,2011-01-18T10:10:00,2011-01-18T10:25:00,Supplier,Confirm Purchase Order,Kiu Kan
61,2011-01-19T11:30:00,2011-01-20T20:51:00,Supplier,Deliver Goods Services,Karen Clarens
61,2011-01-21T04:29:00,2011-01-21T04:30:00,Requester,Release Purchase Order,Miu Hanwan
61,2011-01-21T18:02:00,2011-01-21T18:03:00,Purchasing Agent,Approve Purchase Order for payment,Karel de Groot
61,2011-01-22T06:39:00,2011-01-22T06:39:00,Supplier,Send invoice,Kiu Kan
61,2011-01-22T21:10:00,2011-01-22T21:13:00,Financial Manager,Release Supplier's Invoice,Pedro Alvares
61,2011-01-22T21:13:00,2011-01-22T21:13:00,Financial Manager,Authorize Supplier's Invoice payment,Pedro Alvares
61,2011-01-22T21:42:00,2011-01-22T21:49:00,Financial Manager,Pay invoice,Karalda Nimwada
61,2011-08-01T13:50:00,2011-08-01T14:05:00,Requester,Create Purchase Requisition,Esmana Liubiata
61,2011-08-01T18:14:00,2011-08-01T18:26:00,Requester,Create Request for Quotation Requester,Esmana Liubiata
61,2011-10-01T06:02:00,2011-10-01T06:14:00,Purchasing Agent,Analyze Request for Quotation,Magdalena Predutta
61,2011-10-01T07:02:00,2011-10-01T07:17:00,Requester Manager,Amend Request for Quotation Requester,Miu Hanwan
61,2011-12-01T05:02:00,2011-12-01T05:27:00,Purchasing Agent,Analyze Request for Quotation,Magdalena Predutta
61,2011-12-01T21:27:00,2011-12-01T21:48:00,Requester Manager,Amend Request for Quotation Requester Manager,Heinz Gutschmidt
611,2011-01-04T05:25:00,2011-01-04T05:31:00,Supplier,Confirm Purchase Order,Carmen Finacse
611,2011-03-04T05:08:00,2011-04-04T21:45:00,Supplier,Deliver Goods Services,Carmen Finacse
611,2011-03-27T11:49:00,2011-03-27T12:22:00,Requester,Create Purchase Requisition,Elvira Lores
611,2011-03-27T13:18:00,2011-03-27T13:23:00,Requester,Create Request for Quotation Requester,Anna Kaufmann
611,2011-03-29T19:07:00,2011-03-29T19:34:00,Purchasing Agent,Analyze Request for Quotation,Magdalena Predutta
611,2011-03-29T22:35:00,2011-03-29T22:53:00,Purchasing Agent,Send Request for Quotation to Supplier,Karel de Groot
611,2011-03-30T02:36:00,2011-03-30T08:41:00,Purchasing Agent,Create Quotation comparison Map,Magdalena Predutta
611,2011-03-30T15:38:00,2011-03-30T16:08:00,Requester,Analyze Quotation comparison Map,Fjodor Kowalski
611,2011-03-30T16:08:00,2011-03-30T16:08:00,Requester,Choose best option,Elvira Lores
611,2011-03-30T21:28:00,2011-03-31T07:26:00,Purchasing Agent,Settle conditions with supplier,Francois de Perrier
611,2011-03-31T11:46:00,2011-03-31T11:54:00,Purchasing Agent,Create Purchase Order,Magdalena Predutta
611,2011-05-04T05:24:00,2011-05-04T05:25:00,Requester,Release Purchase Order,Tesca Lobes
611,2011-06-04T04:23:00,2011-06-04T04:24:00,Purchasing Agent,Approve Purchase Order for payment,Karel de Groot
611,2011-06-04T14:15:00,2011-06-04T14:15:00,Supplier,Send invoice,Sean Manney
611,2011-07-04T04:37:00,2011-07-04T04:41:00,Financial Manager,Release Supplier's Invoice,Pedro Alvares
611,2011-07-04T04:41:00,2011-07-04T04:41:00,Financial Manager,Authorize Supplier's Invoice payment,Pedro Alvares
611,2011-07-04T05:24:00,2011-07-04T05:28:00,Financial Manager,Pay invoice,Karalda Nimwada
612,2011-03-27T21:04:00,2011-03-27T22:01:00,Requester,Create Purchase Requisition,Esmana Liubiata
612,2011-03-28T10:58:00,2011-03-28T11:04:00,Requester Manager,Analyze Purchase Requisition,Maris Freeman
612,2011-03-28T11:10:00,2011-03-28T11:12:00,Requester Manager,Create Request for Quotation Requester Manager,Francis Odell
612,2011-03-28T13:34:00,2011-03-28T13:51:00,Purchasing Agent,Analyze Request for Quotation,Francois de Perrier
612,2011-03-28T14:38:00,2011-03-28T14:51:00,Requester Manager,Amend Request for Quotation Requester,Christian Francois
612,2011-03-29T17:50:00,2011-03-29T17:56:00,Purchasing Agent,Analyze Request for Quotation,Magdalena Predutta
612,2011-03-29T18:54:00,2011-03-29T19:06:00,Requester Manager,Amend Request for Quotation Requester,Nico Ojenbeer
612,2011-04-01T00:00:00,2011-04-01T00:16:00,Purchasing Agent,Analyze Request for Quotation,Francois de Perrier
613,2011-03-28T07:59:00,2011-03-28T08:33:00,Requester,Create Purchase Requisition,Fjodor Kowalski
613,2011-03-29T06:00:00,2011-03-29T06:06:00,Requester Manager,Analyze Purchase Requisition,Maris Freeman
619,2011-02-04T11:46:00,2011-02-04T12:12:00,Purchasing Agent,Send Request for Quotation to Supplier,Karel de Groot
619,2011-03-04T06:28:00,2011-03-04T09:57:00,Purchasing Agent,Create Quotation comparison Map,Francois de Perrier
619,2011-03-04T16:48:00,2011-03-04T17:19:00,Requester,Analyze Quotation comparison Map,Esmana Liubiata
619,2011-03-04T17:19:00,2011-03-04T17:19:00,Requester,Choose best option,Nico Ojenbeer
619,2011-03-29T19:04:00,2011-03-29T19:26:00,Requester,Create Purchase Requisition,Miu Hanwan
619,2011-03-30T01:47:00,2011-03-30T01:58:00,Requester,Create Request for Quotation Requester,Clement Duchot
619,2011-03-31T18:56:00,2011-03-31T19:06:00,Purchasing Agent,Analyze Request for Quotation,Francois de Perrier
619,2011-04-04T01:50:00,2011-04-04T14:22:00,Purchasing Agent,Settle conditions with supplier,Magdalena Predutta
619,2011-04-04T20:21:00,2011-04-04T20:34:00,Purchasing Agent,Create Purchase Order,Magdalena Predutta
619,2011-05-04T04:12:00,2011-05-04T04:47:00,Supplier,Confirm Purchase Order,Karen Clarens
619,2011-07-04T14:32:00,2011-09-04T11:19:00,Supplier,Deliver Goods Services,Carmen Finacse
619,2011-09-04T19:20:00,2011-09-04T19:21:00,Requester,Release Purchase Order,Tesca Lobes
619,2011-10-04T06:51:00,2011-10-04T06:52:00,Purchasing Agent,Approve Purchase Order for payment,Magdalena Predutta
619,2011-11-04T21:40:00,2011-11-04T21:40:00,Supplier,Send invoice,Kiu Kan
619,2011-12-04T12:05:00,2011-12-04T12:12:00,Financial Manager,Release Supplier's Invoice,Pedro Alvares
619,2011-12-04T12:14:00,2011-12-04T12:14:00,Financial Manager,Authorize Supplier's Invoice payment,Karalda Nimwada
619,2011-12-04T12:44:00,2011-12-04T12:58:00,Financial Manager,Pay invoice,Karalda Nimwada
620,2011-02-04T09:33:00,2011-02-04T10:01:00,Purchasing Agent,Analyze Request for Quotation,Karel de Groot
620,2011-03-04T00:07:00,2011-03-04T00:25:00,Purchasing Agent,Send Request for Quotation to Supplier,Karel de Groot
620,2011-03-04T04:19:00,2011-03-04T06:53:00,Purchasing Agent,Create Quotation comparison Map,Karel de Groot
620,2011-03-04T13:19:00,2011-03-04T13:34:00,Requester,Analyze Quotation comparison Map,Penn Osterwalder
620,2011-03-04T13:34:00,2011-03-04T13:34:00,Requester,Choose best option,Nico Ojenbeer
620,2011-03-30T14:30:00,2011-03-30T15:26:00,Requester,Create Purchase Requisition,Clement Duchot
620,2011-03-31T10:53:00,2011-03-31T11:01:00,Requester Manager,Analyze Purchase Requisition,Heinz Gutschmidt
620,2011-03-31T11:09:00,2011-03-31T11:12:00,Requester Manager,Create Request for Quotation Requester Manager,Francis Odell
620,2011-04-04T10:13:00,2011-04-04T14:59:00,Purchasing Agent,Settle conditions with supplier,Francois de Perrier
620,2011-04-04T15:19:00,2011-04-04T15:31:00,Purchasing Agent,Create Purchase Order,Francois de Perrier
620,2011-04-04T22:50:00,2011-04-04T22:56:00,Supplier,Confirm Purchase Order,Carmen Finacse
620,2011-05-04T13:14:00,2011-06-04T22:35:00,Supplier,Deliver Goods Services,Esmeralda Clay
620,2011-07-04T06:05:00,2011-07-04T06:06:00,Requester,Release Purchase Order,Fjodor Kowalski
620,2011-08-04T07:15:00,2011-08-04T07:16:00,Purchasing Agent,Approve Purchase Order for payment,Francois de Perrier
620,2011-11-04T12:03:00,2011-11-04T12:03:00,Supplier,Send invoice,Sean Manney
620,2011-12-04T02:10:00,2011-12-04T02:14:00,Financial Manager,Release Supplier's Invoice,Karalda Nimwada
620,2011-12-04T02:14:00,2011-12-04T02:14:00,Financial Manager,Authorize Supplier's Invoice payment,Karalda Nimwada
620,2011-12-04T02:47:00,2011-12-04T02:53:00,Financial Manager,Pay invoice,Pedro Alvares
622,2011-03-30T21:52:00,2011-03-30T22:42:00,Requester,Create Purchase Requisition,Fjodor Kowalski
622,2011-03-31T18:36:00,2011-03-31T18:44:00,Requester Manager,Analyze Purchase Requisition,Maris Freeman
635,2011-01-04T22:16:00,2011-01-04T22:25:00,Requester,Create Purchase Requisition,Tesca Lobes
635,2011-02-04T08:23:00,2011-02-04T08:27:00,Requester Manager,Analyze Purchase Requisition,Heinz Gutschmidt
635,2011-02-04T08:31:00,2011-02-04T08:33:00,Requester Manager,Create Request for Quotation Requester Manager,Heinz Gutschmidt
635,2011-06-18T13:06:00,2011-06-18T13:44:00,Purchasing Agent,Analyze Request for Quotation,Francois de Perrier
635,2011-06-19T10:42:00,2011-06-19T11:09:00,Purchasing Agent,Send Request for Quotation to Supplier,Karel de Groot
635,2011-06-19T12:45:00,2011-06-19T13:38:00,Purchasing Agent,Create Quotation comparison Map,Francois de Perrier
635,2011-06-19T20:36:00,2011-06-19T20:54:00,Requester,Analyze Quotation comparison Map,Elvira Lores
635,2011-06-19T20:54:00,2011-06-19T20:54:00,Requester,Choose best option,Kim Passa
635,2011-06-19T23:46:00,2011-06-20T09:57:00,Purchasing Agent,Settle conditions with supplier,Karel de Groot
635,2011-06-20T21:10:00,2011-06-20T21:19:00,Purchasing Agent,Create Purchase Order,Francois de Perrier
635,2011-07-07T04:42:00,2011-07-07T04:47:00,Supplier,Confirm Purchase Order,Karen Clarens
635,2011-07-13T09:10:00,2011-07-13T09:10:00,Supplier,Deliver Goods Services,Esmeralda Clay
635,2011-07-13T16:14:00,2011-07-13T16:15:00,Requester,Release Purchase Order,Esmana Liubiata
635,2011-07-14T08:37:00,2011-07-14T08:38:00,Purchasing Agent,Approve Purchase Order for payment,Karel de Groot
635,2011-07-16T19:09:00,2011-07-16T19:09:00,Supplier,Send invoice,Karen Clarens
635,2011-07-17T09:29:00,2011-07-17T09:35:00,Financial Manager,Release Supplier's Invoice,Pedro Alvares
635,2011-07-17T09:35:00,2011-07-17T09:35:00,Financial Manager,Authorize Supplier's Invoice payment,Pedro Alvares
635,2011-07-17T10:39:00,2011-07-17T10:46:00,Financial Manager,Pay invoice,Karalda Nimwada
635,2011-11-04T07:50:00,2011-11-04T08:22:00,Purchasing Agent,Analyze Request for Quotation,Francois de Perrier
635,2011-11-04T09:14:00,2011-11-04T09:27:00,Requester Manager,Amend Request for Quotation Requester,Esmana Liubiata
635,2011-11-04T15:00:00,2011-11-04T15:19:00,Purchasing Agent,Analyze Request for Quotation,Francois de Perrier
635,2011-11-04T16:15:00,2011-11-04T16:26:00,Requester Manager,Amend Request for Quotation Requester,Penn Osterwalder
635,2011-11-05T14:41:00,2011-11-05T15:05:00,Purchasing Agent,Analyze Request for Quotation,Francois de Perrier
635,2011-11-05T15:52:00,2011-11-05T16:02:00,Requester Manager,Amend Request for Quotation Requester,Miu Hanwan
635,2011-11-07T08:49:00,2011-11-07T08:49:00,Supplier,Deliver Goods Services,Esmeralda Clay
637,2011-02-04T13:24:00,2011-02-04T13:40:00,Requester,Create Purchase Requisition,Clement Duchot
637,2011-03-04T01:12:00,2011-03-04T01:17:00,Requester Manager,Analyze Purchase Requisition,Heinz Gutschmidt
637,2011-03-04T01:22:00,2011-03-04T01:24:00,Requester Manager,Create Request for Quotation Requester Manager,Maris Freeman
637,2011-03-05T22:55:00,2011-03-05T23:16:00,Purchasing Agent,Analyze Request for Quotation,Karel de Groot
637,2011-04-05T01:08:00,2011-04-05T01:20:00,Requester Manager,Amend Request for Quotation Requester,Alberto Duport
637,2011-04-05T16:00:00,2011-04-05T16:15:00,Purchasing Agent,Analyze Request for Quotation,Magdalena Predutta
637,2011-04-17T00:13:00,2011-04-17T00:33:00,Purchasing Agent,Analyze Request for Quotation,Magdalena Predutta
637,2011-04-17T01:27:00,2011-04-17T01:34:00,Requester Manager,Amend Request for Quotation Requester,Anne Olwada
637,2011-04-21T21:50:00,2011-04-21T22:18:00,Purchasing Agent,Analyze Request for Quotation,Karel de Groot
637,2011-04-21T23:12:00,2011-04-21T23:18:00,Requester Manager,Amend Request for Quotation Requester,Penn Osterwalder
637,2011-05-04T06:34:00,2011-05-04T07:04:00,Purchasing Agent,Analyze Request for Quotation,Francois de Perrier
637,2011-05-04T07:55:00,2011-05-04T08:01:00,Requester Manager,Amend Request for Quotation Requester,Immanuel Karagianni
637,2011-05-05T07:58:00,2011-05-05T08:25:00,Requester Manager,Amend Request for Quotation Requester Manager,Heinz Gutschmidt
637,2011-05-17T16:29:00,2011-05-17T17:00:00,Purchasing Agent,Analyze Request for Quotation,Magdalena Predutta
637,2011-05-18T08:56:00,2011-05-18T09:23:00,Requester Manager,Amend Request for Quotation Requester Manager,Maris Freeman
637,2011-05-21T18:46:00,2011-05-21T19:06:00,Purchasing Agent,Analyze Request for Quotation,Karel de Groot
637,2011-05-21T20:03:00,2011-05-21T20:17:00,Requester Manager,Amend Request for Quotation Requester,Esmana Liubiata
637,2011-06-18T15:16:00,2011-06-18T15:46:00,Purchasing Agent,Analyze Request for Quotation,Karel de Groot
637,2011-06-18T20:16:00,2011-06-18T20:46:00,Purchasing Agent,Send Request for Quotation to Supplier,Karel de Groot
637,2011-06-19T05:19:00,2011-06-19T10:42:00,Purchasing Agent,Create Quotation comparison Map,Karel de Groot
637,2011-06-19T18:04:00,2011-06-19T18:24:00,Requester,Analyze Quotation comparison Map,Christian Francois
637,2011-06-19T18:24:00,2011-06-19T18:24:00,Requester,Choose best option,Immanuel Karagianni
637,2011-06-20T07:55:00,2011-06-20T12:57:00,Purchasing Agent,Settle conditions with supplier,Magdalena Predutta
637,2011-06-20T21:58:00,2011-06-20T22:08:00,Purchasing Agent,Create Purchase Order,Karel de Groot
637,2011-06-22T09:29:00,2011-06-22T09:34:00,Supplier,Confirm Purchase Order,Sean Manney
637,2011-06-24T10:10:00,2011-06-26T01:07:00,Supplier,Deliver Goods Services,Esmeralda Clay
637,2011-06-26T08:49:00,2011-06-26T08:50:00,Requester,Release Purchase Order,Elvira Lores
637,2011-06-26T15:31:00,2011-06-26T15:32:00,Purchasing Agent,Approve Purchase Order for payment,Karel de Groot
637,2011-06-27T04:36:00,2011-06-27T04:36:00,Supplier,Send invoice,Kiu Kan
637,2011-06-27T19:08:00,2011-06-27T19:15:00,Financial Manager,Release Supplier's Invoice,Pedro Alvares
637,2011-06-27T20:09:00,2011-06-27T20:33:00,Financial Manager,Settle dispute with supplier Financial Manager,Pedro Alvares
637,2011-06-27T20:33:00,2011-06-27T20:33:00,Financial Manager,Authorize Supplier's Invoice payment,Karalda Nimwada
637,2011-06-27T20:48:00,2011-06-27T20:53:00,Financial Manager,Pay invoice,Pedro Alvares
637,2011-09-05T05:04:00,2011-09-05T05:28:00,Purchasing Agent,Analyze Request for Quotation,Francois de Perrier
637,2011-09-05T06:19:00,2011-09-05T06:30:00,Requester Manager,Amend Request for Quotation Requester,Penn Osterwalder
64,2011-01-14T08:05:00,2011-01-14T08:23:00,Purchasing Agent,Send Request for Quotation to Supplier,Magdalena Predutta
64,2011-01-14T13:19:00,2011-01-14T17:43:00,Purchasing Agent,Create Quotation comparison Map,Karel de Groot
64,2011-01-15T00:14:00,2011-01-15T00:23:00,Requester,Analyze Quotation comparison Map,Nico Ojenbeer
64,2011-01-15T00:23:00,2011-01-15T00:23:00,Requester,Choose best option,Elvira Lores
64,2011-01-15T17:05:00,2011-01-16T01:41:00,Purchasing Agent,Settle conditions with supplier,Magdalena Predutta
64,2011-01-16T17:48:00,2011-01-16T17:54:00,Purchasing Agent,Create Purchase Order,Francois de Perrier
64,2011-01-18T14:57:00,2011-01-18T15:18:00,Supplier,Confirm Purchase Order,Karen Clarens
64,2011-01-20T20:51:00,2011-01-22T01:36:00,Supplier,Deliver Goods Services,Karen Clarens
64,2011-01-22T08:57:00,2011-01-22T08:58:00,Requester,Release Purchase Order,Immanuel Karagianni
64,2011-01-22T18:57:00,2011-01-22T18:58:00,Purchasing Agent,Approve Purchase Order for payment,Karel de Groot
64,2011-01-23T19:56:00,2011-01-23T19:56:00,Supplier,Send invoice,Karen Clarens
64,2011-01-24T10:23:00,2011-01-24T10:27:00,Financial Manager,Release Supplier's Invoice,Karalda Nimwada
64,2011-01-24T10:27:00,2011-01-24T10:27:00,Financial Manager,Authorize Supplier's Invoice payment,Pedro Alvares
64,2011-01-24T11:17:00,2011-01-24T11:23:00,Financial Manager,Pay invoice,Karalda Nimwada
64,2011-08-01T23:04:00,2011-08-02T00:00:00,Requester,Create Purchase Requisition,Fjodor Kowalski
64,2011-09-01T03:37:00,2011-09-01T03:45:00,Requester,Create Request for Quotation Requester,Penn Osterwalder
64,2011-09-01T20:13:00,2011-09-01T20:21:00,Purchasing Agent,Analyze Request for Quotation,Karel de Groot
64,2011-09-01T21:08:00,2011-09-01T21:16:00,Requester Manager,Amend Request for Quotation Requester,Alberto Duport
64,2011-11-01T20:36:00,2011-11-01T21:03:00,Purchasing Agent,Analyze Request for Quotation,Francois de Perrier
64,2011-11-01T21:45:00,2011-11-01T21:51:00,Requester Manager,Amend Request for Quotation Requester,Kim Passa
64,2011-12-01T04:17:00,2011-12-01T04:51:00,Purchasing Agent,Analyze Request for Quotation,Francois de Perrier
64,2011-12-01T05:33:00,2011-12-01T05:47:00,Requester Manager,Amend Request for Quotation Requester,Alberto Duport
64,2011-12-01T07:27:00,2011-12-01T08:08:00,Purchasing Agent,Analyze Request for Quotation,Magdalena Predutta
642,2011-03-04T12:13:00,2011-03-04T12:59:00,Requester,Create Purchase Requisition,Fjodor Kowalski
642,2011-03-04T20:00:00,2011-03-04T20:09:00,Requester,Create Request for Quotation Requester,Clement Duchot
642,2011-05-04T01:06:00,2011-05-04T01:17:00,Purchasing Agent,Analyze Request for Quotation,Magdalena Predutta
644,2011-03-04T15:56:00,2011-03-04T16:34:00,Requester,Create Purchase Requisition,Kim Passa
644,2011-04-04T09:00:00,2011-04-04T09:05:00,Requester Manager,Analyze Purchase Requisition,Heinz Gutschmidt
644,2011-04-04T09:09:00,2011-04-04T09:10:00,Requester Manager,Create Request for Quotation Requester Manager,Heinz Gutschmidt
644,2011-04-04T22:23:00,2011-04-04T22:45:00,Purchasing Agent,Analyze Request for Quotation,Magdalena Predutta
644,2011-05-04T03:46:00,2011-05-04T04:06:00,Purchasing Agent,Send Request for Quotation to Supplier,Karel de Groot
644,2011-05-04T04:41:00,2011-05-04T09:29:00,Purchasing Agent,Create Quotation comparison Map,Karel de Groot
644,2011-05-04T16:14:00,2011-05-04T16:21:00,Requester,Analyze Quotation comparison Map,Tesca Lobes
644,2011-05-04T16:21:00,2011-05-04T16:21:00,Requester,Choose best option,Penn Osterwalder
644,2011-07-04T13:00:00,2011-07-04T23:25:00,Purchasing Agent,Settle conditions with supplier,Magdalena Predutta
644,2011-08-04T07:16:00,2011-08-04T07:27:00,Purchasing Agent,Create Purchase Order,Francois de Perrier
644,2011-08-04T13:34:00,2011-08-04T13:59:00,Supplier,Confirm Purchase Order,Karen Clarens
644,2011-09-04T09:27:00,2011-09-04T18:24:00,Supplier,Deliver Goods Services,Kiu Kan
644,2011-10-04T02:13:00,2011-10-04T02:14:00,Requester,Release Purchase Order,Penn Osterwalder
644,2011-10-04T09:59:00,2011-10-04T10:00:00,Purchasing Agent,Approve Purchase Order for payment,Karel de Groot
644,2011-11-04T21:40:00,2011-11-04T21:40:00,Supplier,Send invoice,Kiu Kan
644,2011-12-04T12:02:00,2011-12-04T12:05:00,Financial Manager,Release Supplier's Invoice,Pedro Alvares
644,2011-12-04T12:36:00,2011-12-04T12:59:00,Financial Manager,Settle dispute with supplier Financial Manager,Pedro Alvares
644,2011-12-04T12:59:00,2011-12-04T12:59:00,Financial Manager,Authorize Supplier's Invoice payment,Pedro Alvares
644,2011-12-04T13:21:00,2011-12-04T13:32:00,Financial Manager,Pay invoice,Pedro Alvares
65,2011-01-13T06:43:00,2011-01-13T07:08:00,Purchasing Agent,Send Request for Quotation to Supplier,Magdalena Predutta
65,2011-01-14T11:00:00,2011-01-14T13:37:00,Purchasing Agent,Create Quotation comparison Map,Magdalena Predutta
65,2011-01-14T19:58:00,2011-01-14T20:29:00,Requester,Analyze Quotation comparison Map,Nico Ojenbeer
65,2011-01-14T20:29:00,2011-01-14T20:29:00,Requester,Choose best option,Tesca Lobes
65,2011-01-15T01:20:00,2011-01-15T07:48:00,Purchasing Agent,Settle conditions with supplier,Francois de Perrier
65,2011-01-15T16:55:00,2011-01-15T17:03:00,Purchasing Agent,Create Purchase Order,Francois de Perrier
65,2011-01-16T19:14:00,2011-01-16T19:31:00,Supplier,Confirm Purchase Order,Karen Clarens
65,2011-01-17T05:08:00,2011-01-18T10:10:00,Supplier,Deliver Goods Services,Kiu Kan
65,2011-01-18T18:00:00,2011-01-18T18:01:00,Requester,Release Purchase Order,Esmana Liubiata
65,2011-01-18T20:36:00,2011-01-18T20:37:00,Purchasing Agent,Approve Purchase Order for payment,Karel de Groot
65,2011-01-19T10:15:00,2011-01-19T10:15:00,Supplier,Send invoice,Esmeralda Clay
65,2011-01-20T00:42:00,2011-01-20T00:46:00,Financial Manager,Release Supplier's Invoice,Karalda Nimwada
65,2011-01-20T01:40:00,2011-01-20T01:54:00,Financial Manager,Settle dispute with supplier Financial Manager,Pedro Alvares
65,2011-01-20T01:54:00,2011-01-20T01:54:00,Financial Manager,Authorize Supplier's Invoice payment,Pedro Alvares
65,2011-01-20T02:33:00,2011-01-20T02:37:00,Financial Manager,Pay invoice,Pedro Alvares
65,2011-09-01T03:43:00,2011-09-01T03:55:00,Requester,Create Purchase Requisition,Nico Ojenbeer
65,2011-09-01T22:46:00,2011-09-01T22:52:00,Requester Manager,Analyze Purchase Requisition,Heinz Gutschmidt
65,2011-09-01T22:56:00,2011-09-01T22:58:00,Requester Manager,Create Request for Quotation Requester Manager,Francis Odell
65,2011-10-01T04:52:00,2011-10-01T05:22:00,Purchasing Agent,Analyze Request for Quotation,Francois de Perrier
65,2011-10-01T06:08:00,2011-10-01T06:15:00,Requester Manager,Amend Request for Quotation Requester,Esmana Liubiata
65,2011-12-01T03:14:00,2011-12-01T03:49:00,Purchasing Agent,Analyze Request for Quotation,Karel de Groot
65,2011-12-01T04:30:00,2011-12-01T04:35:00,Requester Manager,Amend Request for Quotation Requester,Miu Hanwan
65,2011-12-01T06:46:00,2011-12-01T07:05:00,Purchasing Agent,Analyze Request for Quotation,Francois de Perrier
65,2011-12-01T07:55:00,2011-12-01T08:03:00,Requester Manager,Amend Request for Quotation Requester,Miu Hanwan
65,2011-12-01T10:23:00,2011-12-01T10:48:00,Purchasing Agent,Analyze Request for Quotation,Magdalena Predutta
65,2011-12-01T11:34:00,2011-12-01T11:44:00,Requester Manager,Amend Request for Quotation Requester,Immanuel Karagianni
65,2011-12-01T20:58:00,2011-12-01T21:28:00,Purchasing Agent,Analyze Request for Quotation,Karel de Groot
650,2011-04-04T10:14:00,2011-04-04T10:31:00,Requester,Create Purchase Requisition,Tesca Lobes
650,2011-04-04T23:26:00,2011-04-04T23:30:00,Requester Manager,Analyze Purchase Requisition,Maris Freeman
651,2011-04-04T12:26:00,2011-04-04T12:39:00,Requester,Create Purchase Requisition,Clement Duchot
651,2011-04-04T22:32:00,2011-04-04T22:38:00,Requester Manager,Analyze Purchase Requisition,Francis Odell
651,2011-04-04T22:45:00,2011-04-04T22:47:00,Requester Manager,Create Request for Quotation Requester Manager,Heinz Gutschmidt
651,2011-04-15T18:04:00,2011-04-15T18:18:00,Purchasing Agent,Analyze Request for Quotation,Karel de Groot
651,2011-04-15T19:17:00,2011-04-15T19:31:00,Requester Manager,Amend Request for Quotation Requester,Kim Passa
651,2011-05-04T01:40:00,2011-05-04T01:51:00,Purchasing Agent,Analyze Request for Quotation,Francois de Perrier
651,2011-05-04T02:43:00,2011-05-04T02:52:00,Requester Manager,Amend Request for Quotation Requester,Fjodor Kowalski
651,2011-05-13T05:17:00,2011-05-13T05:55:00,Purchasing Agent,Analyze Request for Quotation,Francois de Perrier
651,2011-05-13T06:44:00,2011-05-13T06:59:00,Requester Manager,Amend Request for Quotation Requester,Miu Hanwan
651,2011-05-15T23:53:00,2011-05-16T00:23:00,Purchasing Agent,Analyze Request for Quotation,Magdalena Predutta
651,2011-05-16T01:13:00,2011-05-16T01:20:00,Requester Manager,Amend Request for Quotation Requester,Alberto Duport
651,2011-06-17T12:30:00,2011-06-17T13:10:00,Purchasing Agent,Analyze Request for Quotation,Magdalena Predutta
651,2011-09-06T19:30:00,2011-09-06T19:50:00,Purchasing Agent,Analyze Request for Quotation,Francois de Perrier
651,2011-09-06T20:40:00,2011-09-06T20:54:00,Requester Manager,Amend Request for Quotation Requester,Anne Olwada
655,2011-04-04T21:49:00,2011-04-04T22:38:00,Requester,Create Purchase Requisition,Esmana Liubiata
655,2011-04-05T15:28:00,2011-04-05T16:00:00,Purchasing Agent,Analyze Request for Quotation,Magdalena Predutta
655,2011-04-05T16:47:00,2011-04-05T16:56:00,Requester Manager,Amend Request for Quotation Requester,Miu Hanwan
655,2011-05-04T09:15:00,2011-05-04T09:21:00,Requester Manager,Analyze Purchase Requisition,Maris Freeman
655,2011-05-04T09:25:00,2011-05-04T09:28:00,Requester Manager,Create Request for Quotation Requester Manager,Maris Freeman
655,2011-06-16T23:57:00,2011-06-17T00:22:00,Purchasing Agent,Analyze Request for Quotation,Francois de Perrier
655,2011-06-17T19:03:00,2011-06-17T19:21:00,Purchasing Agent,Send Request for Quotation to Supplier,Karel de Groot
655,2011-06-17T19:57:00,2011-06-18T01:07:00,Purchasing Agent,Create Quotation comparison Map,Francois de Perrier
655,2011-06-18T07:46:00,2011-06-18T07:55:00,Requester,Analyze Quotation comparison Map,Miu Hanwan
655,2011-06-18T07:55:00,2011-06-18T07:55:00,Requester,Choose best option,Tesca Lobes
655,2011-06-18T13:59:00,2011-06-18T19:29:00,Purchasing Agent,Settle conditions with supplier,Francois de Perrier
655,2011-06-18T21:42:00,2011-06-18T21:55:00,Purchasing Agent,Create Purchase Order,Karel de Groot
655,2011-07-13T12:56:00,2011-07-13T12:56:00,Supplier,Deliver Goods Services,Carmen Finacse
655,2011-07-13T20:50:00,2011-07-13T20:51:00,Requester,Release Purchase Order,Elvira Lores
655,2011-07-15T01:58:00,2011-07-15T01:59:00,Purchasing Agent,Approve Purchase Order for payment,Francois de Perrier
655,2011-07-21T14:47:00,2011-07-21T14:47:00,Supplier,Send invoice,Karen Clarens
655,2011-07-22T04:56:00,2011-07-22T05:02:00,Financial Manager,Release Supplier's Invoice,Karalda Nimwada
655,2011-07-22T05:02:00,2011-07-22T05:02:00,Financial Manager,Authorize Supplier's Invoice payment,Karalda Nimwada
655,2011-07-22T05:15:00,2011-07-22T05:21:00,Financial Manager,Pay invoice,Karalda Nimwada
655,2011-08-07T17:45:00,2011-08-07T18:06:00,Supplier,Confirm Purchase Order,Esmeralda Clay
655,2011-09-06T12:17:00,2011-09-06T12:22:00,Purchasing Agent,Analyze Request for Quotation,Francois de Perrier
655,2011-09-06T13:12:00,2011-09-06T13:18:00,Requester Manager,Amend Request for Quotation Requester,Elvira Lores
655,2011-11-04T03:15:00,2011-11-04T03:46:00,Purchasing Agent,Analyze Request for Quotation,Francois de Perrier
655,2011-11-04T04:41:00,2011-11-04T04:55:00,Requester Manager,Amend Request for Quotation Requester,Anna Kaufmann
655,2011-11-04T09:56:00,2011-11-04T10:17:00,Purchasing Agent,Analyze Request for Quotation,Karel de Groot
655,2011-11-04T11:14:00,2011-11-04T11:23:00,Requester Manager,Amend Request for Quotation Requester,Nico Ojenbeer
655,2011-12-07T08:39:00,2011-12-07T08:39:00,Supplier,Deliver Goods Services,Carmen Finacse
656,2011-04-04T23:05:00,2011-04-04T23:47:00,Requester,Create Purchase Requisition,Christian Francois
656,2011-04-14T06:50:00,2011-04-14T20:51:00,Supplier,Deliver Goods Services,Esmeralda Clay
656,2011-04-15T04:50:00,2011-04-15T04:51:00,Requester,Release Purchase Order,Clement Duchot
656,2011-04-15T13:46:00,2011-04-15T13:47:00,Purchasing Agent,Approve Purchase Order for payment,Francois de Perrier
656,2011-04-18T08:45:00,2011-04-18T08:45:00,Supplier,Send invoice,Sean Manney
656,2011-04-18T23:10:00,2011-04-18T23:13:00,Financial Manager,Release Supplier's Invoice,Pedro Alvares
656,2011-04-18T23:15:00,2011-04-18T23:15:00,Financial Manager,Authorize Supplier's Invoice payment,Pedro Alvares
656,2011-04-18T23:36:00,2011-04-18T23:44:00,Financial Manager,Pay invoice,Karalda Nimwada
656,2011-05-04T10:22:00,2011-05-04T10:27:00,Requester Manager,Analyze Purchase Requisition,Maris Freeman
656,2011-05-04T10:35:00,2011-05-04T10:38:00,Requester Manager,Create Request for Quotation Requester Manager,Heinz Gutschmidt
656,2011-05-04T23:01:00,2011-05-04T23:41:00,Purchasing Agent,Analyze Request for Quotation,Magdalena Predutta
656,2011-05-05T00:27:00,2011-05-05T00:40:00,Requester Manager,Amend Request for Quotation Requester,Nico Ojenbeer
656,2011-07-04T08:59:00,2011-07-04T09:24:00,Purchasing Agent,Analyze Request for Quotation,Karel de Groot
656,2011-08-04T02:04:00,2011-08-04T02:23:00,Purchasing Agent,Send Request for Quotation to Supplier,Magdalena Predutta
656,2011-08-04T06:30:00,2011-08-04T09:03:00,Purchasing Agent,Create Quotation comparison Map,Magdalena Predutta
656,2011-08-04T15:24:00,2011-08-04T15:43:00,Requester,Analyze Quotation comparison Map,Nico Ojenbeer
656,2011-08-04T15:43:00,2011-08-04T15:43:00,Requester,Choose best option,Miu Hanwan
656,2011-10-04T18:11:00,2011-11-04T00:55:00,Purchasing Agent,Settle conditions with supplier,Karel de Groot
656,2011-11-04T02:58:00,2011-11-04T03:06:00,Purchasing Agent,Create Purchase Order,Francois de Perrier
656,2011-11-04T21:34:00,2011-11-04T21:40:00,Supplier,Confirm Purchase Order,Kiu Kan
660,2011-04-13T06:57:00,2011-04-13T13:04:00,Purchasing Agent,Settle conditions with supplier,Karel de Groot
660,2011-04-14T00:30:00,2011-04-14T00:40:00,Purchasing Agent,Create Purchase Order,Francois de Perrier
660,2011-04-14T07:28:00,2011-04-14T07:39:00,Supplier,Confirm Purchase Order,Karen Clarens
660,2011-04-14T15:05:00,2011-04-16T03:26:00,Supplier,Deliver Goods Services,Karen Clarens
660,2011-04-16T10:48:00,2011-04-16T10:49:00,Requester,Release Purchase Order,Miu Hanwan
660,2011-04-16T23:02:00,2011-04-16T23:03:00,Purchasing Agent,Approve Purchase Order for payment,Karel de Groot
660,2011-04-18T08:08:00,2011-04-18T08:08:00,Supplier,Send invoice,Kiu Kan
660,2011-04-18T22:32:00,2011-04-18T22:36:00,Financial Manager,Release Supplier's Invoice,Karalda Nimwada
660,2011-04-18T22:45:00,2011-04-18T22:45:00,Financial Manager,Authorize Supplier's Invoice payment,Karalda Nimwada
660,2011-04-18T22:59:00,2011-04-18T23:11:00,Financial Manager,Pay invoice,Karalda Nimwada
660,2011-05-04T07:07:00,2011-05-04T07:23:00,Requester,Create Purchase Requisition,Kim Passa
660,2011-05-04T22:41:00,2011-05-04T22:48:00,Requester Manager,Analyze Purchase Requisition,Francis Odell
660,2011-05-04T22:53:00,2011-05-04T22:55:00,Requester Manager,Create Request for Quotation Requester Manager,Maris Freeman
660,2011-10-05T00:32:00,2011-10-05T00:44:00,Purchasing Agent,Analyze Request for Quotation,Francois de Perrier
660,2011-11-04T10:38:00,2011-11-04T11:09:00,Purchasing Agent,Send Request for Quotation to Supplier,Magdalena Predutta
660,2011-11-04T11:34:00,2011-11-04T13:09:00,Purchasing Agent,Create Quotation comparison Map,Francois de Perrier
660,2011-11-04T19:50:00,2011-11-04T20:22:00,Requester,Analyze Quotation comparison Map,Esmana Liubiata
660,2011-11-04T20:22:00,2011-11-04T20:22:00,Requester,Choose best option,Anne Olwada
665,2011-04-14T01:12:00,2011-04-14T01:48:00,Purchasing Agent,Analyze Request for Quotation,Magdalena Predutta
665,2011-04-15T05:02:00,2011-04-15T05:19:00,Purchasing Agent,Send Request for Quotation to Supplier,Magdalena Predutta
665,2011-04-15T10:07:00,2011-04-15T15:50:00,Purchasing Agent,Create Quotation comparison Map,Magdalena Predutta
665,2011-04-15T23:10:00,2011-04-15T23:31:00,Requester,Analyze Quotation comparison Map,Alberto Duport
665,2011-04-15T23:31:00,2011-04-15T23:31:00,Requester,Choose best option,Clement Duchot
665,2011-04-16T04:28:00,2011-04-16T17:30:00,Purchasing Agent,Settle conditions with supplier,Francois de Perrier
665,2011-04-17T01:36:00,2011-04-17T01:42:00,Purchasing Agent,Create Purchase Order,Magdalena Predutta
665,2011-04-18T07:02:00,2011-04-18T07:24:00,Supplier,Confirm Purchase Order,Sean Manney
665,2011-04-19T03:51:00,2011-04-19T07:52:00,Supplier,Deliver Goods Services,Kiu Kan
665,2011-04-19T15:24:00,2011-04-19T15:25:00,Requester,Release Purchase Order,Tesca Lobes
665,2011-04-21T01:58:00,2011-04-21T01:59:00,Purchasing Agent,Approve Purchase Order for payment,Karel de Groot
665,2011-04-21T13:40:00,2011-04-21T13:40:00,Supplier,Send invoice,Esmeralda Clay
665,2011-04-22T04:06:00,2011-04-22T04:10:00,Financial Manager,Release Supplier's Invoice,Karalda Nimwada
665,2011-04-22T04:10:00,2011-04-22T04:10:00,Financial Manager,Authorize Supplier's Invoice payment,Pedro Alvares
665,2011-04-22T05:01:00,2011-04-22T05:12:00,Financial Manager,Pay invoice,Karalda Nimwada
665,2011-06-04T02:28:00,2011-06-04T03:01:00,Requester,Create Purchase Requisition,Clement Duchot
665,2011-06-04T14:15:00,2011-06-04T14:19:00,Requester Manager,Analyze Purchase Requisition,Heinz Gutschmidt
665,2011-06-04T14:27:00,2011-06-04T14:30:00,Requester Manager,Create Request for Quotation Requester Manager,Heinz Gutschmidt
67,2011-01-13T07:47:00,2011-01-13T14:36:00,Purchasing Agent,Settle conditions with supplier,Francois de Perrier
67,2011-01-14T00:01:00,2011-01-14T00:08:00,Purchasing Agent,Create Purchase Order,Karel de Groot
67,2011-01-14T04:25:00,2011-01-14T04:34:00,Supplier,Confirm Purchase Order,Esmeralda Clay
67,2011-01-14T22:51:00,2011-01-16T19:33:00,Supplier,Deliver Goods Services,Sean Manney
67,2011-01-17T02:58:00,2011-01-17T02:59:00,Requester,Release Purchase Order,Penn Osterwalder
67,2011-01-17T13:39:00,2011-01-17T13:40:00,Purchasing Agent,Approve Purchase Order for payment,Karel de Groot
67,2011-01-18T23:05:00,2011-01-18T23:05:00,Supplier,Send invoice,Sean Manney
67,2011-01-19T13:18:00,2011-01-19T13:23:00,Financial Manager,Release Supplier's Invoice,Pedro Alvares
67,2011-01-19T13:23:00,2011-01-19T13:23:00,Financial Manager,Authorize Supplier's Invoice payment,Karalda Nimwada
67,2011-01-19T13:52:00,2011-01-19T13:58:00,Financial Manager,Pay invoice,Karalda Nimwada
67,2011-09-01T07:20:00,2011-09-01T07:54:00,Requester,Create Purchase Requisition,Alberto Duport
67,2011-09-01T20:46:00,2011-09-01T20:54:00,Requester Manager,Analyze Purchase Requisition,Heinz Gutschmidt
67,2011-09-01T21:00:00,2011-09-01T21:01:00,Requester Manager,Create Request for Quotation Requester Manager,Maris Freeman
67,2011-11-01T00:53:00,2011-11-01T00:59:00,Purchasing Agent,Analyze Request for Quotation,Magdalena Predutta
67,2011-11-01T01:40:00,2011-11-01T01:50:00,Requester Manager,Amend Request for Quotation Requester,Esmana Liubiata
67,2011-12-01T01:52:00,2011-12-01T02:11:00,Purchasing Agent,Analyze Request for Quotation,Magdalena Predutta
67,2011-12-01T02:51:00,2011-12-01T03:00:00,Requester Manager,Amend Request for Quotation Requester,Fjodor Kowalski
67,2011-12-01T04:10:00,2011-12-01T04:16:00,Purchasing Agent,Analyze Request for Quotation,Magdalena Predutta
67,2011-12-01T05:12:00,2011-12-01T05:26:00,Requester Manager,Amend Request for Quotation Requester,Elvira Lores
67,2011-12-01T06:54:00,2011-12-01T07:27:00,Purchasing Agent,Analyze Request for Quotation,Magdalena Predutta
67,2011-12-01T09:50:00,2011-12-01T10:09:00,Purchasing Agent,Send Request for Quotation to Supplier,Magdalena Predutta
67,2011-12-01T10:48:00,2011-12-01T12:04:00,Purchasing Agent,Create Quotation comparison Map,Magdalena Predutta
67,2011-12-01T18:18:00,2011-12-01T18:45:00,Requester,Analyze Quotation comparison Map,Fjodor Kowalski
67,2011-12-01T18:45:00,2011-12-01T18:45:00,Requester,Choose best option,Anne Olwada
672,2011-04-13T06:10:00,2011-04-13T06:41:00,Requester,Analyze Quotation comparison Map,Anna Kaufmann
672,2011-04-13T06:41:00,2011-04-13T06:41:00,Requester,Choose best option,Clement Duchot
672,2011-04-13T09:09:00,2011-04-13T16:39:00,Purchasing Agent,Settle conditions with supplier,Magdalena Predutta
672,2011-04-13T19:23:00,2011-04-13T19:29:00,Purchasing Agent,Create Purchase Order,Karel de Groot
672,2011-04-14T07:13:00,2011-04-14T07:28:00,Supplier,Confirm Purchase Order,Karen Clarens
672,2011-04-14T21:39:00,2011-04-16T06:34:00,Supplier,Deliver Goods Services,Carmen Finacse
672,2011-04-16T14:03:00,2011-04-16T14:04:00,Requester,Release Purchase Order,Christian Francois
672,2011-04-17T00:05:00,2011-04-17T00:06:00,Purchasing Agent,Approve Purchase Order for payment,Magdalena Predutta
672,2011-04-18T08:45:00,2011-04-18T08:45:00,Supplier,Send invoice,Sean Manney
672,2011-04-18T23:17:00,2011-04-18T23:19:00,Financial Manager,Release Supplier's Invoice,Pedro Alvares
672,2011-04-18T23:25:00,2011-04-18T23:25:00,Financial Manager,Authorize Supplier's Invoice payment,Karalda Nimwada
672,2011-04-19T00:45:00,2011-04-19T00:56:00,Financial Manager,Pay invoice,Pedro Alvares
672,2011-07-04T07:11:00,2011-07-04T07:48:00,Requester,Create Purchase Requisition,Christian Francois
672,2011-07-04T19:50:00,2011-07-04T19:54:00,Requester Manager,Analyze Purchase Requisition,Francis Odell
672,2011-07-04T20:01:00,2011-07-04T20:04:00,Requester Manager,Create Request for Quotation Requester Manager,Maris Freeman
672,2011-11-04T10:49:00,2011-11-04T11:03:00,Purchasing Agent,Analyze Request for Quotation,Francois de Perrier
672,2011-12-04T11:21:00,2011-12-04T11:41:00,Purchasing Agent,Send Request for Quotation to Supplier,Karel de Groot
672,2011-12-04T18:29:00,2011-12-04T22:23:00,Purchasing Agent,Create Quotation comparison Map,Francois de Perrier
68,2011-01-13T03:09:00,2011-01-13T03:42:00,Requester,Analyze Quotation comparison Map,Penn Osterwalder
68,2011-01-13T03:42:00,2011-01-13T03:42:00,Requester,Choose best option,Alberto Duport
68,2011-01-13T07:53:00,2011-01-13T22:17:00,Purchasing Agent,Settle conditions with supplier,Karel de Groot
68,2011-01-14T08:33:00,2011-01-14T08:41:00,Purchasing Agent,Create Purchase Order,Magdalena Predutta
68,2011-01-16T05:33:00,2011-01-16T05:43:00,Supplier,Confirm Purchase Order,Karen Clarens
68,2011-01-16T19:31:00,2011-01-18T14:57:00,Supplier,Deliver Goods Services,Karen Clarens
68,2011-01-18T22:36:00,2011-01-18T22:37:00,Requester,Release Purchase Order,Clement Duchot
68,2011-01-19T18:31:00,2011-01-19T18:32:00,Purchasing Agent,Approve Purchase Order for payment,Magdalena Predutta
68,2011-01-20T07:17:00,2011-01-20T07:17:00,Supplier,Send invoice,Esmeralda Clay
68,2011-01-20T21:38:00,2011-01-20T21:44:00,Financial Manager,Release Supplier's Invoice,Pedro Alvares
68,2011-01-20T21:44:00,2011-01-20T21:44:00,Financial Manager,Authorize Supplier's Invoice payment,Pedro Alvares
68,2011-01-20T22:14:00,2011-01-20T22:27:00,Financial Manager,Pay invoice,Pedro Alvares
68,2011-09-01T08:15:00,2011-09-01T09:10:00,Requester,Create Purchase Requisition,Nico Ojenbeer
68,2011-10-01T04:30:00,2011-10-01T04:34:00,Requester Manager,Analyze Purchase Requisition,Maris Freeman
68,2011-10-01T04:37:00,2011-10-01T04:38:00,Requester Manager,Create Request for Quotation Requester Manager,Francis Odell
68,2011-12-01T03:33:00,2011-12-01T03:53:00,Purchasing Agent,Analyze Request for Quotation,Magdalena Predutta
68,2011-12-01T13:57:00,2011-12-01T14:27:00,Purchasing Agent,Send Request for Quotation to Supplier,Francois de Perrier
68,2011-12-01T15:52:00,2011-12-01T20:37:00,Purchasing Agent,Create Quotation comparison Map,Karel de Groot
686,2011-04-13T02:27:00,2011-04-13T02:40:00,Purchasing Agent,Create Purchase Order,Francois de Perrier
686,2011-04-15T19:40:00,2011-04-15T20:01:00,Supplier,Confirm Purchase Order,Kiu Kan
686,2011-04-17T17:22:00,2011-04-19T08:50:00,Supplier,Deliver Goods Services,Carmen Finacse
686,2011-04-19T16:40:00,2011-04-19T16:41:00,Requester,Release Purchase Order,Anna Kaufmann
686,2011-04-20T13:42:00,2011-04-20T13:43:00,Purchasing Agent,Approve Purchase Order for payment,Magdalena Predutta
686,2011-04-20T19:32:00,2011-04-20T19:32:00,Supplier,Send invoice,Carmen Finacse
686,2011-04-21T09:44:00,2011-04-21T09:49:00,Financial Manager,Release Supplier's Invoice,Pedro Alvares
686,2011-04-21T09:49:00,2011-04-21T09:49:00,Financial Manager,Authorize Supplier's Invoice payment,Karalda Nimwada
686,2011-04-21T10:35:00,2011-04-21T10:41:00,Financial Manager,Pay invoice,Pedro Alvares
686,2011-09-04T16:25:00,2011-09-04T17:03:00,Requester,Create Purchase Requisition,Kim Passa
686,2011-09-04T19:59:00,2011-09-04T20:05:00,Requester,Create Request for Quotation Requester,Alberto Duport
686,2011-10-04T01:01:00,2011-10-04T01:24:00,Purchasing Agent,Analyze Request for Quotation,Magdalena Predutta
686,2011-11-04T00:55:00,2011-11-04T01:17:00,Purchasing Agent,Send Request for Quotation to Supplier,Karel de Groot
686,2011-11-04T01:29:00,2011-11-04T06:00:00,Purchasing Agent,Create Quotation comparison Map,Karel de Groot
686,2011-11-04T12:21:00,2011-11-04T12:50:00,Requester,Analyze Quotation comparison Map,Tesca Lobes
686,2011-11-04T12:50:00,2011-11-04T12:50:00,Requester,Choose best option,Miu Hanwan
686,2011-11-04T16:06:00,2011-12-04T00:14:00,Purchasing Agent,Settle conditions with supplier,Francois de Perrier
690,2011-04-17T04:55:00,2011-04-17T05:28:00,Purchasing Agent,Analyze Request for Quotation,Francois de Perrier
690,2011-04-17T06:09:00,2011-04-17T06:17:00,Requester Manager,Amend Request for Quotation Requester,Anna Kaufmann
690,2011-06-14T02:21:00,2011-06-14T09:15:00,Purchasing Agent,Settle conditions with supplier,Karel de Groot
690,2011-06-14T11:19:00,2011-06-14T11:25:00,Purchasing Agent,Create Purchase Order,Magdalena Predutta
690,2011-06-15T13:42:00,2011-06-15T14:13:00,Supplier,Confirm Purchase Order,Carmen Finacse
690,2011-06-19T02:43:00,2011-06-19T11:30:00,Supplier,Deliver Goods Services,Kiu Kan
690,2011-06-19T19:05:00,2011-06-19T19:06:00,Requester,Release Purchase Order,Nico Ojenbeer
690,2011-06-20T11:13:00,2011-06-20T20:50:00,Purchasing Agent,Settle dispute with supplier Purchasing Agent,Francois de Perrier
690,2011-06-21T04:28:00,2011-06-21T04:29:00,Requester,Release Purchase Order,Fjodor Kowalski
690,2011-06-21T07:19:00,2011-06-21T17:39:00,Purchasing Agent,Settle dispute with supplier Purchasing Agent,Francois de Perrier
690,2011-06-22T01:34:00,2011-06-22T01:35:00,Requester,Release Purchase Order,Anne Olwada
690,2011-06-22T12:18:00,2011-06-22T12:19:00,Purchasing Agent,Approve Purchase Order for payment,Magdalena Predutta
690,2011-06-24T06:42:00,2011-06-24T06:42:00,Supplier,Send invoice,Sean Manney
690,2011-06-24T20:59:00,2011-06-24T21:04:00,Financial Manager,Release Supplier's Invoice,Karalda Nimwada
690,2011-06-24T21:04:00,2011-06-24T21:04:00,Financial Manager,Authorize Supplier's Invoice payment,Karalda Nimwada
690,2011-06-24T21:55:00,2011-06-24T22:05:00,Financial Manager,Pay invoice,Karalda Nimwada
690,2011-07-05T12:21:00,2011-07-05T12:44:00,Purchasing Agent,Analyze Request for Quotation,Magdalena Predutta
690,2011-07-05T13:36:00,2011-07-05T13:44:00,Requester Manager,Amend Request for Quotation Requester,Christian Francois
690,2011-08-06T17:26:00,2011-08-06T17:50:00,Purchasing Agent,Analyze Request for Quotation,Francois de Perrier
690,2011-08-06T18:49:00,2011-08-06T19:00:00,Requester Manager,Amend Request for Quotation Requester,Christian Francois
690,2011-09-04T22:14:00,2011-09-04T22:30:00,Requester,Create Purchase Requisition,Anne Olwada
690,2011-10-04T17:18:00,2011-10-04T17:26:00,Requester Manager,Analyze Purchase Requisition,Maris Freeman
690,2011-10-04T17:34:00,2011-10-04T17:36:00,Requester Manager,Create Request for Quotation Requester Manager,Maris Freeman
690,2011-10-06T06:49:00,2011-10-06T07:14:00,Purchasing Agent,Analyze Request for Quotation,Magdalena Predutta
690,2011-10-06T20:00:00,2011-10-06T20:30:00,Purchasing Agent,Send Request for Quotation to Supplier,Francois de Perrier
690,2011-10-06T21:44:00,2011-10-06T22:45:00,Purchasing Agent,Create Quotation comparison Map,Francois de Perrier
690,2011-11-06T04:59:00,2011-11-06T05:21:00,Requester,Analyze Quotation comparison Map,Fjodor Kowalski
690,2011-11-06T05:21:00,2011-11-06T05:21:00,Requester,Choose best option,Fjodor Kowalski
696,2011-10-04T20:20:00,2011-10-04T20:36:00,Requester,Create Purchase Requisition,Fjodor Kowalski
696,2011-11-04T08:48:00,2011-11-04T08:54:00,Requester Manager,Analyze Purchase Requisition,Heinz Gutschmidt
7,2011-01-01T13:05:00,2011-01-01T14:00:00,Requester,Create Purchase Requisition,Esmana Liubiata
7,2011-02-01T12:33:00,2011-02-01T12:38:00,Requester Manager,Analyze Purchase Requisition,Maris Freeman
7,2011-02-01T12:41:00,2011-02-01T12:42:00,Requester Manager,Create Request for Quotation Requester Manager,Maris Freeman
7,2011-02-01T14:07:00,2011-02-01T14:29:00,Purchasing Agent,Analyze Request for Quotation,Magdalena Predutta
7,2011-02-01T15:21:00,2011-02-01T15:28:00,Requester Manager,Amend Request for Quotation Requester,Esmana Liubiata
7,2011-02-01T16:22:00,2011-02-01T16:47:00,Purchasing Agent,Analyze Request for Quotation,Karel de Groot
7,2011-02-01T17:36:00,2011-02-01T17:50:00,Requester Manager,Amend Request for Quotation Requester,Nico Ojenbeer
7,2011-02-01T19:14:00,2011-02-01T19:28:00,Purchasing Agent,Analyze Request for Quotation,Karel de Groot
7,2011-02-01T23:17:00,2011-02-01T23:40:00,Purchasing Agent,Send Request for Quotation to Supplier,Karel de Groot
7,2011-03-01T07:00:00,2011-03-01T11:08:00,Purchasing Agent,Create Quotation comparison Map,Magdalena Predutta
7,2011-03-01T18:19:00,2011-03-01T18:35:00,Requester,Analyze Quotation comparison Map,Miu Hanwan
7,2011-03-01T18:35:00,2011-03-01T18:35:00,Requester,Choose best option,Immanuel Karagianni
7,2011-03-01T21:52:00,2011-04-01T13:08:00,Purchasing Agent,Settle conditions with supplier,Magdalena Predutta
7,2011-04-01T17:10:00,2011-04-01T17:18:00,Purchasing Agent,Create Purchase Order,Karel de Groot
7,2011-05-01T02:37:00,2011-05-01T02:44:00,Supplier,Confirm Purchase Order,Carmen Finacse
7,2011-05-01T09:12:00,2011-05-01T19:17:00,Supplier,Deliver Goods Services,Karen Clarens
7,2011-06-01T02:34:00,2011-06-01T02:35:00,Requester,Release Purchase Order,Clement Duchot
7,2011-06-01T10:43:00,2011-06-01T10:44:00,Purchasing Agent,Approve Purchase Order for payment,Magdalena Predutta
7,2011-06-01T19:11:00,2011-06-01T19:11:00,Supplier,Send invoice,Karen Clarens
7,2011-07-01T09:22:00,2011-07-01T09:27:00,Financial Manager,Release Supplier's Invoice,Karalda Nimwada
7,2011-07-01T09:27:00,2011-07-01T09:27:00,Financial Manager,Authorize Supplier's Invoice payment,Karalda Nimwada
7,2011-07-01T09:41:00,2011-07-01T09:53:00,Financial Manager,Pay invoice,Karalda Nimwada
70,2011-01-13T07:10:00,2011-01-13T07:47:00,Purchasing Agent,Analyze Request for Quotation,Francois de Perrier
70,2011-01-13T08:35:00,2011-01-13T08:41:00,Requester Manager,Amend Request for Quotation Requester,Alberto Duport
70,2011-01-16T20:28:00,2011-01-16T20:48:00,Purchasing Agent,Analyze Request for Quotation,Karel de Groot
70,2011-01-17T13:40:00,2011-01-17T13:59:00,Purchasing Agent,Send Request for Quotation to Supplier,Karel de Groot
70,2011-01-17T15:06:00,2011-01-17T16:33:00,Purchasing Agent,Create Quotation comparison Map,Magdalena Predutta
70,2011-01-17T23:29:00,2011-01-17T23:56:00,Requester,Analyze Quotation comparison Map,Christian Francois
70,2011-01-17T23:56:00,2011-01-17T23:56:00,Requester,Choose best option,Penn Osterwalder
70,2011-01-18T02:56:00,2011-01-18T16:40:00,Purchasing Agent,Settle conditions with supplier,Magdalena Predutta
70,2011-01-18T22:14:00,2011-01-18T22:26:00,Purchasing Agent,Create Purchase Order,Magdalena Predutta
70,2011-01-19T08:41:00,2011-01-19T08:55:00,Supplier,Confirm Purchase Order,Kiu Kan
70,2011-01-21T10:54:00,2011-01-22T09:26:00,Supplier,Deliver Goods Services,Esmeralda Clay
70,2011-01-22T16:35:00,2011-01-22T16:36:00,Requester,Release Purchase Order,Fjodor Kowalski
70,2011-01-23T00:09:00,2011-01-23T00:10:00,Purchasing Agent,Approve Purchase Order for payment,Francois de Perrier
70,2011-01-23T20:55:00,2011-01-23T20:55:00,Supplier,Send invoice,Carmen Finacse
70,2011-01-24T11:09:00,2011-01-24T11:12:00,Financial Manager,Release Supplier's Invoice,Pedro Alvares
70,2011-01-24T11:12:00,2011-01-24T11:12:00,Financial Manager,Authorize Supplier's Invoice payment,Pedro Alvares
70,2011-01-24T11:47:00,2011-01-24T11:51:00,Financial Manager,Pay invoice,Karalda Nimwada
70,2011-09-01T14:27:00,2011-09-01T15:05:00,Requester,Create Purchase Requisition,Christian Francois
70,2011-10-01T11:39:00,2011-10-01T11:44:00,Requester Manager,Analyze Purchase Requisition,Maris Freeman
70,2011-10-01T11:49:00,2011-10-01T11:51:00,Requester Manager,Create Request for Quotation Requester Manager,Maris Freeman
70,2011-12-01T03:55:00,2011-12-01T04:17:00,Purchasing Agent,Analyze Request for Quotation,Francois de Perrier
70,2011-12-01T05:00:00,2011-12-01T05:12:00,Requester Manager,Amend Request for Quotation Requester,Nico Ojenbeer
70,2011-12-01T07:24:00,2011-12-01T07:50:00,Purchasing Agent,Analyze Request for Quotation,Karel de Groot
70,2011-12-01T08:41:00,2011-12-01T08:53:00,Requester Manager,Amend Request for Quotation Requester,Anne Olwada
703,2011-04-17T05:29:00,2011-04-17T05:54:00,Purchasing Agent,Analyze Request for Quotation,Francois de Perrier
703,2011-04-18T20:15:00,2011-04-18T20:44:00,Purchasing Agent,Send Request for Quotation to Supplier,Magdalena Predutta
703,2011-04-19T01:08:00,2011-04-19T06:42:00,Purchasing Agent,Create Quotation comparison Map,Karel de Groot
703,2011-04-19T13:35:00,2011-04-19T13:56:00,Requester,Analyze Quotation comparison Map,Esmana Liubiata
703,2011-04-19T13:56:00,2011-04-19T13:56:00,Requester,Choose best option,Kim Passa
703,2011-04-20T14:04:00,2011-04-20T18:38:00,Purchasing Agent,Settle conditions with supplier,Magdalena Predutta
703,2011-04-20T20:02:00,2011-04-20T20:08:00,Purchasing Agent,Create Purchase Order,Francois de Perrier
703,2011-04-21T00:13:00,2011-04-21T00:36:00,Supplier,Confirm Purchase Order,Esmeralda Clay
703,2011-04-24T05:52:00,2011-04-25T01:58:00,Supplier,Deliver Goods Services,Sean Manney
703,2011-04-25T09:16:00,2011-04-25T09:17:00,Requester,Release Purchase Order,Penn Osterwalder
703,2011-04-26T03:13:00,2011-04-26T03:14:00,Purchasing Agent,Approve Purchase Order for payment,Francois de Perrier
703,2011-04-28T01:36:00,2011-04-28T01:36:00,Supplier,Send invoice,Sean Manney
703,2011-04-28T15:56:00,2011-04-28T16:02:00,Financial Manager,Release Supplier's Invoice,Pedro Alvares
703,2011-04-28T16:02:00,2011-04-28T16:02:00,Financial Manager,Authorize Supplier's Invoice payment,Pedro Alvares
703,2011-04-28T16:13:00,2011-04-28T16:27:00,Financial Manager,Pay invoice,Pedro Alvares
703,2011-12-04T04:03:00,2011-12-04T04:37:00,Requester,Create Purchase Requisition,Tesca Lobes
703,2011-12-04T10:09:00,2011-12-04T10:18:00,Requester,Create Request for Quotation Requester,Penn Osterwalder
704,2011-04-07T08:55:00,2011-04-07T08:55:00,Supplier,Send invoice,Esmeralda Clay
704,2011-04-07T23:24:00,2011-04-07T23:28:00,Financial Manager,Release Supplier's Invoice,Pedro Alvares
704,2011-04-07T23:28:00,2011-04-07T23:28:00,Financial Manager,Authorize Supplier's Invoice payment,Karalda Nimwada
704,2011-04-08T00:24:00,2011-04-08T00:30:00,Financial Manager,Pay invoice,Pedro Alvares
704,2011-04-19T16:58:00,2011-04-19T16:58:00,Purchasing Agent,Analyze Request for Quotation,Francois de Perrier
704,2011-04-19T17:53:00,2011-04-19T18:07:00,Requester Manager,Amend Request for Quotation Requester,Immanuel Karagianni
704,2011-05-26T05:32:00,2011-05-26T05:59:00,Purchasing Agent,Analyze Request for Quotation,Francois de Perrier
704,2011-05-26T06:48:00,2011-05-26T06:56:00,Requester Manager,Amend Request for Quotation Requester,Anne Olwada
704,2011-06-06T20:05:00,2011-06-06T20:27:00,Purchasing Agent,Analyze Request for Quotation,Magdalena Predutta
704,2011-06-06T21:19:00,2011-06-06T21:30:00,Requester Manager,Amend Request for Quotation Requester,Alberto Duport
704,2011-06-16T23:25:00,2011-06-16T23:57:00,Purchasing Agent,Analyze Request for Quotation,Francois de Perrier
704,2011-06-17T09:24:00,2011-06-17T09:54:00,Purchasing Agent,Send Request for Quotation to Supplier,Karel de Groot
704,2011-06-17T10:48:00,2011-06-17T12:11:00,Purchasing Agent,Create Quotation comparison Map,Magdalena Predutta
704,2011-06-17T18:28:00,2011-06-17T18:36:00,Requester,Analyze Quotation comparison Map,Anna Kaufmann
704,2011-06-17T18:36:00,2011-06-17T18:36:00,Requester,Choose best option,Anna Kaufmann
704,2011-06-18T01:43:00,2011-06-18T12:27:00,Purchasing Agent,Settle conditions with supplier,Francois de Perrier
704,2011-06-19T08:46:00,2011-06-19T08:52:00,Purchasing Agent,Create Purchase Order,Magdalena Predutta
704,2011-06-25T18:22:00,2011-06-25T18:55:00,Supplier,Confirm Purchase Order,Kiu Kan
704,2011-06-27T19:13:00,2011-06-28T18:05:00,Supplier,Deliver Goods Services,Sean Manney
704,2011-06-29T01:13:00,2011-06-29T01:14:00,Requester,Release Purchase Order,Immanuel Karagianni
704,2011-06-30T22:36:00,2011-06-30T22:37:00,Purchasing Agent,Approve Purchase Order for payment,Karel de Groot
704,2011-09-06T20:07:00,2011-09-06T20:10:00,Purchasing Agent,Analyze Request for Quotation,Francois de Perrier
704,2011-10-06T12:02:00,2011-10-06T12:28:00,Requester Manager,Amend Request for Quotation Requester Manager,Francis Odell
704,2011-12-04T05:33:00,2011-12-04T06:28:00,Requester,Create Purchase Requisition,Penn Osterwalder
704,2011-12-04T12:38:00,2011-12-04T12:48:00,Requester,Create Request for Quotation Requester,Clement Duchot
705,2011-12-04T10:24:00,2011-12-04T10:51:00,Requester,Create Purchase Requisition,Alberto Duport
705,2011-12-04T23:41:00,2011-12-04T23:47:00,Requester Manager,Analyze Purchase Requisition,Heinz Gutschmidt
707,2011-04-17T06:26:00,2011-04-17T06:55:00,Purchasing Agent,Analyze Request for Quotation,Karel de Groot
707,2011-12-04T12:43:00,2011-12-04T13:00:00,Requester,Create Purchase Requisition,Anne Olwada
707,2011-12-04T17:00:00,2011-12-04T17:09:00,Requester,Create Request for Quotation Requester,Anne Olwada
71,2011-01-13T02:00:00,2011-01-13T02:15:00,Purchasing Agent,Analyze Request for Quotation,Magdalena Predutta
71,2011-01-13T22:59:00,2011-01-13T23:17:00,Purchasing Agent,Send Request for Quotation to Supplier,Francois de Perrier
71,2011-01-15T08:07:00,2011-01-15T09:35:00,Purchasing Agent,Create Quotation comparison Map,Magdalena Predutta
71,2011-01-15T15:54:00,2011-01-15T16:14:00,Requester,Analyze Quotation comparison Map,Alberto Duport
71,2011-01-15T16:14:00,2011-01-15T16:14:00,Requester,Choose best option,Tesca Lobes
71,2011-01-16T07:25:00,2011-01-16T13:03:00,Purchasing Agent,Settle conditions with supplier,Karel de Groot
71,2011-01-16T14:00:00,2011-01-16T14:07:00,Purchasing Agent,Create Purchase Order,Karel de Groot
71,2011-01-16T19:33:00,2011-01-16T19:52:00,Supplier,Confirm Purchase Order,Sean Manney
71,2011-01-17T05:53:00,2011-01-18T10:40:00,Supplier,Deliver Goods Services,Esmeralda Clay
71,2011-01-18T18:20:00,2011-01-18T18:21:00,Requester,Release Purchase Order,Clement Duchot
71,2011-01-19T02:19:00,2011-01-19T02:20:00,Purchasing Agent,Approve Purchase Order for payment,Francois de Perrier
71,2011-01-21T10:54:00,2011-01-21T10:54:00,Supplier,Send invoice,Esmeralda Clay
71,2011-01-22T01:13:00,2011-01-22T01:16:00,Financial Manager,Release Supplier's Invoice,Pedro Alvares
71,2011-01-22T01:16:00,2011-01-22T01:16:00,Financial Manager,Authorize Supplier's Invoice payment,Karalda Nimwada
71,2011-01-22T01:27:00,2011-01-22T01:31:00,Financial Manager,Pay invoice,Pedro Alvares
71,2011-09-01T15:02:00,2011-09-01T15:11:00,Requester,Create Purchase Requisition,Penn Osterwalder
71,2011-10-01T03:54:00,2011-10-01T04:02:00,Requester Manager,Analyze Purchase Requisition,Heinz Gutschmidt
71,2011-10-01T15:58:00,2011-10-01T16:29:00,Requester,Amend Purchase Requisition,Kim Passa
71,2011-11-01T08:48:00,2011-11-01T08:52:00,Requester Manager,Analyze Purchase Requisition,Heinz Gutschmidt
71,2011-11-01T09:00:00,2011-11-01T09:02:00,Requester Manager,Create Request for Quotation Requester Manager,Francis Odell
71,2011-12-01T04:36:00,2011-12-01T05:02:00,Purchasing Agent,Analyze Request for Quotation,Magdalena Predutta
71,2011-12-01T05:51:00,2011-12-01T06:06:00,Requester Manager,Amend Request for Quotation Requester,Kim Passa
71,2011-12-01T08:08:00,2011-12-01T08:38:00,Purchasing Agent,Analyze Request for Quotation,Magdalena Predutta
71,2011-12-01T09:33:00,2011-12-01T09:41:00,Requester Manager,Amend Request for Quotation Requester,Kim Passa
71,2011-12-01T14:52:00,2011-12-01T15:11:00,Purchasing Agent,Analyze Request for Quotation,Karel de Groot
71,2011-12-01T16:03:00,2011-12-01T16:15:00,Requester Manager,Amend Request for Quotation Requester,Immanuel Karagianni
713,2011-01-06T12:35:00,2011-01-06T12:50:00,Purchasing Agent,Analyze Request for Quotation,Francois de Perrier
713,2011-01-06T13:43:00,2011-01-06T13:52:00,Requester Manager,Amend Request for Quotation Requester,Christian Francois
713,2011-03-07T07:03:00,2011-04-07T07:50:00,Supplier,Deliver Goods Services,Sean Manney
713,2011-04-07T15:03:00,2011-04-07T15:04:00,Requester,Release Purchase Order,Anne Olwada
713,2011-04-07T21:27:00,2011-04-07T21:28:00,Purchasing Agent,Approve Purchase Order for payment,Karel de Groot
713,2011-04-13T17:31:00,2011-04-13T18:16:00,Requester,Create Purchase Requisition,Elvira Lores
713,2011-04-14T05:21:00,2011-04-14T05:28:00,Requester Manager,Analyze Purchase Requisition,Heinz Gutschmidt
713,2011-04-14T05:32:00,2011-04-14T05:34:00,Requester Manager,Create Request for Quotation Requester Manager,Heinz Gutschmidt
713,2011-04-18T15:59:00,2011-04-18T16:21:00,Purchasing Agent,Analyze Request for Quotation,Magdalena Predutta
713,2011-04-18T17:23:00,2011-04-18T17:38:00,Requester Manager,Amend Request for Quotation Requester,Kim Passa
713,2011-04-21T14:16:00,2011-04-21T14:35:00,Purchasing Agent,Analyze Request for Quotation,Francois de Perrier
713,2011-04-21T15:26:00,2011-04-21T15:35:00,Requester Manager,Amend Request for Quotation Requester,Miu Hanwan
713,2011-05-07T18:14:00,2011-05-07T18:14:00,Supplier,Send invoice,Kiu Kan
713,2011-05-13T06:31:00,2011-05-13T06:56:00,Purchasing Agent,Analyze Request for Quotation,Karel de Groot
713,2011-05-13T07:36:00,2011-05-13T07:46:00,Requester Manager,Amend Request for Quotation Requester,Fjodor Kowalski
713,2011-06-07T08:34:00,2011-06-07T08:36:00,Financial Manager,Release Supplier's Invoice,Pedro Alvares
713,2011-06-07T08:36:00,2011-06-07T08:36:00,Financial Manager,Authorize Supplier's Invoice payment,Karalda Nimwada
713,2011-06-07T08:46:00,2011-06-07T08:55:00,Financial Manager,Pay invoice,Karalda Nimwada
713,2011-06-21T15:48:00,2011-06-21T16:11:00,Purchasing Agent,Analyze Request for Quotation,Karel de Groot
713,2011-06-22T07:43:00,2011-06-22T08:01:00,Purchasing Agent,Send Request for Quotation to Supplier,Francois de Perrier
713,2011-06-23T00:43:00,2011-06-23T04:23:00,Purchasing Agent,Create Quotation comparison Map,Francois de Perrier
713,2011-06-23T10:53:00,2011-06-23T11:19:00,Requester,Analyze Quotation comparison Map,Fjodor Kowalski
713,2011-06-23T11:19:00,2011-06-23T11:19:00,Requester,Choose best option,Immanuel Karagianni
713,2011-06-23T20:13:00,2011-06-24T07:33:00,Purchasing Agent,Settle conditions with supplier,Karel de Groot
713,2011-06-24T10:19:00,2011-06-24T10:26:00,Purchasing Agent,Create Purchase Order,Francois de Perrier
713,2011-06-29T01:47:00,2011-06-29T02:07:00,Supplier,Confirm Purchase Order,Carmen Finacse
714,2011-04-14T05:15:00,2011-04-14T05:52:00,Requester,Create Purchase Requisition,Fjodor Kowalski
714,2011-04-14T18:50:00,2011-04-14T18:57:00,Requester Manager,Analyze Purchase Requisition,Francis Odell
714,2011-04-14T19:03:00,2011-04-14T19:05:00,Requester Manager,Create Request for Quotation Requester Manager,Heinz Gutschmidt
714,2011-04-17T01:39:00,2011-04-17T01:51:00,Purchasing Agent,Analyze Request for Quotation,Karel de Groot
714,2011-04-18T13:05:00,2011-04-18T13:19:00,Purchasing Agent,Send Request for Quotation to Supplier,Karel de Groot
714,2011-04-18T18:46:00,2011-04-18T21:05:00,Purchasing Agent,Create Quotation comparison Map,Karel de Groot
714,2011-04-19T03:54:00,2011-04-19T04:22:00,Requester,Analyze Quotation comparison Map,Elvira Lores
714,2011-04-19T04:22:00,2011-04-19T04:22:00,Requester,Choose best option,Miu Hanwan
714,2011-04-20T09:13:00,2011-04-20T13:42:00,Purchasing Agent,Settle conditions with supplier,Magdalena Predutta
714,2011-04-20T18:46:00,2011-04-20T18:59:00,Purchasing Agent,Create Purchase Order,Magdalena Predutta
714,2011-04-22T20:35:00,2011-04-22T21:01:00,Supplier,Confirm Purchase Order,Carmen Finacse
714,2011-04-23T17:40:00,2011-04-23T23:43:00,Supplier,Deliver Goods Services,Sean Manney
714,2011-04-24T07:33:00,2011-04-24T07:34:00,Requester,Release Purchase Order,Christian Francois
714,2011-04-24T18:48:00,2011-04-24T18:49:00,Purchasing Agent,Approve Purchase Order for payment,Magdalena Predutta
714,2011-04-25T01:58:00,2011-04-25T01:58:00,Supplier,Send invoice,Sean Manney
714,2011-04-25T16:09:00,2011-04-25T16:13:00,Financial Manager,Release Supplier's Invoice,Pedro Alvares
714,2011-04-25T16:13:00,2011-04-25T16:13:00,Financial Manager,Authorize Supplier's Invoice payment,Karalda Nimwada
714,2011-04-25T16:59:00,2011-04-25T17:10:00,Financial Manager,Pay invoice,Pedro Alvares
716,2011-01-05T03:48:00,2011-01-05T03:48:00,Supplier,Send invoice,Kiu Kan
716,2011-01-05T18:07:00,2011-01-05T18:13:00,Financial Manager,Release Supplier's Invoice,Pedro Alvares
716,2011-01-05T18:20:00,2011-01-05T18:52:00,Financial Manager,Settle dispute with supplier Financial Manager,Pedro Alvares
716,2011-01-05T18:52:00,2011-01-05T18:52:00,Financial Manager,Authorize Supplier's Invoice payment,Pedro Alvares
716,2011-01-05T19:52:00,2011-01-05T20:03:00,Financial Manager,Pay invoice,Pedro Alvares
716,2011-04-14T12:20:00,2011-04-14T12:59:00,Requester,Create Purchase Requisition,Kim Passa
716,2011-04-14T13:03:00,2011-04-14T13:13:00,Requester,Create Request for Quotation Requester,Elvira Lores
716,2011-04-21T22:54:00,2011-04-21T23:17:00,Purchasing Agent,Analyze Request for Quotation,Magdalena Predutta
716,2011-04-22T12:24:00,2011-04-22T12:50:00,Purchasing Agent,Send Request for Quotation to Supplier,Karel de Groot
716,2011-04-23T09:11:00,2011-04-23T12:20:00,Purchasing Agent,Create Quotation comparison Map,Francois de Perrier
716,2011-04-23T19:09:00,2011-04-23T19:26:00,Requester,Analyze Quotation comparison Map,Clement Duchot
716,2011-04-23T19:26:00,2011-04-23T19:26:00,Requester,Choose best option,Penn Osterwalder
716,2011-04-25T06:42:00,2011-04-25T10:50:00,Purchasing Agent,Settle conditions with supplier,Francois de Perrier
716,2011-04-25T13:54:00,2011-04-25T14:05:00,Purchasing Agent,Create Purchase Order,Francois de Perrier
716,2011-04-26T21:34:00,2011-04-26T21:49:00,Supplier,Confirm Purchase Order,Sean Manney
716,2011-04-28T01:48:00,2011-04-28T17:55:00,Supplier,Deliver Goods Services,Sean Manney
716,2011-04-29T01:40:00,2011-04-29T01:41:00,Requester,Release Purchase Order,Christian Francois
716,2011-04-29T16:11:00,2011-04-29T16:12:00,Purchasing Agent,Approve Purchase Order for payment,Magdalena Predutta
72,2011-09-01T21:01:00,2011-09-01T21:23:00,Requester,Create Purchase Requisition,Anne Olwada
72,2011-10-01T16:48:00,2011-10-01T16:53:00,Requester Manager,Analyze Purchase Requisition,Francis Odell
72,2011-10-01T16:59:00,2011-10-01T17:02:00,Requester Manager,Create Request for Quotation Requester Manager,Maris Freeman
72,2011-12-01T01:28:00,2011-12-01T01:37:00,Purchasing Agent,Analyze Request for Quotation,Karel de Groot
72,2011-12-01T02:16:00,2011-12-01T02:30:00,Requester Manager,Amend Request for Quotation Requester,Fjodor Kowalski
72,2011-12-01T03:49:00,2011-12-01T04:23:00,Purchasing Agent,Analyze Request for Quotation,Karel de Groot
72,2011-12-01T05:21:00,2011-12-01T05:32:00,Requester Manager,Amend Request for Quotation Requester,Clement Duchot
72,2011-12-01T09:26:00,2011-12-01T09:50:00,Purchasing Agent,Analyze Request for Quotation,Magdalena Predutta
720,2011-04-14T16:34:00,2011-04-14T16:44:00,Requester,Create Purchase Requisition,Kim Passa
720,2011-04-15T07:33:00,2011-04-15T07:39:00,Requester Manager,Analyze Purchase Requisition,Heinz Gutschmidt
720,2011-04-15T07:45:00,2011-04-15T07:47:00,Requester Manager,Create Request for Quotation Requester Manager,Francis Odell
720,2011-04-17T03:04:00,2011-04-17T03:18:00,Purchasing Agent,Analyze Request for Quotation,Karel de Groot
720,2011-04-17T14:38:00,2011-04-17T14:52:00,Purchasing Agent,Send Request for Quotation to Supplier,Karel de Groot
720,2011-04-17T15:39:00,2011-04-17T17:27:00,Purchasing Agent,Create Quotation comparison Map,Karel de Groot
720,2011-04-18T00:21:00,2011-04-18T00:53:00,Requester,Analyze Quotation comparison Map,Kim Passa
720,2011-04-18T00:53:00,2011-04-18T00:53:00,Requester,Choose best option,Immanuel Karagianni
720,2011-04-18T03:33:00,2011-04-18T13:05:00,Purchasing Agent,Settle conditions with supplier,Karel de Groot
720,2011-04-19T08:40:00,2011-04-19T08:50:00,Purchasing Agent,Create Purchase Order,Francois de Perrier
720,2011-04-19T18:31:00,2011-04-19T18:40:00,Supplier,Confirm Purchase Order,Carmen Finacse
720,2011-04-20T04:19:00,2011-04-20T23:41:00,Supplier,Deliver Goods Services,Esmeralda Clay
720,2011-04-21T07:47:00,2011-04-21T07:48:00,Requester,Release Purchase Order,Fjodor Kowalski
720,2011-04-21T15:14:00,2011-04-21T15:15:00,Purchasing Agent,Approve Purchase Order for payment,Karel de Groot
720,2011-04-25T02:22:00,2011-04-25T02:22:00,Supplier,Send invoice,Sean Manney
720,2011-04-25T16:35:00,2011-04-25T16:42:00,Financial Manager,Release Supplier's Invoice,Karalda Nimwada
720,2011-04-25T17:09:00,2011-04-25T17:32:00,Financial Manager,Settle dispute with supplier Financial Manager,Karalda Nimwada
720,2011-04-25T17:32:00,2011-04-25T17:32:00,Financial Manager,Authorize Supplier's Invoice payment,Karalda Nimwada
720,2011-04-25T18:29:00,2011-04-25T18:37:00,Financial Manager,Pay invoice,Karalda Nimwada
725,2011-04-15T14:51:00,2011-04-15T15:19:00,Requester,Create Purchase Requisition,Christian Francois
725,2011-04-15T18:47:00,2011-04-15T18:53:00,Requester,Create Request for Quotation Requester,Elvira Lores
725,2011-04-17T01:52:00,2011-04-17T02:19:00,Purchasing Agent,Analyze Request for Quotation,Karel de Groot
725,2011-04-17T18:01:00,2011-04-17T18:27:00,Purchasing Agent,Send Request for Quotation to Supplier,Francois de Perrier
725,2011-04-17T20:15:00,2011-04-18T01:54:00,Purchasing Agent,Create Quotation comparison Map,Francois de Perrier
725,2011-04-18T08:04:00,2011-04-18T08:32:00,Requester,Analyze Quotation comparison Map,Anna Kaufmann
725,2011-04-18T08:32:00,2011-04-18T08:32:00,Requester,Choose best option,Elvira Lores
725,2011-04-19T03:41:00,2011-04-19T07:44:00,Purchasing Agent,Settle conditions with supplier,Francois de Perrier
725,2011-04-19T22:57:00,2011-04-19T23:06:00,Purchasing Agent,Create Purchase Order,Magdalena Predutta
725,2011-04-20T05:39:00,2011-04-20T05:50:00,Supplier,Confirm Purchase Order,Kiu Kan
725,2011-04-22T21:01:00,2011-04-24T07:19:00,Supplier,Deliver Goods Services,Carmen Finacse
725,2011-04-24T15:03:00,2011-04-24T15:04:00,Requester,Release Purchase Order,Fjodor Kowalski
725,2011-04-25T01:40:00,2011-04-25T01:41:00,Purchasing Agent,Approve Purchase Order for payment,Karel de Groot
725,2011-04-26T21:49:00,2011-04-26T21:49:00,Supplier,Send invoice,Sean Manney
725,2011-04-27T12:11:00,2011-04-27T12:17:00,Financial Manager,Release Supplier's Invoice,Pedro Alvares
725,2011-04-27T12:17:00,2011-04-27T12:17:00,Financial Manager,Authorize Supplier's Invoice payment,Karalda Nimwada
725,2011-04-27T12:39:00,2011-04-27T12:46:00,Financial Manager,Pay invoice,Pedro Alvares
726,2011-01-05T04:40:00,2011-01-05T04:40:00,Supplier,Send invoice,Kiu Kan
726,2011-01-05T19:11:00,2011-01-05T19:16:00,Financial Manager,Release Supplier's Invoice,Karalda Nimwada
726,2011-01-05T20:01:00,2011-01-05T20:23:00,Financial Manager,Settle dispute with supplier Financial Manager,Karalda Nimwada
726,2011-01-05T20:23:00,2011-01-05T20:23:00,Financial Manager,Authorize Supplier's Invoice payment,Karalda Nimwada
726,2011-01-05T20:38:00,2011-01-05T20:50:00,Financial Manager,Pay invoice,Karalda Nimwada
726,2011-04-16T03:51:00,2011-04-16T03:57:00,Requester,Create Purchase Requisition,Anna Kaufmann
726,2011-04-16T06:13:00,2011-04-16T06:21:00,Requester,Create Request for Quotation Requester,Fjodor Kowalski
726,2011-04-21T14:35:00,2011-04-21T15:07:00,Purchasing Agent,Analyze Request for Quotation,Francois de Perrier
726,2011-04-22T03:59:00,2011-04-22T04:20:00,Purchasing Agent,Send Request for Quotation to Supplier,Francois de Perrier
726,2011-04-22T08:13:00,2011-04-22T10:21:00,Purchasing Agent,Create Quotation comparison Map,Francois de Perrier
726,2011-04-22T16:56:00,2011-04-22T17:11:00,Requester,Analyze Quotation comparison Map,Elvira Lores
726,2011-04-22T17:11:00,2011-04-22T17:11:00,Requester,Choose best option,Elvira Lores
726,2011-04-22T21:14:00,2011-04-23T03:52:00,Purchasing Agent,Settle conditions with supplier,Francois de Perrier
726,2011-04-23T12:25:00,2011-04-23T12:37:00,Purchasing Agent,Create Purchase Order,Karel de Groot
726,2011-04-24T00:12:00,2011-04-24T00:32:00,Supplier,Confirm Purchase Order,Sean Manney
726,2011-04-26T10:13:00,2011-04-26T13:33:00,Supplier,Deliver Goods Services,Kiu Kan
726,2011-04-26T21:51:00,2011-04-26T21:52:00,Requester,Release Purchase Order,Fjodor Kowalski
726,2011-04-27T08:56:00,2011-04-27T08:57:00,Purchasing Agent,Approve Purchase Order for payment,Karel de Groot
731,2011-04-07T08:55:00,2011-04-07T08:55:00,Supplier,Send invoice,Esmeralda Clay
731,2011-04-07T23:22:00,2011-04-07T23:27:00,Financial Manager,Release Supplier's Invoice,Karalda Nimwada
731,2011-04-07T23:27:00,2011-04-07T23:27:00,Financial Manager,Authorize Supplier's Invoice payment,Karalda Nimwada
731,2011-04-08T00:03:00,2011-04-08T00:08:00,Financial Manager,Pay invoice,Karalda Nimwada
731,2011-04-16T18:00:00,2011-04-16T18:29:00,Requester,Create Purchase Requisition,Fjodor Kowalski
731,2011-04-17T06:52:00,2011-04-17T07:00:00,Requester Manager,Analyze Purchase Requisition,Francis Odell
731,2011-04-17T07:05:00,2011-04-17T07:07:00,Requester Manager,Create Request for Quotation Requester Manager,Francis Odell
731,2011-04-28T20:12:00,2011-04-28T20:38:00,Purchasing Agent,Analyze Request for Quotation,Karel de Groot
731,2011-04-28T21:35:00,2011-04-28T21:45:00,Requester Manager,Amend Request for Quotation Requester,Clement Duchot
731,2011-06-17T23:36:00,2011-06-17T23:59:00,Purchasing Agent,Analyze Request for Quotation,Magdalena Predutta
731,2011-06-18T12:27:00,2011-06-18T12:45:00,Purchasing Agent,Send Request for Quotation to Supplier,Francois de Perrier
731,2011-06-18T16:10:00,2011-06-18T19:47:00,Purchasing Agent,Create Quotation comparison Map,Karel de Groot
731,2011-06-19T02:21:00,2011-06-19T02:35:00,Requester,Analyze Quotation comparison Map,Immanuel Karagianni
731,2011-06-19T02:35:00,2011-06-19T02:35:00,Requester,Choose best option,Miu Hanwan
731,2011-06-19T18:13:00,2011-06-19T23:20:00,Purchasing Agent,Settle conditions with supplier,Francois de Perrier
731,2011-06-20T04:06:00,2011-06-20T04:18:00,Purchasing Agent,Create Purchase Order,Magdalena Predutta
731,2011-06-25T18:55:00,2011-06-25T19:00:00,Supplier,Confirm Purchase Order,Kiu Kan
731,2011-06-28T18:05:00,2011-06-29T17:41:00,Supplier,Deliver Goods Services,Sean Manney
731,2011-06-30T01:07:00,2011-06-30T01:08:00,Requester,Release Purchase Order,Christian Francois
731,2011-06-30T23:20:00,2011-06-30T23:21:00,Purchasing Agent,Approve Purchase Order for payment,Francois de Perrier
733,2011-01-05T03:48:00,2011-01-05T03:48:00,Supplier,Send invoice,Kiu Kan
733,2011-01-05T18:07:00,2011-01-05T18:13:00,Financial Manager,Release Supplier's Invoice,Karalda Nimwada
733,2011-01-05T18:13:00,2011-01-05T18:13:00,Financial Manager,Authorize Supplier's Invoice payment,Pedro Alvares
733,2011-01-05T19:04:00,2011-01-05T19:18:00,Financial Manager,Pay invoice,Pedro Alvares
733,2011-04-17T03:27:00,2011-04-17T03:35:00,Requester,Create Purchase Requisition,Tesca Lobes
733,2011-04-17T18:30:00,2011-04-17T18:35:00,Requester Manager,Analyze Purchase Requisition,Heinz Gutschmidt
733,2011-04-17T18:40:00,2011-04-17T18:42:00,Requester Manager,Create Request for Quotation Requester Manager,Heinz Gutschmidt
733,2011-04-18T05:26:00,2011-04-18T05:42:00,Purchasing Agent,Analyze Request for Quotation,Magdalena Predutta
733,2011-04-18T21:05:00,2011-04-18T21:27:00,Purchasing Agent,Send Request for Quotation to Supplier,Karel de Groot
733,2011-04-18T22:51:00,2011-04-19T01:08:00,Purchasing Agent,Create Quotation comparison Map,Karel de Groot
733,2011-04-19T07:44:00,2011-04-19T08:09:00,Requester,Analyze Quotation comparison Map,Anne Olwada
733,2011-04-19T08:09:00,2011-04-19T08:09:00,Requester,Choose best option,Tesca Lobes
733,2011-04-19T22:05:00,2011-04-20T10:50:00,Purchasing Agent,Settle conditions with supplier,Karel de Groot
733,2011-04-20T18:38:00,2011-04-20T18:46:00,Purchasing Agent,Create Purchase Order,Magdalena Predutta
733,2011-04-20T23:41:00,2011-04-21T00:13:00,Supplier,Confirm Purchase Order,Esmeralda Clay
733,2011-04-24T00:04:00,2011-04-25T10:46:00,Supplier,Deliver Goods Services,Karen Clarens
733,2011-04-25T18:42:00,2011-04-25T18:43:00,Requester,Release Purchase Order,Clement Duchot
733,2011-04-26T06:42:00,2011-04-26T06:43:00,Purchasing Agent,Approve Purchase Order for payment,Karel de Groot
736,2011-04-17T08:28:00,2011-04-17T09:05:00,Requester,Create Purchase Requisition,Penn Osterwalder
736,2011-04-18T09:19:00,2011-04-18T09:26:00,Requester Manager,Analyze Purchase Requisition,Francis Odell
736,2011-04-18T09:31:00,2011-04-18T09:33:00,Requester Manager,Create Request for Quotation Requester Manager,Francis Odell
736,2011-04-20T12:00:00,2011-04-20T12:17:00,Purchasing Agent,Analyze Request for Quotation,Francois de Perrier
74,2011-01-14T12:53:00,2011-01-14T13:19:00,Purchasing Agent,Analyze Request for Quotation,Karel de Groot
74,2011-01-15T03:00:00,2011-01-15T03:18:00,Purchasing Agent,Send Request for Quotation to Supplier,Karel de Groot
74,2011-01-15T12:24:00,2011-01-15T16:54:00,Purchasing Agent,Create Quotation comparison Map,Magdalena Predutta
74,2011-01-15T23:00:00,2011-01-15T23:19:00,Requester,Analyze Quotation comparison Map,Elvira Lores
74,2011-01-15T23:19:00,2011-01-15T23:19:00,Requester,Choose best option,Penn Osterwalder
74,2011-01-16T02:46:00,2011-01-16T10:25:00,Purchasing Agent,Settle conditions with supplier,Magdalena Predutta
74,2011-01-16T16:27:00,2011-01-16T16:39:00,Purchasing Agent,Create Purchase Order,Francois de Perrier
74,2011-01-17T03:36:00,2011-01-17T03:44:00,Supplier,Confirm Purchase Order,Kiu Kan
74,2011-01-18T23:38:00,2011-01-19T23:23:00,Supplier,Deliver Goods Services,Sean Manney
74,2011-01-20T07:01:00,2011-01-20T07:02:00,Requester,Release Purchase Order,Immanuel Karagianni
74,2011-01-21T03:09:00,2011-01-21T03:10:00,Purchasing Agent,Approve Purchase Order for payment,Karel de Groot
74,2011-01-22T06:39:00,2011-01-22T06:39:00,Supplier,Send invoice,Kiu Kan
74,2011-01-22T21:01:00,2011-01-22T21:04:00,Financial Manager,Release Supplier's Invoice,Karalda Nimwada
74,2011-01-22T21:04:00,2011-01-22T21:04:00,Financial Manager,Authorize Supplier's Invoice payment,Pedro Alvares
74,2011-01-22T21:51:00,2011-01-22T22:05:00,Financial Manager,Pay invoice,Pedro Alvares
74,2011-09-01T23:00:00,2011-09-01T23:22:00,Requester,Create Purchase Requisition,Esmana Liubiata
74,2011-10-01T19:01:00,2011-10-01T19:07:00,Requester Manager,Analyze Purchase Requisition,Francis Odell
74,2011-10-01T19:11:00,2011-10-01T19:14:00,Requester Manager,Create Request for Quotation Requester Manager,Heinz Gutschmidt
74,2011-12-01T05:18:00,2011-12-01T05:47:00,Purchasing Agent,Analyze Request for Quotation,Karel de Groot
74,2011-12-01T06:32:00,2011-12-01T06:42:00,Requester Manager,Amend Request for Quotation Requester,Elvira Lores
74,2011-12-01T10:09:00,2011-12-01T10:23:00,Purchasing Agent,Analyze Request for Quotation,Magdalena Predutta
74,2011-12-01T11:09:00,2011-12-01T11:19:00,Requester Manager,Amend Request for Quotation Requester,Fjodor Kowalski
740,2011-04-17T16:59:00,2011-04-17T17:12:00,Requester,Create Purchase Requisition,Tesca Lobes
740,2011-04-18T15:56:00,2011-04-18T16:02:00,Requester Manager,Analyze Purchase Requisition,Maris Freeman
748,2011-03-07T11:53:00,2011-03-07T12:06:00,Purchasing Agent,Analyze Request for Quotation,Francois de Perrier
748,2011-04-07T03:18:00,2011-04-07T03:28:00,Purchasing Agent,Send Request for Quotation to Supplier,Francois de Perrier
748,2011-04-07T03:59:00,2011-04-07T09:56:00,Purchasing Agent,Create Quotation comparison Map,Magdalena Predutta
748,2011-04-07T16:08:00,2011-04-07T16:37:00,Requester,Analyze Quotation comparison Map,Miu Hanwan
748,2011-04-07T16:37:00,2011-04-07T16:37:00,Requester,Choose best option,Penn Osterwalder
748,2011-04-08T00:29:00,2011-05-07T04:36:00,Purchasing Agent,Settle conditions with supplier,Karel de Groot
748,2011-04-19T10:49:00,2011-04-19T11:02:00,Requester,Create Purchase Requisition,Kim Passa
748,2011-04-19T15:23:00,2011-04-19T15:33:00,Requester,Create Request for Quotation Requester,Esmana Liubiata
748,2011-05-07T17:43:00,2011-05-07T17:50:00,Purchasing Agent,Create Purchase Order,Karel de Groot
748,2011-05-13T07:40:00,2011-05-13T07:47:00,Purchasing Agent,Analyze Request for Quotation,Magdalena Predutta
748,2011-05-13T08:36:00,2011-05-13T08:42:00,Requester Manager,Amend Request for Quotation Requester,Anne Olwada
748,2011-05-22T00:33:00,2011-05-22T01:02:00,Purchasing Agent,Analyze Request for Quotation,Karel de Groot
748,2011-05-22T01:47:00,2011-05-22T01:57:00,Requester Manager,Amend Request for Quotation Requester,Tesca Lobes
748,2011-07-07T05:09:00,2011-07-07T05:22:00,Supplier,Confirm Purchase Order,Karen Clarens
748,2011-07-07T14:17:00,2011-08-07T21:48:00,Supplier,Deliver Goods Services,Karen Clarens
748,2011-07-13T15:49:00,2011-07-13T15:49:00,Supplier,Send invoice,Kiu Kan
748,2011-07-14T06:17:00,2011-07-14T06:20:00,Financial Manager,Release Supplier's Invoice,Pedro Alvares
748,2011-07-14T06:20:00,2011-07-14T06:20:00,Financial Manager,Authorize Supplier's Invoice payment,Pedro Alvares
748,2011-07-14T06:38:00,2011-07-14T06:52:00,Financial Manager,Pay invoice,Karalda Nimwada
748,2011-09-07T05:08:00,2011-09-07T05:09:00,Requester,Release Purchase Order,Christian Francois
748,2011-09-07T09:55:00,2011-09-07T09:56:00,Purchasing Agent,Approve Purchase Order for payment,Magdalena Predutta
75,2011-01-13T23:17:00,2011-01-14T05:01:00,Purchasing Agent,Create Quotation comparison Map,Francois de Perrier
75,2011-01-14T12:34:00,2011-01-14T12:59:00,Requester,Analyze Quotation comparison Map,Miu Hanwan
75,2011-01-14T12:59:00,2011-01-14T12:59:00,Requester,Choose best option,Kim Passa
75,2011-01-14T18:23:00,2011-01-15T05:38:00,Purchasing Agent,Settle conditions with supplier,Magdalena Predutta
75,2011-01-15T16:54:00,2011-01-15T17:02:00,Purchasing Agent,Create Purchase Order,Karel de Groot
75,2011-01-16T22:13:00,2011-01-16T22:37:00,Supplier,Confirm Purchase Order,Esmeralda Clay
75,2011-01-17T09:10:00,2011-01-18T23:05:00,Supplier,Deliver Goods Services,Sean Manney
75,2011-01-19T07:18:00,2011-01-19T07:19:00,Requester,Release Purchase Order,Elvira Lores
75,2011-01-19T18:01:00,2011-01-19T18:02:00,Purchasing Agent,Approve Purchase Order for payment,Magdalena Predutta
75,2011-01-20T19:29:00,2011-01-20T19:29:00,Supplier,Send invoice,Sean Manney
75,2011-01-21T09:43:00,2011-01-21T09:50:00,Financial Manager,Release Supplier's Invoice,Karalda Nimwada
75,2011-01-21T09:50:00,2011-01-21T09:50:00,Financial Manager,Authorize Supplier's Invoice payment,Karalda Nimwada
75,2011-01-21T10:44:00,2011-01-21T10:56:00,Financial Manager,Pay invoice,Karalda Nimwada
75,2011-10-01T03:12:00,2011-10-01T03:30:00,Requester,Create Purchase Requisition,Clement Duchot
75,2011-10-01T04:57:00,2011-10-01T05:08:00,Requester,Create Request for Quotation Requester,Anne Olwada
75,2011-11-01T22:41:00,2011-11-01T23:06:00,Purchasing Agent,Analyze Request for Quotation,Magdalena Predutta
75,2011-12-01T22:05:00,2011-12-01T22:37:00,Purchasing Agent,Send Request for Quotation to Supplier,Francois de Perrier
753,2011-04-19T23:34:00,2011-04-19T23:50:00,Requester,Create Purchase Requisition,Elvira Lores
753,2011-04-20T14:28:00,2011-04-20T14:36:00,Requester Manager,Analyze Purchase Requisition,Heinz Gutschmidt
754,2011-04-20T02:23:00,2011-04-20T02:33:00,Requester,Create Purchase Requisition,Penn Osterwalder
754,2011-04-20T19:04:00,2011-04-20T19:11:00,Requester Manager,Analyze Purchase Requisition,Heinz Gutschmidt
754,2011-04-20T19:15:00,2011-04-20T19:18:00,Requester Manager,Create Request for Quotation Requester Manager,Maris Freeman
754,2011-04-24T05:57:00,2011-04-24T06:21:00,Purchasing Agent,Analyze Request for Quotation,Francois de Perrier
76,2011-01-13T22:26:00,2011-01-13T22:55:00,Purchasing Agent,Send Request for Quotation to Supplier,Karel de Groot
76,2011-01-14T21:47:00,2011-01-15T01:20:00,Purchasing Agent,Create Quotation comparison Map,Francois de Perrier
76,2011-01-15T08:07:00,2011-01-15T08:17:00,Requester,Analyze Quotation comparison Map,Immanuel Karagianni
76,2011-01-15T08:17:00,2011-01-15T08:17:00,Requester,Choose best option,Penn Osterwalder
76,2011-01-15T17:05:00,2011-01-15T23:05:00,Purchasing Agent,Settle conditions with supplier,Francois de Perrier
76,2011-01-16T19:20:00,2011-01-16T19:31:00,Purchasing Agent,Create Purchase Order,Francois de Perrier
76,2011-01-17T04:35:00,2011-01-17T05:08:00,Supplier,Confirm Purchase Order,Kiu Kan
76,2011-01-18T15:38:00,2011-01-18T23:32:00,Supplier,Deliver Goods Services,Karen Clarens
76,2011-01-19T07:01:00,2011-01-19T07:02:00,Requester,Release Purchase Order,Penn Osterwalder
76,2011-01-19T16:19:00,2011-01-19T16:20:00,Purchasing Agent,Approve Purchase Order for payment,Francois de Perrier
76,2011-01-22T06:20:00,2011-01-22T06:20:00,Supplier,Send invoice,Carmen Finacse
76,2011-01-22T20:50:00,2011-01-22T20:55:00,Financial Manager,Release Supplier's Invoice,Pedro Alvares
76,2011-01-22T20:56:00,2011-01-22T20:56:00,Financial Manager,Authorize Supplier's Invoice payment,Karalda Nimwada
76,2011-01-22T21:19:00,2011-01-22T21:24:00,Financial Manager,Pay invoice,Karalda Nimwada
76,2011-10-01T06:42:00,2011-10-01T07:23:00,Requester,Create Purchase Requisition,Fjodor Kowalski
76,2011-11-01T01:05:00,2011-11-01T01:09:00,Requester Manager,Analyze Purchase Requisition,Francis Odell
76,2011-11-01T01:17:00,2011-11-01T01:18:00,Requester Manager,Create Request for Quotation Requester Manager,Francis Odell
76,2011-12-01T03:23:00,2011-12-01T03:33:00,Purchasing Agent,Analyze Request for Quotation,Magdalena Predutta
76,2011-12-01T04:24:00,2011-12-01T04:30:00,Requester Manager,Amend Request for Quotation Requester,Anne Olwada
76,2011-12-01T05:47:00,2011-12-01T06:15:00,Purchasing Agent,Analyze Request for Quotation,Magdalena Predutta
770,2011-04-22T20:27:00,2011-04-22T21:10:00,Requester,Create Purchase Requisition,Anne Olwada
770,2011-04-23T11:11:00,2011-04-23T11:18:00,Requester Manager,Analyze Purchase Requisition,Heinz Gutschmidt
770,2011-04-23T11:26:00,2011-04-23T11:29:00,Requester Manager,Create Request for Quotation Requester Manager,Heinz Gutschmidt
770,2011-04-27T03:53:00,2011-04-27T04:06:00,Purchasing Agent,Analyze Request for Quotation,Karel de Groot
78,2011-01-13T06:24:00,2011-01-13T06:57:00,Requester,Analyze Quotation comparison Map,Esmana Liubiata
78,2011-01-13T06:57:00,2011-01-13T06:57:00,Requester,Choose best option,Penn Osterwalder
78,2011-01-13T15:09:00,2011-01-13T20:44:00,Purchasing Agent,Settle conditions with supplier,Magdalena Predutta
78,2011-01-14T08:23:00,2011-01-14T08:33:00,Purchasing Agent,Create Purchase Order,Magdalena Predutta
78,2011-01-18T15:18:00,2011-01-18T15:38:00,Supplier,Confirm Purchase Order,Karen Clarens
78,2011-01-20T11:11:00,2011-01-22T05:49:00,Supplier,Deliver Goods Services,Kiu Kan
78,2011-01-22T13:08:00,2011-01-22T13:09:00,Requester,Release Purchase Order,Alberto Duport
78,2011-01-23T02:26:00,2011-01-23T02:27:00,Purchasing Agent,Approve Purchase Order for payment,Francois de Perrier
78,2011-01-24T21:32:00,2011-01-24T21:32:00,Supplier,Send invoice,Esmeralda Clay
78,2011-01-25T11:58:00,2011-01-25T12:01:00,Financial Manager,Release Supplier's Invoice,Pedro Alvares
78,2011-01-25T12:01:00,2011-01-25T12:01:00,Financial Manager,Authorize Supplier's Invoice payment,Pedro Alvares
78,2011-01-25T12:20:00,2011-01-25T12:31:00,Financial Manager,Pay invoice,Pedro Alvares
78,2011-10-01T13:35:00,2011-10-01T14:25:00,Requester,Create Purchase Requisition,Anna Kaufmann
78,2011-10-01T19:59:00,2011-10-01T20:05:00,Requester,Create Request for Quotation Requester,Miu Hanwan
78,2011-12-01T01:12:00,2011-12-01T01:40:00,Purchasing Agent,Analyze Request for Quotation,Magdalena Predutta
78,2011-12-01T16:51:00,2011-12-01T17:12:00,Purchasing Agent,Send Request for Quotation to Supplier,Magdalena Predutta
78,2011-12-01T21:28:00,2011-12-01T23:44:00,Purchasing Agent,Create Quotation comparison Map,Karel de Groot
789,2011-02-05T09:25:00,2011-02-05T13:31:00,Purchasing Agent,Settle conditions with supplier,Karel de Groot
789,2011-02-05T14:25:00,2011-02-05T14:34:00,Purchasing Agent,Create Purchase Order,Karel de Groot
789,2011-03-05T09:12:00,2011-03-05T09:35:00,Supplier,Confirm Purchase Order,Sean Manney
789,2011-04-27T10:48:00,2011-04-27T11:28:00,Requester,Create Purchase Requisition,Fjodor Kowalski
789,2011-04-27T21:56:00,2011-04-27T22:02:00,Requester Manager,Analyze Purchase Requisition,Maris Freeman
789,2011-04-27T22:08:00,2011-04-27T22:11:00,Requester Manager,Create Request for Quotation Requester Manager,Heinz Gutschmidt
789,2011-04-29T00:16:00,2011-04-29T00:35:00,Purchasing Agent,Analyze Request for Quotation,Magdalena Predutta
789,2011-04-29T06:58:00,2011-04-29T07:21:00,Purchasing Agent,Send Request for Quotation to Supplier,Karel de Groot
789,2011-04-29T10:16:00,2011-04-29T12:38:00,Purchasing Agent,Create Quotation comparison Map,Francois de Perrier
789,2011-04-29T18:53:00,2011-04-29T19:14:00,Requester,Analyze Quotation comparison Map,Tesca Lobes
789,2011-04-29T19:14:00,2011-04-29T19:14:00,Requester,Choose best option,Immanuel Karagianni
789,2011-05-05T08:47:00,2011-06-05T09:02:00,Supplier,Deliver Goods Services,Kiu Kan
789,2011-06-05T16:48:00,2011-06-05T16:49:00,Requester,Release Purchase Order,Anna Kaufmann
789,2011-06-06T00:21:00,2011-06-06T00:22:00,Purchasing Agent,Approve Purchase Order for payment,Francois de Perrier
789,2011-08-05T20:17:00,2011-08-05T20:17:00,Supplier,Send invoice,Sean Manney
789,2011-09-05T10:37:00,2011-09-05T10:41:00,Financial Manager,Release Supplier's Invoice,Karalda Nimwada
789,2011-09-05T10:41:00,2011-09-05T10:41:00,Financial Manager,Authorize Supplier's Invoice payment,Karalda Nimwada
789,2011-09-05T11:32:00,2011-09-05T11:41:00,Financial Manager,Pay invoice,Pedro Alvares
79,2011-01-13T02:15:00,2011-01-13T06:14:00,Purchasing Agent,Settle conditions with supplier,Magdalena Predutta
79,2011-01-13T22:55:00,2011-01-13T23:06:00,Purchasing Agent,Create Purchase Order,Karel de Groot
79,2011-01-14T04:34:00,2011-01-14T05:04:00,Supplier,Confirm Purchase Order,Esmeralda Clay
79,2011-01-16T06:01:00,2011-01-16T19:14:00,Supplier,Deliver Goods Services,Karen Clarens
79,2011-01-17T03:02:00,2011-01-17T03:03:00,Requester,Release Purchase Order,Penn Osterwalder
79,2011-01-17T21:38:00,2011-01-17T21:39:00,Purchasing Agent,Approve Purchase Order for payment,Francois de Perrier
79,2011-01-19T10:15:00,2011-01-19T10:15:00,Supplier,Send invoice,Esmeralda Clay
79,2011-01-20T00:37:00,2011-01-20T00:42:00,Financial Manager,Release Supplier's Invoice,Karalda Nimwada
79,2011-01-20T00:44:00,2011-01-20T00:44:00,Financial Manager,Authorize Supplier's Invoice payment,Pedro Alvares
79,2011-01-20T01:39:00,2011-01-20T01:50:00,Financial Manager,Pay invoice,Karalda Nimwada
79,2011-10-01T14:10:00,2011-10-01T14:56:00,Requester,Create Purchase Requisition,Elvira Lores
79,2011-11-01T06:32:00,2011-11-01T06:37:00,Requester Manager,Analyze Purchase Requisition,Maris Freeman
79,2011-11-01T06:41:00,2011-11-01T06:43:00,Requester Manager,Create Request for Quotation Requester Manager,Francis Odell
79,2011-12-01T03:53:00,2011-12-01T04:10:00,Purchasing Agent,Analyze Request for Quotation,Magdalena Predutta
79,2011-12-01T14:27:00,2011-12-01T14:57:00,Purchasing Agent,Send Request for Quotation to Supplier,Francois de Perrier
79,2011-12-01T15:11:00,2011-12-01T15:52:00,Purchasing Agent,Create Quotation comparison Map,Karel de Groot
79,2011-12-01T22:37:00,2011-12-01T23:03:00,Requester,Analyze Quotation comparison Map,Alberto Duport
79,2011-12-01T23:03:00,2011-12-01T23:03:00,Requester,Choose best option,Penn Osterwalder
8,2011-01-01T13:27:00,2011-01-01T14:17:00,Requester,Create Purchase Requisition,Fjodor Kowalski
8,2011-01-01T17:00:00,2011-01-01T17:07:00,Requester,Create Request for Quotation Requester,Tesca Lobes
8,2011-01-01T18:04:00,2011-01-01T18:27:00,Purchasing Agent,Analyze Request for Quotation,Francois de Perrier
8,2011-01-01T19:21:00,2011-01-01T19:34:00,Requester Manager,Amend Request for Quotation Requester,Tesca Lobes
8,2011-01-01T20:35:00,2011-01-01T21:01:00,Purchasing Agent,Analyze Request for Quotation,Magdalena Predutta
8,2011-02-01T08:20:00,2011-02-01T08:48:00,Purchasing Agent,Send Request for Quotation to Supplier,Francois de Perrier
8,2011-02-01T09:10:00,2011-02-01T14:33:00,Purchasing Agent,Create Quotation comparison Map,Karel de Groot
8,2011-02-01T21:08:00,2011-02-01T21:14:00,Requester,Analyze Quotation comparison Map,Anne Olwada
8,2011-02-01T21:14:00,2011-02-01T21:14:00,Requester,Choose best option,Immanuel Karagianni
8,2011-02-01T23:40:00,2011-03-01T11:50:00,Purchasing Agent,Settle conditions with supplier,Karel de Groot
8,2011-03-01T14:07:00,2011-03-01T14:19:00,Purchasing Agent,Create Purchase Order,Karel de Groot
8,2011-03-01T18:06:00,2011-03-01T18:31:00,Supplier,Confirm Purchase Order,Sean Manney
8,2011-04-01T05:00:00,2011-05-01T10:34:00,Supplier,Deliver Goods Services,Sean Manney
8,2011-05-01T18:11:00,2011-05-01T18:12:00,Requester,Release Purchase Order,Esmana Liubiata
8,2011-06-01T13:47:00,2011-06-01T13:48:00,Purchasing Agent,Approve Purchase Order for payment,Francois de Perrier
8,2011-07-01T01:19:00,2011-07-01T01:19:00,Supplier,Send invoice,Kiu Kan
8,2011-07-01T15:41:00,2011-07-01T15:48:00,Financial Manager,Release Supplier's Invoice,Pedro Alvares
8,2011-07-01T15:48:00,2011-07-01T15:48:00,Financial Manager,Authorize Supplier's Invoice payment,Karalda Nimwada
8,2011-07-01T15:53:00,2011-07-01T16:04:00,Financial Manager,Pay invoice,Pedro Alvares
809,2011-01-05T08:34:00,2011-01-05T08:42:00,Requester Manager,Analyze Purchase Requisition,Francis Odell
809,2011-01-05T08:47:00,2011-01-05T08:49:00,Requester Manager,Create Request for Quotation Requester Manager,Francis Odell
809,2011-02-05T03:33:00,2011-02-05T03:56:00,Purchasing Agent,Analyze Request for Quotation,Magdalena Predutta
809,2011-02-05T04:52:00,2011-02-05T04:59:00,Requester Manager,Amend Request for Quotation Requester,Immanuel Karagianni
809,2011-02-05T18:25:00,2011-02-05T19:00:00,Purchasing Agent,Analyze Request for Quotation,Francois de Perrier
809,2011-03-05T16:06:00,2011-03-05T16:25:00,Purchasing Agent,Send Request for Quotation to Supplier,Karel de Groot
809,2011-03-05T20:40:00,2011-03-05T22:06:00,Purchasing Agent,Create Quotation comparison Map,Magdalena Predutta
809,2011-04-05T05:31:00,2011-04-05T05:37:00,Requester,Analyze Quotation comparison Map,Alberto Duport
809,2011-04-05T05:37:00,2011-04-05T05:37:00,Requester,Choose best option,Miu Hanwan
809,2011-04-05T17:36:00,2011-05-05T06:09:00,Purchasing Agent,Settle conditions with supplier,Francois de Perrier
809,2011-04-30T10:36:00,2011-04-30T11:25:00,Requester,Create Purchase Requisition,Immanuel Karagianni
809,2011-05-13T02:53:00,2011-05-13T02:59:00,Financial Manager,Release Supplier's Invoice,Pedro Alvares
809,2011-05-13T03:38:00,2011-05-13T04:06:00,Financial Manager,Settle dispute with supplier Financial Manager,Pedro Alvares
809,2011-05-13T04:12:00,2011-05-13T04:12:00,Financial Manager,Authorize Supplier's Invoice payment,Pedro Alvares
809,2011-05-13T05:08:00,2011-05-13T05:18:00,Financial Manager,Pay invoice,Pedro Alvares
809,2011-07-05T04:19:00,2011-07-05T04:32:00,Purchasing Agent,Create Purchase Order,Francois de Perrier
809,2011-07-05T10:41:00,2011-07-05T10:52:00,Supplier,Confirm Purchase Order,Kiu Kan
809,2011-10-05T08:06:00,2011-10-05T22:47:00,Supplier,Deliver Goods Services,Sean Manney
809,2011-11-05T05:06:00,2011-11-05T05:07:00,Requester,Release Purchase Order,Elvira Lores
809,2011-11-05T13:44:00,2011-11-05T13:45:00,Purchasing Agent,Approve Purchase Order for payment,Karel de Groot
809,2011-12-05T11:27:00,2011-12-05T11:27:00,Supplier,Send invoice,Esmeralda Clay
812,2011-01-05T04:18:00,2011-01-05T05:06:00,Requester,Create Purchase Requisition,Kim Passa
812,2011-01-05T08:06:00,2011-01-05T08:15:00,Requester,Create Request for Quotation Requester,Clement Duchot
812,2011-02-05T19:20:00,2011-02-05T19:44:00,Purchasing Agent,Analyze Request for Quotation,Francois de Perrier
812,2011-02-05T23:58:00,2011-03-05T00:21:00,Purchasing Agent,Send Request for Quotation to Supplier,Karel de Groot
812,2011-03-05T00:48:00,2011-03-05T05:14:00,Purchasing Agent,Create Quotation comparison Map,Francois de Perrier
812,2011-03-05T12:12:00,2011-03-05T12:43:00,Requester,Analyze Quotation comparison Map,Tesca Lobes
812,2011-03-05T12:43:00,2011-03-05T12:43:00,Requester,Choose best option,Esmana Liubiata
812,2011-03-05T16:57:00,2011-04-05T05:47:00,Purchasing Agent,Settle conditions with supplier,Francois de Perrier
812,2011-04-05T14:48:00,2011-04-05T14:58:00,Purchasing Agent,Create Purchase Order,Karel de Groot
812,2011-04-06T00:33:00,2011-04-06T00:57:00,Supplier,Confirm Purchase Order,Esmeralda Clay
812,2011-08-05T21:31:00,2011-09-05T18:56:00,Supplier,Deliver Goods Services,Kiu Kan
812,2011-10-05T02:41:00,2011-10-05T02:42:00,Requester,Release Purchase Order,Miu Hanwan
812,2011-10-05T11:49:00,2011-10-05T11:50:00,Purchasing Agent,Approve Purchase Order for payment,Francois de Perrier
812,2011-12-05T07:08:00,2011-12-05T07:08:00,Supplier,Send invoice,Kiu Kan
812,2011-12-05T21:33:00,2011-12-05T21:33:00,Financial Manager,Authorize Supplier's Invoice payment,Karalda Nimwada
812,2011-12-05T22:09:00,2011-12-05T22:24:00,Financial Manager,Pay invoice,Pedro Alvares
816,2011-01-05T14:25:00,2011-01-05T14:54:00,Requester,Create Purchase Requisition,Anna Kaufmann
816,2011-01-05T22:39:00,2011-01-05T22:52:00,Requester,Create Request for Quotation Requester,Alberto Duport
816,2011-04-07T07:50:00,2011-04-07T08:04:00,Supplier,Confirm Purchase Order,Sean Manney
816,2011-06-25T16:57:00,2011-06-25T17:32:00,Purchasing Agent,Analyze Request for Quotation,Magdalena Predutta
816,2011-06-26T14:08:00,2011-06-26T14:38:00,Purchasing Agent,Send Request for Quotation to Supplier,Karel de Groot
816,2011-06-26T23:24:00,2011-06-27T01:43:00,Purchasing Agent,Create Quotation comparison Map,Karel de Groot
816,2011-06-27T08:29:00,2011-06-27T08:42:00,Requester,Analyze Quotation comparison Map,Nico Ojenbeer
816,2011-06-27T08:42:00,2011-06-27T08:42:00,Requester,Choose best option,Esmana Liubiata
816,2011-06-28T03:33:00,2011-06-28T10:34:00,Purchasing Agent,Settle conditions with supplier,Francois de Perrier
816,2011-06-28T13:27:00,2011-06-28T13:37:00,Purchasing Agent,Create Purchase Order,Francois de Perrier
816,2011-07-14T10:09:00,2011-07-16T00:13:00,Supplier,Deliver Goods Services,Kiu Kan
816,2011-07-16T07:46:00,2011-07-16T07:47:00,Requester,Release Purchase Order,Anna Kaufmann
816,2011-07-17T22:43:00,2011-07-17T22:44:00,Purchasing Agent,Approve Purchase Order for payment,Karel de Groot
816,2011-07-24T09:24:00,2011-07-24T09:24:00,Supplier,Send invoice,Carmen Finacse
816,2011-07-24T23:43:00,2011-07-24T23:46:00,Financial Manager,Release Supplier's Invoice,Pedro Alvares
816,2011-07-24T23:46:00,2011-07-24T23:46:00,Financial Manager,Authorize Supplier's Invoice payment,Pedro Alvares
816,2011-07-25T00:32:00,2011-07-25T00:41:00,Financial Manager,Pay invoice,Karalda Nimwada
816,2011-09-06T16:37:00,2011-09-06T16:49:00,Purchasing Agent,Analyze Request for Quotation,Magdalena Predutta
816,2011-09-06T17:37:00,2011-09-06T17:48:00,Requester Manager,Amend Request for Quotation Requester,Kim Passa
819,2011-01-05T19:52:00,2011-01-05T20:43:00,Requester,Create Purchase Requisition,Penn Osterwalder
819,2011-01-05T21:03:00,2011-01-05T21:14:00,Requester,Create Request for Quotation Requester,Immanuel Karagianni
819,2011-02-05T22:51:00,2011-02-05T23:24:00,Purchasing Agent,Analyze Request for Quotation,Francois de Perrier
819,2011-04-05T01:16:00,2011-04-05T01:36:00,Purchasing Agent,Send Request for Quotation to Supplier,Magdalena Predutta
819,2011-05-05T03:30:00,2011-05-05T09:05:00,Purchasing Agent,Create Quotation comparison Map,Magdalena Predutta
819,2011-05-05T16:02:00,2011-05-05T16:16:00,Requester,Analyze Quotation comparison Map,Fjodor Kowalski
819,2011-05-05T16:16:00,2011-05-05T16:16:00,Requester,Choose best option,Esmana Liubiata
819,2011-05-05T22:00:00,2011-06-05T11:03:00,Purchasing Agent,Settle conditions with supplier,Magdalena Predutta
819,2011-05-13T02:45:00,2011-05-13T02:46:00,Purchasing Agent,Approve Purchase Order for payment,Francois de Perrier
819,2011-05-14T06:44:00,2011-05-14T06:44:00,Supplier,Send invoice,Carmen Finacse
819,2011-05-14T21:11:00,2011-05-14T21:15:00,Financial Manager,Release Supplier's Invoice,Pedro Alvares
819,2011-05-14T21:39:00,2011-05-14T21:55:00,Financial Manager,Settle dispute with supplier Financial Manager,Karalda Nimwada
819,2011-05-14T21:55:00,2011-05-14T21:55:00,Financial Manager,Authorize Supplier's Invoice payment,Karalda Nimwada
819,2011-05-14T22:24:00,2011-05-14T22:37:00,Financial Manager,Pay invoice,Pedro Alvares
819,2011-07-05T02:15:00,2011-07-05T02:24:00,Purchasing Agent,Create Purchase Order,Francois de Perrier
819,2011-07-05T06:41:00,2011-07-05T07:01:00,Supplier,Confirm Purchase Order,Karen Clarens
819,2011-10-05T20:51:00,2011-12-05T11:05:00,Supplier,Deliver Goods Services,Esmeralda Clay
819,2011-12-05T18:55:00,2011-12-05T18:56:00,Requester,Release Purchase Order,Clement Duchot
82,2011-10-01T20:09:00,2011-10-01T20:43:00,Requester,Create Purchase Requisition,Alberto Duport
82,2011-11-01T02:53:00,2011-11-01T03:02:00,Requester,Create Request for Quotation Requester,Alberto Duport
82,2011-12-01T02:50:00,2011-12-01T03:14:00,Purchasing Agent,Analyze Request for Quotation,Karel de Groot
822,2011-01-05T20:41:00,2011-01-05T20:52:00,Requester,Create Purchase Requisition,Fjodor Kowalski
822,2011-02-05T16:33:00,2011-02-05T16:40:00,Requester Manager,Analyze Purchase Requisition,Maris Freeman
826,2011-01-08T00:11:00,2011-01-08T00:11:00,Supplier,Send invoice,Sean Manney
826,2011-01-08T14:23:00,2011-01-08T14:30:00,Financial Manager,Release Supplier's Invoice,Karalda Nimwada
826,2011-01-08T14:30:00,2011-01-08T14:30:00,Financial Manager,Authorize Supplier's Invoice payment,Pedro Alvares
826,2011-01-08T15:31:00,2011-01-08T15:44:00,Financial Manager,Pay invoice,Karalda Nimwada
826,2011-02-05T14:39:00,2011-02-05T15:30:00,Requester,Create Purchase Requisition,Clement Duchot
826,2011-03-05T15:47:00,2011-03-05T15:51:00,Requester Manager,Analyze Purchase Requisition,Maris Freeman
826,2011-03-05T15:58:00,2011-03-05T16:00:00,Requester Manager,Create Request for Quotation Requester Manager,Maris Freeman
826,2011-05-13T05:21:00,2011-05-13T05:43:00,Purchasing Agent,Analyze Request for Quotation,Magdalena Predutta
826,2011-05-13T06:36:00,2011-05-13T06:46:00,Requester Manager,Amend Request for Quotation Requester,Clement Duchot
826,2011-06-07T04:49:00,2011-06-07T04:59:00,Purchasing Agent,Analyze Request for Quotation,Magdalena Predutta
826,2011-06-07T05:41:00,2011-06-07T05:46:00,Requester Manager,Amend Request for Quotation Requester,Fjodor Kowalski
826,2011-07-22T00:09:00,2011-07-22T00:27:00,Purchasing Agent,Analyze Request for Quotation,Karel de Groot
826,2011-07-22T13:46:00,2011-07-22T14:08:00,Purchasing Agent,Send Request for Quotation to Supplier,Magdalena Predutta
826,2011-07-22T18:07:00,2011-07-22T20:35:00,Purchasing Agent,Create Quotation comparison Map,Francois de Perrier
826,2011-07-23T03:27:00,2011-07-23T03:54:00,Requester,Analyze Quotation comparison Map,Anna Kaufmann
826,2011-07-23T03:54:00,2011-07-23T03:54:00,Requester,Choose best option,Fjodor Kowalski
826,2011-07-23T17:00:00,2011-07-24T07:28:00,Purchasing Agent,Settle conditions with supplier,Magdalena Predutta
826,2011-07-24T10:00:00,2011-07-24T10:10:00,Purchasing Agent,Create Purchase Order,Magdalena Predutta
826,2011-07-24T22:16:00,2011-07-24T22:23:00,Supplier,Confirm Purchase Order,Carmen Finacse
826,2011-07-26T11:05:00,2011-07-28T03:10:00,Supplier,Deliver Goods Services,Carmen Finacse
826,2011-07-28T10:23:00,2011-07-28T10:24:00,Requester,Release Purchase Order,Esmana Liubiata
826,2011-07-28T13:07:00,2011-07-28T22:07:00,Purchasing Agent,Settle dispute with supplier Purchasing Agent,Francois de Perrier
826,2011-07-29T05:37:00,2011-07-29T05:38:00,Requester,Release Purchase Order,Anne Olwada
826,2011-07-29T15:32:00,2011-07-29T15:33:00,Purchasing Agent,Approve Purchase Order for payment,Karel de Groot
83,2011-01-13T02:55:00,2011-01-13T03:08:00,Purchasing Agent,Create Purchase Order,Karel de Groot
83,2011-01-14T00:31:00,2011-01-14T01:04:00,Supplier,Confirm Purchase Order,Sean Manney
83,2011-01-15T19:09:00,2011-01-17T02:34:00,Supplier,Deliver Goods Services,Kiu Kan
83,2011-01-17T10:01:00,2011-01-17T10:02:00,Requester,Release Purchase Order,Fjodor Kowalski
83,2011-01-18T22:34:00,2011-01-18T22:35:00,Purchasing Agent,Approve Purchase Order for payment,Magdalena Predutta
83,2011-01-19T09:10:00,2011-01-19T09:10:00,Supplier,Send invoice,Kiu Kan
83,2011-01-19T23:41:00,2011-01-19T23:48:00,Financial Manager,Release Supplier's Invoice,Karalda Nimwada
83,2011-01-19T23:48:00,2011-01-19T23:48:00,Financial Manager,Authorize Supplier's Invoice payment,Karalda Nimwada
83,2011-01-20T00:36:00,2011-01-20T00:44:00,Financial Manager,Pay invoice,Pedro Alvares
83,2011-10-01T20:41:00,2011-10-01T20:53:00,Requester,Create Purchase Requisition,Penn Osterwalder
83,2011-11-01T19:31:00,2011-11-01T19:36:00,Requester Manager,Analyze Purchase Requisition,Maris Freeman
83,2011-11-01T19:41:00,2011-11-01T19:43:00,Requester Manager,Create Request for Quotation Requester Manager,Maris Freeman
83,2011-12-01T01:02:00,2011-12-01T01:28:00,Purchasing Agent,Analyze Request for Quotation,Karel de Groot
83,2011-12-01T04:51:00,2011-12-01T05:18:00,Purchasing Agent,Send Request for Quotation to Supplier,Karel de Groot
83,2011-12-01T05:47:00,2011-12-01T07:24:00,Purchasing Agent,Create Quotation comparison Map,Karel de Groot
83,2011-12-01T14:06:00,2011-12-01T14:32:00,Requester,Analyze Quotation comparison Map,Fjodor Kowalski
83,2011-12-01T14:32:00,2011-12-01T14:32:00,Requester,Choose best option,Nico Ojenbeer
83,2011-12-01T17:50:00,2011-12-01T23:34:00,Purchasing Agent,Settle conditions with supplier,Magdalena Predutta
832,2011-03-05T06:26:00,2011-03-05T07:00:00,Requester,Create Purchase Requisition,Miu Hanwan
832,2011-04-05T08:03:00,2011-04-05T08:08:00,Requester Manager,Analyze Purchase Requisition,Maris Freeman
832,2011-04-05T08:12:00,2011-04-05T08:14:00,Requester Manager,Create Request for Quotation Requester Manager,Heinz Gutschmidt
832,2011-05-05T21:20:00,2011-05-05T21:28:00,Purchasing Agent,Analyze Request for Quotation,Magdalena Predutta
832,2011-05-13T02:52:00,2011-05-13T02:58:00,Financial Manager,Release Supplier's Invoice,Karalda Nimwada
832,2011-05-13T02:58:00,2011-05-13T02:58:00,Financial Manager,Authorize Supplier's Invoice payment,Karalda Nimwada
832,2011-05-13T04:06:00,2011-05-13T04:12:00,Financial Manager,Pay invoice,Pedro Alvares
832,2011-06-05T11:22:00,2011-06-05T11:48:00,Purchasing Agent,Send Request for Quotation to Supplier,Francois de Perrier
832,2011-06-05T18:54:00,2011-06-05T22:03:00,Purchasing Agent,Create Quotation comparison Map,Magdalena Predutta
832,2011-07-05T04:28:00,2011-07-05T04:43:00,Requester,Analyze Quotation comparison Map,Elvira Lores
832,2011-07-05T04:43:00,2011-07-05T04:43:00,Requester,Choose best option,Immanuel Karagianni
832,2011-07-05T07:32:00,2011-07-05T16:04:00,Purchasing Agent,Settle conditions with supplier,Francois de Perrier
832,2011-07-05T21:35:00,2011-07-05T21:47:00,Purchasing Agent,Create Purchase Order,Francois de Perrier
832,2011-08-05T20:17:00,2011-08-05T20:44:00,Supplier,Confirm Purchase Order,Sean Manney
832,2011-09-05T13:46:00,2011-09-05T20:59:00,Supplier,Deliver Goods Services,Carmen Finacse
832,2011-10-05T04:10:00,2011-10-05T04:11:00,Requester,Release Purchase Order,Clement Duchot
832,2011-10-05T19:53:00,2011-10-05T19:54:00,Purchasing Agent,Approve Purchase Order for payment,Magdalena Predutta
832,2011-12-05T11:27:00,2011-12-05T11:27:00,Supplier,Send invoice,Esmeralda Clay
835,2011-03-05T18:23:00,2011-03-05T19:19:00,Requester,Create Purchase Requisition,Alberto Duport
835,2011-04-05T12:24:00,2011-04-05T12:29:00,Requester Manager,Analyze Purchase Requisition,Heinz Gutschmidt
835,2011-04-05T12:34:00,2011-04-05T12:35:00,Requester Manager,Create Request for Quotation Requester Manager,Heinz Gutschmidt
835,2011-04-05T23:46:00,2011-04-06T00:21:00,Purchasing Agent,Analyze Request for Quotation,Karel de Groot
835,2011-05-05T11:30:00,2011-05-05T11:52:00,Purchasing Agent,Send Request for Quotation to Supplier,Karel de Groot
835,2011-05-05T14:35:00,2011-05-05T15:51:00,Purchasing Agent,Create Quotation comparison Map,Magdalena Predutta
835,2011-05-05T22:36:00,2011-05-05T23:00:00,Requester,Analyze Quotation comparison Map,Nico Ojenbeer
835,2011-05-05T23:00:00,2011-05-05T23:00:00,Requester,Choose best option,Nico Ojenbeer
835,2011-05-15T00:10:00,2011-05-16T07:09:00,Supplier,Deliver Goods Services,Karen Clarens
835,2011-05-16T14:47:00,2011-05-16T14:48:00,Requester,Release Purchase Order,Clement Duchot
835,2011-05-17T16:42:00,2011-05-17T16:43:00,Purchasing Agent,Approve Purchase Order for payment,Francois de Perrier
835,2011-05-20T08:57:00,2011-05-20T08:57:00,Supplier,Send invoice,Carmen Finacse
835,2011-05-20T23:10:00,2011-05-20T23:16:00,Financial Manager,Release Supplier's Invoice,Karalda Nimwada
835,2011-05-20T23:16:00,2011-05-20T23:16:00,Financial Manager,Authorize Supplier's Invoice payment,Karalda Nimwada
835,2011-05-20T23:46:00,2011-05-20T23:52:00,Financial Manager,Pay invoice,Karalda Nimwada
835,2011-06-05T14:03:00,2011-07-05T03:13:00,Purchasing Agent,Settle conditions with supplier,Karel de Groot
835,2011-07-05T05:08:00,2011-07-05T05:16:00,Purchasing Agent,Create Purchase Order,Francois de Perrier
835,2011-12-05T21:46:00,2011-12-05T22:20:00,Supplier,Confirm Purchase Order,Carmen Finacse
837,2011-03-05T23:34:00,2011-04-05T01:20:00,Requester,Create Purchase Requisition,Clement Duchot
837,2011-04-05T16:20:00,2011-04-05T16:24:00,Requester Manager,Analyze Purchase Requisition,Francis Odell
837,2011-04-05T16:30:00,2011-04-05T16:32:00,Requester Manager,Create Request for Quotation Requester Manager,Francis Odell
837,2011-05-13T11:11:00,2011-05-13T23:45:00,Supplier,Deliver Goods Services,Karen Clarens
837,2011-05-14T06:56:00,2011-05-14T06:57:00,Requester,Release Purchase Order,Immanuel Karagianni
837,2011-05-15T02:27:00,2011-05-15T02:28:00,Purchasing Agent,Approve Purchase Order for payment,Francois de Perrier
837,2011-05-17T06:00:00,2011-05-17T06:00:00,Supplier,Send invoice,Carmen Finacse
837,2011-05-17T20:07:00,2011-05-17T20:14:00,Financial Manager,Release Supplier's Invoice,Karalda Nimwada
837,2011-05-17T20:14:00,2011-05-17T20:14:00,Financial Manager,Authorize Supplier's Invoice payment,Karalda Nimwada
837,2011-05-17T20:37:00,2011-05-17T20:44:00,Financial Manager,Pay invoice,Pedro Alvares
837,2011-08-05T13:56:00,2011-08-05T14:29:00,Purchasing Agent,Analyze Request for Quotation,Magdalena Predutta
837,2011-08-05T21:30:00,2011-08-05T21:45:00,Purchasing Agent,Send Request for Quotation to Supplier,Magdalena Predutta
837,2011-08-05T22:13:00,2011-09-05T01:50:00,Purchasing Agent,Create Quotation comparison Map,Magdalena Predutta
837,2011-09-05T08:19:00,2011-09-05T08:52:00,Requester,Analyze Quotation comparison Map,Clement Duchot
837,2011-09-05T08:52:00,2011-09-05T08:52:00,Requester,Choose best option,Clement Duchot
837,2011-09-05T11:05:00,2011-09-05T15:44:00,Purchasing Agent,Settle conditions with supplier,Magdalena Predutta
837,2011-09-05T16:42:00,2011-09-05T16:53:00,Purchasing Agent,Create Purchase Order,Magdalena Predutta
837,2011-10-05T20:19:00,2011-10-05T20:50:00,Supplier,Confirm Purchase Order,Carmen Finacse
841,2011-04-05T19:33:00,2011-04-05T19:47:00,Requester,Create Purchase Requisition,Esmana Liubiata
841,2011-04-05T23:23:00,2011-04-05T23:33:00,Requester,Create Request for Quotation Requester,Christian Francois
841,2011-05-13T09:30:00,2011-05-14T06:46:00,Supplier,Deliver Goods Services,Kiu Kan
841,2011-05-14T14:21:00,2011-05-14T14:22:00,Requester,Release Purchase Order,Tesca Lobes
841,2011-05-14T19:23:00,2011-05-14T19:24:00,Purchasing Agent,Approve Purchase Order for payment,Karel de Groot
841,2011-05-16T12:13:00,2011-05-16T12:13:00,Supplier,Send invoice,Esmeralda Clay
841,2011-05-17T02:33:00,2011-05-17T02:36:00,Financial Manager,Release Supplier's Invoice,Pedro Alvares
841,2011-05-17T02:36:00,2011-05-17T02:36:00,Financial Manager,Authorize Supplier's Invoice payment,Pedro Alvares
841,2011-05-17T02:42:00,2011-05-17T02:50:00,Financial Manager,Pay invoice,Pedro Alvares
841,2011-06-05T22:19:00,2011-06-05T22:53:00,Purchasing Agent,Analyze Request for Quotation,Magdalena Predutta
841,2011-07-05T10:18:00,2011-07-05T10:37:00,Purchasing Agent,Send Request for Quotation to Supplier,Magdalena Predutta
841,2011-07-05T11:17:00,2011-07-05T14:20:00,Purchasing Agent,Create Quotation comparison Map,Karel de Groot
841,2011-07-05T20:37:00,2011-07-05T21:07:00,Requester,Analyze Quotation comparison Map,Kim Passa
841,2011-07-05T21:07:00,2011-07-05T21:07:00,Requester,Choose best option,Christian Francois
841,2011-08-05T13:35:00,2011-08-05T23:58:00,Purchasing Agent,Settle conditions with supplier,Karel de Groot
841,2011-09-05T01:50:00,2011-09-05T02:00:00,Purchasing Agent,Create Purchase Order,Magdalena Predutta
841,2011-10-05T20:20:00,2011-10-05T20:28:00,Supplier,Confirm Purchase Order,Karen Clarens
846,2011-05-05T07:16:00,2011-05-05T07:26:00,Requester,Create Purchase Requisition,Alberto Duport
846,2011-06-05T04:45:00,2011-06-05T04:54:00,Requester Manager,Analyze Purchase Requisition,Maris Freeman
855,2011-05-31T20:41:00,2011-05-31T21:25:00,Purchasing Agent,Analyze Request for Quotation,Francois de Perrier
855,2011-05-31T22:16:00,2011-05-31T22:31:00,Requester Manager,Amend Request for Quotation Requester,Immanuel Karagianni
855,2011-06-05T01:54:00,2011-06-05T02:01:00,Requester,Create Purchase Requisition,Immanuel Karagianni
855,2011-06-05T16:20:00,2011-06-05T16:29:00,Requester Manager,Analyze Purchase Requisition,Maris Freeman
855,2011-06-05T16:36:00,2011-06-05T16:38:00,Requester Manager,Create Request for Quotation Requester Manager,Francis Odell
855,2011-07-05T05:16:00,2011-07-05T05:58:00,Purchasing Agent,Analyze Request for Quotation,Francois de Perrier
855,2011-07-05T21:58:00,2011-07-05T22:20:00,Requester Manager,Amend Request for Quotation Requester Manager,Francis Odell
855,2011-07-06T03:26:00,2011-07-06T03:36:00,Purchasing Agent,Analyze Request for Quotation,Francois de Perrier
855,2011-07-06T04:34:00,2011-07-06T04:47:00,Requester Manager,Amend Request for Quotation Requester,Kim Passa
855,2011-07-19T04:27:00,2011-07-19T04:59:00,Supplier,Confirm Purchase Order,Sean Manney
855,2011-07-20T17:28:00,2011-07-22T02:13:00,Supplier,Deliver Goods Services,Kiu Kan
855,2011-07-22T10:21:00,2011-07-22T10:22:00,Requester,Release Purchase Order,Immanuel Karagianni
855,2011-07-22T18:06:00,2011-07-22T18:07:00,Purchasing Agent,Approve Purchase Order for payment,Francois de Perrier
855,2011-07-24T22:01:00,2011-07-24T22:01:00,Supplier,Send invoice,Carmen Finacse
855,2011-07-25T12:20:00,2011-07-25T12:26:00,Financial Manager,Release Supplier's Invoice,Pedro Alvares
855,2011-07-25T12:26:00,2011-07-25T12:26:00,Financial Manager,Authorize Supplier's Invoice payment,Karalda Nimwada
855,2011-07-25T13:13:00,2011-07-25T13:19:00,Financial Manager,Pay invoice,Karalda Nimwada
855,2011-08-07T13:11:00,2011-08-07T13:37:00,Purchasing Agent,Analyze Request for Quotation,Karel de Groot
855,2011-09-07T01:57:00,2011-09-07T02:17:00,Purchasing Agent,Send Request for Quotation to Supplier,Francois de Perrier
855,2011-09-07T10:04:00,2011-09-07T10:52:00,Purchasing Agent,Create Quotation comparison Map,Karel de Groot
855,2011-09-07T17:28:00,2011-09-07T18:01:00,Requester,Analyze Quotation comparison Map,Penn Osterwalder
855,2011-09-07T18:01:00,2011-09-07T18:01:00,Requester,Choose best option,Fjodor Kowalski
855,2011-11-07T18:37:00,2011-11-07T23:01:00,Purchasing Agent,Settle conditions with supplier,Magdalena Predutta
855,2011-11-07T23:38:00,2011-11-07T23:48:00,Purchasing Agent,Create Purchase Order,Magdalena Predutta
858,2011-06-05T17:31:00,2011-06-05T17:38:00,Requester,Create Purchase Requisition,Anne Olwada
858,2011-06-05T20:10:00,2011-06-05T20:24:00,Requester,Create Request for Quotation Requester,Kim Passa
858,2011-06-06T20:48:00,2011-06-06T21:12:00,Purchasing Agent,Analyze Request for Quotation,Francois de Perrier
858,2011-06-06T22:01:00,2011-06-06T22:14:00,Requester Manager,Amend Request for Quotation Requester,Nico Ojenbeer
858,2011-06-15T02:51:00,2011-06-15T02:51:00,Purchasing Agent,Analyze Request for Quotation,Magdalena Predutta
858,2011-06-15T03:36:00,2011-06-15T03:43:00,Requester Manager,Amend Request for Quotation Requester,Anne Olwada
858,2011-06-21T20:26:00,2011-06-21T20:47:00,Purchasing Agent,Analyze Request for Quotation,Francois de Perrier
858,2011-06-21T21:44:00,2011-06-21T21:57:00,Requester Manager,Amend Request for Quotation Requester,Fjodor Kowalski
858,2011-06-28T18:21:00,2011-06-28T18:49:00,Purchasing Agent,Analyze Request for Quotation,Francois de Perrier
858,2011-06-28T19:43:00,2011-06-28T19:49:00,Requester Manager,Amend Request for Quotation Requester,Alberto Duport
858,2011-07-27T20:43:00,2011-07-27T21:21:00,Purchasing Agent,Analyze Request for Quotation,Magdalena Predutta
858,2011-07-27T22:07:00,2011-07-27T22:15:00,Requester Manager,Amend Request for Quotation Requester,Christian Francois
858,2011-07-28T10:00:00,2011-07-28T10:21:00,Purchasing Agent,Analyze Request for Quotation,Karel de Groot
86,2011-12-01T00:43:00,2011-12-01T01:36:00,Requester,Create Purchase Requisition,Miu Hanwan
86,2011-12-01T05:30:00,2011-12-01T05:41:00,Requester,Create Request for Quotation Requester,Anna Kaufmann
86,2011-12-01T08:37:00,2011-12-01T08:53:00,Purchasing Agent,Analyze Request for Quotation,Karel de Groot
86,2011-12-01T09:34:00,2011-12-01T09:42:00,Requester Manager,Amend Request for Quotation Requester,Miu Hanwan
86,2011-12-01T21:44:00,2011-12-01T22:05:00,Purchasing Agent,Analyze Request for Quotation,Francois de Perrier
860,2011-05-13T07:07:00,2011-05-13T07:40:00,Purchasing Agent,Analyze Request for Quotation,Magdalena Predutta
860,2011-05-13T16:24:00,2011-05-13T16:41:00,Purchasing Agent,Send Request for Quotation to Supplier,Magdalena Predutta
860,2011-05-13T20:33:00,2011-05-14T00:27:00,Purchasing Agent,Create Quotation comparison Map,Francois de Perrier
860,2011-05-14T07:27:00,2011-05-14T07:38:00,Requester,Analyze Quotation comparison Map,Alberto Duport
860,2011-05-14T07:38:00,2011-05-14T07:38:00,Requester,Choose best option,Anna Kaufmann
860,2011-05-14T10:43:00,2011-05-14T22:15:00,Purchasing Agent,Settle conditions with supplier,Magdalena Predutta
860,2011-05-15T00:48:00,2011-05-15T00:57:00,Purchasing Agent,Create Purchase Order,Karel de Groot
860,2011-05-17T07:06:00,2011-05-17T07:41:00,Supplier,Confirm Purchase Order,Carmen Finacse
860,2011-05-20T12:49:00,2011-05-21T01:32:00,Supplier,Deliver Goods Services,Kiu Kan
860,2011-05-21T08:57:00,2011-05-21T08:58:00,Requester,Release Purchase Order,Clement Duchot
860,2011-05-21T17:06:00,2011-05-21T17:07:00,Purchasing Agent,Approve Purchase Order for payment,Magdalena Predutta
860,2011-05-22T11:31:00,2011-05-22T11:31:00,Supplier,Send invoice,Karen Clarens
860,2011-05-23T01:49:00,2011-05-23T01:52:00,Financial Manager,Release Supplier's Invoice,Karalda Nimwada
860,2011-05-23T02:41:00,2011-05-23T03:15:00,Financial Manager,Settle dispute with supplier Financial Manager,Pedro Alvares
860,2011-05-23T03:15:00,2011-05-23T03:15:00,Financial Manager,Authorize Supplier's Invoice payment,Karalda Nimwada
860,2011-05-23T04:09:00,2011-05-23T04:21:00,Financial Manager,Pay invoice,Karalda Nimwada
860,2011-07-05T01:53:00,2011-07-05T02:09:00,Requester,Create Purchase Requisition,Anne Olwada
860,2011-07-05T23:16:00,2011-07-05T23:24:00,Requester Manager,Analyze Purchase Requisition,Maris Freeman
860,2011-07-05T23:30:00,2011-07-05T23:31:00,Requester Manager,Create Request for Quotation Requester Manager,Heinz Gutschmidt
860,2011-11-05T14:30:00,2011-11-05T14:41:00,Purchasing Agent,Analyze Request for Quotation,Francois de Perrier
860,2011-11-05T15:20:00,2011-11-05T15:32:00,Requester Manager,Amend Request for Quotation Requester,Anne Olwada
861,2011-05-13T04:20:00,2011-05-13T04:51:00,Purchasing Agent,Analyze Request for Quotation,Francois de Perrier
861,2011-07-05T02:46:00,2011-07-05T03:02:00,Requester,Create Purchase Requisition,Miu Hanwan
861,2011-08-05T03:28:00,2011-08-05T03:34:00,Requester Manager,Analyze Purchase Requisition,Francis Odell
861,2011-08-05T03:39:00,2011-08-05T03:41:00,Requester Manager,Create Request for Quotation Requester Manager,Francis Odell
862,2011-05-13T04:52:00,2011-05-13T05:21:00,Purchasing Agent,Analyze Request for Quotation,Magdalena Predutta
862,2011-05-13T06:08:00,2011-05-13T06:16:00,Requester Manager,Amend Request for Quotation Requester,Penn Osterwalder
862,2011-05-21T23:46:00,2011-05-21T23:59:00,Purchasing Agent,Analyze Request for Quotation,Karel de Groot
862,2011-07-05T09:06:00,2011-07-05T09:13:00,Requester,Create Purchase Requisition,Elvira Lores
862,2011-07-05T13:58:00,2011-07-05T14:07:00,Requester,Create Request for Quotation Requester,Fjodor Kowalski
872,2011-01-08T23:16:00,2011-01-08T23:45:00,Purchasing Agent,Analyze Request for Quotation,Karel de Groot
872,2011-02-08T20:42:00,2011-02-08T21:08:00,Purchasing Agent,Send Request for Quotation to Supplier,Magdalena Predutta
872,2011-03-06T15:06:00,2011-03-06T15:36:00,Purchasing Agent,Analyze Request for Quotation,Francois de Perrier
872,2011-03-06T16:27:00,2011-03-06T16:34:00,Requester Manager,Amend Request for Quotation Requester,Immanuel Karagianni
872,2011-03-08T02:15:00,2011-03-08T06:37:00,Purchasing Agent,Create Quotation comparison Map,Magdalena Predutta
872,2011-03-08T13:11:00,2011-03-08T13:34:00,Requester,Analyze Quotation comparison Map,Miu Hanwan
872,2011-03-08T13:34:00,2011-03-08T13:34:00,Requester,Choose best option,Esmana Liubiata
872,2011-03-08T16:35:00,2011-04-08T01:15:00,Purchasing Agent,Settle conditions with supplier,Magdalena Predutta
872,2011-05-08T20:30:00,2011-05-08T20:39:00,Purchasing Agent,Create Purchase Order,Karel de Groot
872,2011-05-31T22:23:00,2011-05-31T22:43:00,Purchasing Agent,Analyze Request for Quotation,Francois de Perrier
872,2011-05-31T23:30:00,2011-05-31T23:40:00,Requester Manager,Amend Request for Quotation Requester,Elvira Lores
872,2011-06-26T12:40:00,2011-06-26T13:06:00,Purchasing Agent,Analyze Request for Quotation,Karel de Groot
872,2011-06-26T14:00:00,2011-06-26T14:05:00,Requester Manager,Amend Request for Quotation Requester,Miu Hanwan
872,2011-06-28T16:09:00,2011-06-28T16:28:00,Purchasing Agent,Analyze Request for Quotation,Magdalena Predutta
872,2011-06-28T17:23:00,2011-06-28T17:34:00,Requester Manager,Amend Request for Quotation Requester,Esmana Liubiata
872,2011-07-07T04:33:00,2011-07-07T05:03:00,Purchasing Agent,Analyze Request for Quotation,Karel de Groot
872,2011-07-07T05:49:00,2011-07-07T05:57:00,Requester Manager,Amend Request for Quotation Requester,Clement Duchot
872,2011-07-20T09:05:00,2011-07-20T09:42:00,Purchasing Agent,Analyze Request for Quotation,Francois de Perrier
872,2011-07-20T10:30:00,2011-07-20T10:43:00,Requester Manager,Amend Request for Quotation Requester,Anne Olwada
872,2011-07-22T00:37:00,2011-07-22T00:57:00,Purchasing Agent,Analyze Request for Quotation,Magdalena Predutta
872,2011-07-22T01:48:00,2011-07-22T01:55:00,Requester Manager,Amend Request for Quotation Requester,Anne Olwada
872,2011-08-08T21:06:00,2011-08-08T21:39:00,Supplier,Confirm Purchase Order,Esmeralda Clay
872,2011-08-17T10:48:00,2011-08-18T02:12:00,Supplier,Deliver Goods Services,Kiu Kan
872,2011-08-18T10:01:00,2011-08-18T10:02:00,Requester,Release Purchase Order,Esmana Liubiata
872,2011-08-18T23:12:00,2011-08-18T23:13:00,Purchasing Agent,Approve Purchase Order for payment,Karel de Groot
872,2011-08-20T04:02:00,2011-08-20T04:02:00,Supplier,Send invoice,Kiu Kan
872,2011-08-20T18:18:00,2011-08-20T18:21:00,Financial Manager,Release Supplier's Invoice,Pedro Alvares
872,2011-08-20T18:21:00,2011-08-20T18:21:00,Financial Manager,Authorize Supplier's Invoice payment,Karalda Nimwada
872,2011-08-20T18:55:00,2011-08-20T19:01:00,Financial Manager,Pay invoice,Pedro Alvares
872,2011-09-05T04:06:00,2011-09-05T04:20:00,Requester,Create Purchase Requisition,Christian Francois
872,2011-09-05T05:46:00,2011-09-05T05:54:00,Requester,Create Request for Quotation Requester,Anna Kaufmann
874,2011-09-05T06:06:00,2011-09-05T06:54:00,Requester,Create Purchase Requisition,Clement Duchot
874,2011-09-06T00:53:00,2011-09-06T00:57:00,Requester Manager,Analyze Purchase Requisition,Maris Freeman
875,2011-09-05T06:18:00,2011-09-05T06:32:00,Requester,Create Purchase Requisition,Kim Passa
875,2011-09-05T22:28:00,2011-09-05T22:32:00,Requester Manager,Analyze Purchase Requisition,Maris Freeman
877,2011-09-05T14:23:00,2011-09-05T14:55:00,Requester,Create Purchase Requisition,Miu Hanwan
877,2011-10-05T06:26:00,2011-10-05T06:30:00,Requester Manager,Analyze Purchase Requisition,Francis Odell
881,2011-02-07T20:12:00,2011-02-07T20:25:00,Purchasing Agent,Send Request for Quotation to Supplier,Francois de Perrier
881,2011-02-07T20:52:00,2011-02-07T22:35:00,Purchasing Agent,Create Quotation comparison Map,Francois de Perrier
881,2011-03-07T05:20:00,2011-03-07T05:35:00,Requester,Analyze Quotation comparison Map,Alberto Duport
881,2011-03-07T05:35:00,2011-03-07T05:35:00,Requester,Choose best option,Kim Passa
881,2011-03-07T15:32:00,2011-04-07T02:51:00,Purchasing Agent,Settle conditions with supplier,Karel de Groot
881,2011-05-07T13:43:00,2011-05-07T13:52:00,Purchasing Agent,Create Purchase Order,Karel de Groot
881,2011-06-14T13:45:00,2011-06-14T14:07:00,Purchasing Agent,Analyze Request for Quotation,Francois de Perrier
881,2011-06-14T14:49:00,2011-06-14T15:02:00,Requester Manager,Amend Request for Quotation Requester,Immanuel Karagianni
881,2011-06-30T23:21:00,2011-06-30T23:55:00,Purchasing Agent,Analyze Request for Quotation,Francois de Perrier
881,2011-07-24T16:44:00,2011-07-24T17:03:00,Supplier,Confirm Purchase Order,Sean Manney
881,2011-07-25T00:41:00,2011-07-26T04:38:00,Supplier,Deliver Goods Services,Esmeralda Clay
881,2011-07-26T12:38:00,2011-07-26T12:39:00,Requester,Release Purchase Order,Anne Olwada
881,2011-07-27T20:24:00,2011-07-27T20:25:00,Purchasing Agent,Approve Purchase Order for payment,Magdalena Predutta
881,2011-07-30T19:06:00,2011-07-30T19:06:00,Supplier,Send invoice,Carmen Finacse
881,2011-07-31T09:24:00,2011-07-31T09:28:00,Financial Manager,Release Supplier's Invoice,Karalda Nimwada
881,2011-07-31T09:49:00,2011-07-31T10:04:00,Financial Manager,Settle dispute with supplier Financial Manager,Pedro Alvares
881,2011-07-31T10:04:00,2011-07-31T10:04:00,Financial Manager,Authorize Supplier's Invoice payment,Pedro Alvares
881,2011-07-31T11:06:00,2011-07-31T11:20:00,Financial Manager,Pay invoice,Karalda Nimwada
881,2011-10-05T10:24:00,2011-10-05T11:01:00,Requester,Create Purchase Requisition,Anne Olwada
881,2011-10-05T18:39:00,2011-10-05T18:51:00,Requester,Create Request for Quotation Requester,Miu Hanwan
881,2011-11-06T02:38:00,2011-11-06T02:58:00,Purchasing Agent,Analyze Request for Quotation,Magdalena Predutta
881,2011-11-06T03:48:00,2011-11-06T04:03:00,Requester Manager,Amend Request for Quotation Requester,Alberto Duport
888,2011-05-13T05:27:00,2011-05-13T06:00:00,Purchasing Agent,Analyze Request for Quotation,Karel de Groot
888,2011-05-13T08:17:00,2011-05-13T08:39:00,Purchasing Agent,Send Request for Quotation to Supplier,Magdalena Predutta
888,2011-05-13T09:22:00,2011-05-13T15:15:00,Purchasing Agent,Create Quotation comparison Map,Magdalena Predutta
888,2011-05-13T22:03:00,2011-05-13T22:32:00,Requester,Analyze Quotation comparison Map,Elvira Lores
888,2011-05-13T22:32:00,2011-05-13T22:32:00,Requester,Choose best option,Anne Olwada
888,2011-05-14T00:46:00,2011-05-14T10:34:00,Purchasing Agent,Settle conditions with supplier,Magdalena Predutta
888,2011-05-14T13:10:00,2011-05-14T13:22:00,Purchasing Agent,Create Purchase Order,Karel de Groot
888,2011-05-17T07:41:00,2011-05-17T07:51:00,Supplier,Confirm Purchase Order,Carmen Finacse
888,2011-05-21T03:46:00,2011-05-22T19:12:00,Supplier,Deliver Goods Services,Sean Manney
888,2011-05-23T03:15:00,2011-05-23T03:16:00,Requester,Release Purchase Order,Penn Osterwalder
888,2011-05-24T06:26:00,2011-05-24T06:27:00,Purchasing Agent,Approve Purchase Order for payment,Francois de Perrier
888,2011-05-24T13:46:00,2011-05-24T13:46:00,Supplier,Send invoice,Esmeralda Clay
888,2011-05-25T04:01:00,2011-05-25T04:04:00,Financial Manager,Release Supplier's Invoice,Karalda Nimwada
888,2011-05-25T04:04:00,2011-05-25T04:04:00,Financial Manager,Authorize Supplier's Invoice payment,Karalda Nimwada
888,2011-05-25T04:42:00,2011-05-25T04:52:00,Financial Manager,Pay invoice,Pedro Alvares
888,2011-10-05T20:03:00,2011-10-05T20:42:00,Requester,Create Purchase Requisition,Alberto Duport
888,2011-10-05T23:25:00,2011-10-05T23:36:00,Requester,Create Request for Quotation Requester,Miu Hanwan
889,2011-05-15T13:38:00,2011-05-15T13:53:00,Purchasing Agent,Analyze Request for Quotation,Magdalena Predutta
889,2011-05-15T15:14:00,2011-05-15T15:38:00,Purchasing Agent,Send Request for Quotation to Supplier,Magdalena Predutta
889,2011-05-15T21:29:00,2011-05-15T22:27:00,Purchasing Agent,Create Quotation comparison Map,Magdalena Predutta
889,2011-05-16T05:17:00,2011-05-16T05:42:00,Requester,Analyze Quotation comparison Map,Penn Osterwalder
889,2011-05-16T05:42:00,2011-05-16T05:42:00,Requester,Choose best option,Immanuel Karagianni
889,2011-05-16T08:19:00,2011-05-16T21:22:00,Purchasing Agent,Settle conditions with supplier,Magdalena Predutta
889,2011-05-17T18:11:00,2011-05-17T18:18:00,Purchasing Agent,Create Purchase Order,Karel de Groot
889,2011-05-19T08:22:00,2011-05-19T08:35:00,Supplier,Confirm Purchase Order,Kiu Kan
889,2011-05-19T17:02:00,2011-05-20T08:57:00,Supplier,Deliver Goods Services,Carmen Finacse
889,2011-05-20T16:48:00,2011-05-20T16:49:00,Requester,Release Purchase Order,Kim Passa
889,2011-05-20T23:30:00,2011-05-20T23:31:00,Purchasing Agent,Approve Purchase Order for payment,Magdalena Predutta
889,2011-05-21T14:07:00,2011-05-21T14:07:00,Supplier,Send invoice,Esmeralda Clay
889,2011-05-22T04:33:00,2011-05-22T04:40:00,Financial Manager,Release Supplier's Invoice,Karalda Nimwada
889,2011-05-22T04:40:00,2011-05-22T04:40:00,Financial Manager,Authorize Supplier's Invoice payment,Pedro Alvares
889,2011-05-22T05:03:00,2011-05-22T05:10:00,Financial Manager,Pay invoice,Pedro Alvares
889,2011-10-05T22:39:00,2011-10-05T23:19:00,Requester,Create Purchase Requisition,Tesca Lobes
889,2011-11-05T04:05:00,2011-11-05T04:16:00,Requester,Create Request for Quotation Requester,Anne Olwada
89,2011-01-13T04:12:00,2011-01-13T04:19:00,Requester Manager,Analyze Purchase Requisition,Maris Freeman
89,2011-12-01T12:13:00,2011-12-01T13:06:00,Requester,Create Purchase Requisition,Miu Hanwan
892,2011-01-06T01:09:00,2011-01-06T01:19:00,Purchasing Agent,Analyze Request for Quotation,Francois de Perrier
892,2011-01-06T17:05:00,2011-01-06T17:21:00,Requester Manager,Amend Request for Quotation Requester Manager,Maris Freeman
892,2011-05-15T07:55:00,2011-05-15T08:08:00,Purchasing Agent,Analyze Request for Quotation,Francois de Perrier
892,2011-05-15T09:05:00,2011-05-15T09:18:00,Requester Manager,Amend Request for Quotation Requester,Alberto Duport
892,2011-07-20T17:55:00,2011-07-20T18:19:00,Purchasing Agent,Analyze Request for Quotation,Karel de Groot
892,2011-07-20T19:10:00,2011-07-20T19:20:00,Requester Manager,Amend Request for Quotation Requester,Nico Ojenbeer
892,2011-08-26T18:48:00,2011-08-26T19:23:00,Purchasing Agent,Analyze Request for Quotation,Magdalena Predutta
892,2011-11-05T04:19:00,2011-11-05T05:08:00,Requester,Create Purchase Requisition,Miu Hanwan
892,2011-12-05T02:39:00,2011-12-05T02:46:00,Requester Manager,Analyze Purchase Requisition,Heinz Gutschmidt
892,2011-12-05T02:52:00,2011-12-05T02:54:00,Requester Manager,Create Request for Quotation Requester Manager,Maris Freeman
896,2011-05-26T14:13:00,2011-05-26T14:35:00,Purchasing Agent,Analyze Request for Quotation,Karel de Groot
896,2011-11-05T12:22:00,2011-11-05T12:29:00,Requester,Create Purchase Requisition,Immanuel Karagianni
896,2011-11-05T17:22:00,2011-11-05T17:34:00,Requester,Create Request for Quotation Requester,Anne Olwada
9,2011-01-01T15:17:00,2011-01-01T15:34:00,Requester,Create Purchase Requisition,Tesca Lobes
9,2011-01-01T21:38:00,2011-01-01T21:48:00,Requester,Create Request for Quotation Requester,Penn Osterwalder
9,2011-01-01T22:49:00,2011-01-01T23:12:00,Purchasing Agent,Analyze Request for Quotation,Karel de Groot
9,2011-02-01T15:04:00,2011-02-01T15:30:00,Requester Manager,Amend Request for Quotation Requester Manager,Heinz Gutschmidt
9,2011-02-01T16:27:00,2011-02-01T16:51:00,Purchasing Agent,Analyze Request for Quotation,Magdalena Predutta
9,2011-02-01T17:46:00,2011-02-01T17:57:00,Requester Manager,Amend Request for Quotation Requester,Fjodor Kowalski
9,2011-02-01T19:28:00,2011-02-01T19:45:00,Purchasing Agent,Analyze Request for Quotation,Karel de Groot
9,2011-02-01T20:43:00,2011-02-01T20:49:00,Requester Manager,Amend Request for Quotation Requester,Elvira Lores
9,2011-02-01T21:54:00,2011-02-01T22:26:00,Purchasing Agent,Analyze Request for Quotation,Francois de Perrier
9,2011-02-01T23:14:00,2011-02-01T23:25:00,Requester Manager,Amend Request for Quotation Requester,Esmana Liubiata
9,2011-03-01T06:45:00,2011-03-01T07:00:00,Purchasing Agent,Analyze Request for Quotation,Magdalena Predutta
9,2011-03-01T23:04:00,2011-03-01T23:25:00,Requester Manager,Amend Request for Quotation Requester Manager,Heinz Gutschmidt
9,2011-04-01T02:02:00,2011-04-01T02:23:00,Purchasing Agent,Analyze Request for Quotation,Francois de Perrier
9,2011-04-01T03:12:00,2011-04-01T03:22:00,Requester Manager,Amend Request for Quotation Requester,Anna Kaufmann
9,2011-04-01T05:51:00,2011-04-01T05:56:00,Purchasing Agent,Analyze Request for Quotation,Karel de Groot
906,2011-01-06T19:42:00,2011-01-06T20:06:00,Purchasing Agent,Analyze Request for Quotation,Francois de Perrier
906,2011-01-06T20:59:00,2011-01-06T21:05:00,Requester Manager,Amend Request for Quotation Requester,Alberto Duport
906,2011-02-08T22:36:00,2011-02-08T22:41:00,Supplier,Confirm Purchase Order,Kiu Kan
906,2011-04-06T11:35:00,2011-04-06T11:59:00,Purchasing Agent,Analyze Request for Quotation,Magdalena Predutta
906,2011-04-06T12:41:00,2011-04-06T12:46:00,Requester Manager,Amend Request for Quotation Requester,Miu Hanwan
906,2011-05-13T22:17:00,2011-05-13T22:42:00,Requester,Create Purchase Requisition,Christian Francois
906,2011-05-14T02:47:00,2011-05-14T02:57:00,Requester,Create Request for Quotation Requester,Anne Olwada
906,2011-05-22T09:00:00,2011-05-22T09:31:00,Purchasing Agent,Analyze Request for Quotation,Magdalena Predutta
906,2011-05-22T10:21:00,2011-05-22T10:29:00,Requester Manager,Amend Request for Quotation Requester,Christian Francois
906,2011-06-08T09:55:00,2011-06-08T16:46:00,Supplier,Deliver Goods Services,Kiu Kan
906,2011-06-09T00:39:00,2011-06-09T00:40:00,Requester,Release Purchase Order,Alberto Duport
906,2011-06-25T08:50:00,2011-06-25T09:09:00,Purchasing Agent,Analyze Request for Quotation,Francois de Perrier
906,2011-06-25T09:53:00,2011-06-25T10:02:00,Requester Manager,Amend Request for Quotation Requester,Alberto Duport
906,2011-07-08T07:38:00,2011-07-08T07:39:00,Purchasing Agent,Approve Purchase Order for payment,Magdalena Predutta
906,2011-07-15T01:30:00,2011-07-15T01:58:00,Purchasing Agent,Analyze Request for Quotation,Francois de Perrier
906,2011-07-15T16:05:00,2011-07-15T16:33:00,Purchasing Agent,Send Request for Quotation to Supplier,Karel de Groot
906,2011-07-15T23:27:00,2011-07-16T02:02:00,Purchasing Agent,Create Quotation comparison Map,Francois de Perrier
906,2011-07-16T09:07:00,2011-07-16T09:38:00,Requester,Analyze Quotation comparison Map,Immanuel Karagianni
906,2011-07-16T09:38:00,2011-07-16T09:38:00,Requester,Choose best option,Kim Passa
906,2011-07-16T12:02:00,2011-07-16T17:23:00,Purchasing Agent,Settle conditions with supplier,Karel de Groot
906,2011-07-16T17:48:00,2011-07-16T17:58:00,Purchasing Agent,Create Purchase Order,Karel de Groot
906,2011-09-08T02:07:00,2011-09-08T02:07:00,Supplier,Send invoice,Karen Clarens
906,2011-09-08T16:31:00,2011-09-08T16:33:00,Financial Manager,Release Supplier's Invoice,Karalda Nimwada
906,2011-09-08T16:33:00,2011-09-08T16:33:00,Financial Manager,Authorize Supplier's Invoice payment,Karalda Nimwada
906,2011-09-08T16:52:00,2011-09-08T16:56:00,Financial Manager,Pay invoice,Karalda Nimwada
909,2011-05-14T05:27:00,2011-05-14T06:19:00,Requester,Create Purchase Requisition,Anna Kaufmann
909,2011-05-14T11:55:00,2011-05-14T12:05:00,Requester,Create Request for Quotation Requester,Anne Olwada
909,2011-05-16T14:45:00,2011-05-16T14:56:00,Purchasing Agent,Analyze Request for Quotation,Karel de Groot
909,2011-05-17T10:10:00,2011-05-17T10:28:00,Purchasing Agent,Send Request for Quotation to Supplier,Francois de Perrier
909,2011-05-17T17:37:00,2011-05-17T19:55:00,Purchasing Agent,Create Quotation comparison Map,Francois de Perrier
909,2011-05-18T02:42:00,2011-05-18T02:57:00,Requester,Analyze Quotation comparison Map,Nico Ojenbeer
909,2011-05-18T02:57:00,2011-05-18T02:57:00,Requester,Choose best option,Esmana Liubiata
909,2011-05-18T22:14:00,2011-05-19T07:50:00,Purchasing Agent,Settle conditions with supplier,Karel de Groot
909,2011-05-21T17:00:00,2011-05-21T17:06:00,Purchasing Agent,Create Purchase Order,Magdalena Predutta
909,2011-05-23T09:21:00,2011-05-23T09:31:00,Supplier,Confirm Purchase Order,Kiu Kan
909,2011-05-25T09:19:00,2011-05-26T20:16:00,Supplier,Deliver Goods Services,Carmen Finacse
909,2011-05-27T03:29:00,2011-05-27T03:30:00,Requester,Release Purchase Order,Immanuel Karagianni
909,2011-05-27T10:55:00,2011-05-27T10:56:00,Purchasing Agent,Approve Purchase Order for payment,Magdalena Predutta
909,2011-05-29T13:25:00,2011-05-29T13:25:00,Supplier,Send invoice,Kiu Kan
909,2011-05-30T03:52:00,2011-05-30T03:55:00,Financial Manager,Release Supplier's Invoice,Pedro Alvares
909,2011-05-30T03:55:00,2011-05-30T03:55:00,Financial Manager,Authorize Supplier's Invoice payment,Pedro Alvares
909,2011-05-30T04:36:00,2011-05-30T04:50:00,Financial Manager,Pay invoice,Karalda Nimwada
911,2011-02-08T19:10:00,2011-02-08T19:10:00,Supplier,Deliver Goods Services,Kiu Kan
911,2011-03-08T02:45:00,2011-03-08T02:46:00,Requester,Release Purchase Order,Elvira Lores
911,2011-03-08T20:01:00,2011-03-08T20:02:00,Purchasing Agent,Approve Purchase Order for payment,Francois de Perrier
911,2011-04-08T06:03:00,2011-04-08T06:03:00,Supplier,Send invoice,Karen Clarens
911,2011-04-08T20:17:00,2011-04-08T20:21:00,Financial Manager,Release Supplier's Invoice,Karalda Nimwada
911,2011-04-08T20:21:00,2011-04-08T20:21:00,Financial Manager,Authorize Supplier's Invoice payment,Pedro Alvares
911,2011-04-08T20:43:00,2011-04-08T20:52:00,Financial Manager,Pay invoice,Karalda Nimwada
911,2011-05-14T09:27:00,2011-05-14T09:55:00,Requester,Create Purchase Requisition,Tesca Lobes
911,2011-05-14T19:40:00,2011-05-14T19:47:00,Requester Manager,Analyze Purchase Requisition,Heinz Gutschmidt
911,2011-05-14T19:54:00,2011-05-14T19:56:00,Requester Manager,Create Request for Quotation Requester Manager,Heinz Gutschmidt
911,2011-05-15T14:00:00,2011-05-15T14:26:00,Purchasing Agent,Analyze Request for Quotation,Magdalena Predutta
911,2011-05-15T15:13:00,2011-05-15T15:23:00,Requester Manager,Amend Request for Quotation Requester,Anna Kaufmann
911,2011-06-21T17:16:00,2011-06-21T17:49:00,Purchasing Agent,Analyze Request for Quotation,Magdalena Predutta
911,2011-06-21T18:32:00,2011-06-21T18:45:00,Requester Manager,Amend Request for Quotation Requester,Immanuel Karagianni
911,2011-07-06T03:02:00,2011-07-06T03:26:00,Purchasing Agent,Analyze Request for Quotation,Francois de Perrier
911,2011-07-06T19:22:00,2011-07-06T19:36:00,Requester Manager,Amend Request for Quotation Requester Manager,Francis Odell
911,2011-07-27T22:00:00,2011-07-27T22:25:00,Purchasing Agent,Analyze Request for Quotation,Magdalena Predutta
911,2011-07-28T11:23:00,2011-07-28T11:48:00,Purchasing Agent,Send Request for Quotation to Supplier,Karel de Groot
911,2011-07-28T16:52:00,2011-07-28T21:07:00,Purchasing Agent,Create Quotation comparison Map,Karel de Groot
911,2011-07-29T03:47:00,2011-07-29T04:01:00,Requester,Analyze Quotation comparison Map,Penn Osterwalder
911,2011-07-29T04:01:00,2011-07-29T04:01:00,Requester,Choose best option,Elvira Lores
911,2011-07-29T09:03:00,2011-07-29T17:43:00,Purchasing Agent,Settle conditions with supplier,Francois de Perrier
911,2011-07-30T04:12:00,2011-07-30T04:22:00,Purchasing Agent,Create Purchase Order,Magdalena Predutta
911,2011-07-31T05:45:00,2011-07-31T06:10:00,Supplier,Confirm Purchase Order,Sean Manney
911,2011-08-01T00:52:00,2011-08-01T00:52:00,Supplier,Deliver Goods Services,Kiu Kan
914,2011-05-14T14:46:00,2011-05-14T15:31:00,Requester,Create Purchase Requisition,Penn Osterwalder
914,2011-05-14T15:43:00,2011-05-14T15:49:00,Requester,Create Request for Quotation Requester,Esmana Liubiata
914,2011-05-16T00:38:00,2011-05-16T01:00:00,Purchasing Agent,Analyze Request for Quotation,Magdalena Predutta
914,2011-05-17T08:54:00,2011-05-17T09:20:00,Purchasing Agent,Send Request for Quotation to Supplier,Francois de Perrier
914,2011-05-17T13:40:00,2011-05-17T14:26:00,Purchasing Agent,Create Quotation comparison Map,Karel de Groot
914,2011-05-17T20:52:00,2011-05-17T21:20:00,Requester,Analyze Quotation comparison Map,Fjodor Kowalski
914,2011-05-17T21:20:00,2011-05-17T21:20:00,Requester,Choose best option,Alberto Duport
914,2011-05-17T23:22:00,2011-05-18T10:03:00,Purchasing Agent,Settle conditions with supplier,Karel de Groot
914,2011-05-18T17:48:00,2011-05-18T17:58:00,Purchasing Agent,Create Purchase Order,Karel de Groot
914,2011-05-19T08:35:00,2011-05-19T09:02:00,Supplier,Confirm Purchase Order,Kiu Kan
914,2011-05-24T17:30:00,2011-05-25T09:19:00,Supplier,Deliver Goods Services,Carmen Finacse
914,2011-05-25T16:56:00,2011-05-25T16:57:00,Requester,Release Purchase Order,Esmana Liubiata
914,2011-05-27T06:23:00,2011-05-27T06:24:00,Purchasing Agent,Approve Purchase Order for payment,Magdalena Predutta
914,2011-05-29T13:25:00,2011-05-29T13:25:00,Supplier,Send invoice,Kiu Kan
914,2011-05-30T03:47:00,2011-05-30T03:54:00,Financial Manager,Release Supplier's Invoice,Karalda Nimwada
914,2011-05-30T03:54:00,2011-05-30T03:54:00,Financial Manager,Authorize Supplier's Invoice payment,Karalda Nimwada
914,2011-05-30T04:47:00,2011-05-30T04:55:00,Financial Manager,Pay invoice,Pedro Alvares
915,2011-05-14T20:47:00,2011-05-14T20:57:00,Requester,Create Purchase Requisition,Immanuel Karagianni
915,2011-05-15T20:35:00,2011-05-15T20:43:00,Requester Manager,Analyze Purchase Requisition,Heinz Gutschmidt
915,2011-05-15T20:51:00,2011-05-15T20:53:00,Requester Manager,Create Request for Quotation Requester Manager,Heinz Gutschmidt
915,2011-05-16T08:19:00,2011-05-16T08:44:00,Purchasing Agent,Analyze Request for Quotation,Karel de Groot
915,2011-05-17T16:02:00,2011-05-17T16:32:00,Purchasing Agent,Send Request for Quotation to Supplier,Karel de Groot
915,2011-05-18T01:45:00,2011-05-18T06:52:00,Purchasing Agent,Create Quotation comparison Map,Magdalena Predutta
915,2011-05-18T13:05:00,2011-05-18T13:27:00,Requester,Analyze Quotation comparison Map,Tesca Lobes
915,2011-05-18T13:27:00,2011-05-18T13:27:00,Requester,Choose best option,Immanuel Karagianni
915,2011-05-18T23:59:00,2011-05-19T09:38:00,Purchasing Agent,Settle conditions with supplier,Magdalena Predutta
915,2011-05-19T23:27:00,2011-05-19T23:37:00,Purchasing Agent,Create Purchase Order,Karel de Groot
915,2011-05-20T12:29:00,2011-05-20T12:49:00,Supplier,Confirm Purchase Order,Kiu Kan
915,2011-05-21T01:46:00,2011-05-22T21:04:00,Supplier,Deliver Goods Services,Carmen Finacse
915,2011-05-23T04:59:00,2011-05-23T05:00:00,Requester,Release Purchase Order,Miu Hanwan
915,2011-05-24T00:15:00,2011-05-24T00:16:00,Purchasing Agent,Approve Purchase Order for payment,Karel de Groot
915,2011-05-24T17:30:00,2011-05-24T17:30:00,Supplier,Send invoice,Carmen Finacse
915,2011-05-25T08:06:00,2011-05-25T08:13:00,Financial Manager,Release Supplier's Invoice,Pedro Alvares
915,2011-05-25T08:13:00,2011-05-25T08:13:00,Financial Manager,Authorize Supplier's Invoice payment,Pedro Alvares
915,2011-05-25T09:19:00,2011-05-25T09:34:00,Financial Manager,Pay invoice,Karalda Nimwada
921,2011-05-15T11:24:00,2011-05-15T12:08:00,Requester,Create Purchase Requisition,Anna Kaufmann
921,2011-05-16T08:42:00,2011-05-16T08:50:00,Requester Manager,Analyze Purchase Requisition,Francis Odell
921,2011-05-16T08:56:00,2011-05-16T08:57:00,Requester Manager,Create Request for Quotation Requester Manager,Heinz Gutschmidt
921,2011-05-17T17:13:00,2011-05-17T17:37:00,Purchasing Agent,Analyze Request for Quotation,Francois de Perrier
921,2011-05-18T18:41:00,2011-05-18T19:04:00,Purchasing Agent,Send Request for Quotation to Supplier,Karel de Groot
921,2011-05-20T05:52:00,2011-05-20T10:15:00,Purchasing Agent,Create Quotation comparison Map,Francois de Perrier
921,2011-05-20T17:13:00,2011-05-20T17:29:00,Requester,Analyze Quotation comparison Map,Tesca Lobes
921,2011-05-20T17:29:00,2011-05-20T17:29:00,Requester,Choose best option,Anne Olwada
921,2011-05-21T03:48:00,2011-05-21T18:17:00,Purchasing Agent,Settle conditions with supplier,Francois de Perrier
921,2011-05-21T21:11:00,2011-05-21T21:19:00,Purchasing Agent,Create Purchase Order,Magdalena Predutta
921,2011-05-22T11:16:00,2011-05-22T11:31:00,Supplier,Confirm Purchase Order,Karen Clarens
921,2011-05-26T01:42:00,2011-05-26T18:11:00,Supplier,Deliver Goods Services,Esmeralda Clay
921,2011-05-27T01:23:00,2011-05-27T01:24:00,Requester,Release Purchase Order,Elvira Lores
921,2011-05-27T09:43:00,2011-05-27T09:44:00,Purchasing Agent,Approve Purchase Order for payment,Karel de Groot
921,2011-05-28T01:04:00,2011-05-28T01:04:00,Supplier,Send invoice,Kiu Kan
921,2011-05-28T15:24:00,2011-05-28T15:31:00,Financial Manager,Release Supplier's Invoice,Karalda Nimwada
921,2011-05-28T15:31:00,2011-05-28T15:31:00,Financial Manager,Authorize Supplier's Invoice payment,Karalda Nimwada
921,2011-05-28T16:37:00,2011-05-28T16:43:00,Financial Manager,Pay invoice,Pedro Alvares
93,2011-01-13T00:08:00,2011-01-13T00:08:00,Requester,Create Request for Quotation Requester,Clement Duchot
93,2011-01-16T22:14:00,2011-01-16T22:22:00,Purchasing Agent,Analyze Request for Quotation,Francois de Perrier
93,2011-01-16T23:19:00,2011-01-16T23:26:00,Requester Manager,Amend Request for Quotation Requester,Penn Osterwalder
93,2011-01-17T00:48:00,2011-01-17T01:11:00,Purchasing Agent,Analyze Request for Quotation,Francois de Perrier
93,2011-01-17T02:05:00,2011-01-17T02:18:00,Requester Manager,Amend Request for Quotation Requester,Miu Hanwan
93,2011-01-17T04:20:00,2011-01-17T04:29:00,Purchasing Agent,Analyze Request for Quotation,Francois de Perrier
93,2011-01-18T01:25:00,2011-01-18T02:01:00,Purchasing Agent,Send Request for Quotation to Supplier,Magdalena Predutta
93,2011-01-18T18:07:00,2011-01-18T21:23:00,Purchasing Agent,Create Quotation comparison Map,Magdalena Predutta
93,2011-01-19T04:08:00,2011-01-19T04:37:00,Requester,Analyze Quotation comparison Map,Clement Duchot
93,2011-01-19T04:37:00,2011-01-19T04:37:00,Requester,Choose best option,Anna Kaufmann
93,2011-01-20T07:09:00,2011-01-20T19:35:00,Purchasing Agent,Settle conditions with supplier,Magdalena Predutta
93,2011-01-21T17:52:00,2011-01-21T17:58:00,Purchasing Agent,Create Purchase Order,Francois de Perrier
93,2011-01-22T05:22:00,2011-01-22T05:37:00,Supplier,Confirm Purchase Order,Carmen Finacse
93,2011-01-23T20:55:00,2011-01-25T09:33:00,Supplier,Deliver Goods Services,Carmen Finacse
93,2011-01-25T17:00:00,2011-01-25T17:01:00,Requester,Release Purchase Order,Nico Ojenbeer
93,2011-01-26T02:28:00,2011-01-26T02:29:00,Purchasing Agent,Approve Purchase Order for payment,Magdalena Predutta
93,2011-01-26T09:50:00,2011-01-26T09:50:00,Supplier,Send invoice,Kiu Kan
93,2011-01-27T00:12:00,2011-01-27T00:15:00,Financial Manager,Release Supplier's Invoice,Karalda Nimwada
93,2011-01-27T00:15:00,2011-01-27T00:15:00,Financial Manager,Authorize Supplier's Invoice payment,Karalda Nimwada
93,2011-01-27T00:58:00,2011-01-27T01:05:00,Financial Manager,Pay invoice,Karalda Nimwada
93,2011-12-01T20:44:00,2011-12-01T20:55:00,Requester,Create Purchase Requisition,Fjodor Kowalski
93,2011-12-01T23:58:00,2011-12-01T23:58:00,Requester,Create Request for Quotation Requester,Clement Duchot
935,2011-05-16T15:21:00,2011-05-16T15:46:00,Requester,Create Purchase Requisition,Anne Olwada
935,2011-05-16T16:07:00,2011-05-16T16:18:00,Requester,Create Request for Quotation Requester,Tesca Lobes
935,2011-05-18T23:35:00,2011-05-18T23:46:00,Purchasing Agent,Analyze Request for Quotation,Magdalena Predutta
935,2011-05-19T07:50:00,2011-05-19T08:16:00,Purchasing Agent,Send Request for Quotation to Supplier,Karel de Groot
935,2011-05-20T04:51:00,2011-05-20T05:51:00,Purchasing Agent,Create Quotation comparison Map,Francois de Perrier
935,2011-05-20T12:35:00,2011-05-20T13:00:00,Requester,Analyze Quotation comparison Map,Clement Duchot
935,2011-05-20T13:00:00,2011-05-20T13:00:00,Requester,Choose best option,Penn Osterwalder
935,2011-05-21T01:16:00,2011-05-21T11:10:00,Purchasing Agent,Settle conditions with supplier,Karel de Groot
935,2011-05-21T18:30:00,2011-05-21T18:38:00,Purchasing Agent,Create Purchase Order,Francois de Perrier
935,2011-05-23T04:56:00,2011-05-23T05:23:00,Supplier,Confirm Purchase Order,Esmeralda Clay
935,2011-05-24T13:46:00,2011-05-25T11:46:00,Supplier,Deliver Goods Services,Esmeralda Clay
935,2011-05-25T19:36:00,2011-05-25T19:37:00,Requester,Release Purchase Order,Kim Passa
935,2011-05-26T06:27:00,2011-05-26T06:28:00,Purchasing Agent,Approve Purchase Order for payment,Francois de Perrier
935,2011-05-26T12:56:00,2011-05-26T12:56:00,Supplier,Send invoice,Karen Clarens
935,2011-05-27T03:15:00,2011-05-27T03:18:00,Financial Manager,Release Supplier's Invoice,Pedro Alvares
935,2011-05-27T03:18:00,2011-05-27T03:18:00,Financial Manager,Authorize Supplier's Invoice payment,Karalda Nimwada
935,2011-05-27T03:28:00,2011-05-27T03:35:00,Financial Manager,Pay invoice,Karalda Nimwada
94,2011-01-13T00:49:00,2011-01-13T01:01:00,Requester,Create Request for Quotation Requester,Immanuel Karagianni
94,2011-01-17T01:39:00,2011-01-17T02:11:00,Purchasing Agent,Analyze Request for Quotation,Magdalena Predutta
94,2011-01-17T03:02:00,2011-01-17T03:12:00,Requester Manager,Amend Request for Quotation Requester,Anna Kaufmann
94,2011-01-17T04:29:00,2011-01-17T05:02:00,Purchasing Agent,Analyze Request for Quotation,Francois de Perrier
94,2011-01-18T17:30:00,2011-01-18T17:45:00,Purchasing Agent,Send Request for Quotation to Supplier,Magdalena Predutta
94,2011-01-18T20:37:00,2011-01-18T23:35:00,Purchasing Agent,Create Quotation comparison Map,Karel de Groot
94,2011-01-19T05:47:00,2011-01-19T05:58:00,Requester,Analyze Quotation comparison Map,Kim Passa
94,2011-01-19T05:58:00,2011-01-19T05:58:00,Requester,Choose best option,Clement Duchot
94,2011-01-19T10:01:00,2011-01-19T19:42:00,Purchasing Agent,Settle conditions with supplier,Karel de Groot
94,2011-01-21T17:55:00,2011-01-21T18:02:00,Purchasing Agent,Create Purchase Order,Karel de Groot
94,2011-01-22T06:02:00,2011-01-22T06:30:00,Supplier,Confirm Purchase Order,Kiu Kan
94,2011-01-24T15:37:00,2011-01-24T19:33:00,Supplier,Deliver Goods Services,Karen Clarens
94,2011-01-25T02:51:00,2011-01-25T02:52:00,Requester,Release Purchase Order,Miu Hanwan
94,2011-01-25T14:45:00,2011-01-25T14:46:00,Purchasing Agent,Approve Purchase Order for payment,Karel de Groot
94,2011-01-27T06:55:00,2011-01-27T06:55:00,Supplier,Send invoice,Carmen Finacse
94,2011-01-27T21:20:00,2011-01-27T21:24:00,Financial Manager,Release Supplier's Invoice,Pedro Alvares
94,2011-01-27T21:24:00,2011-01-27T21:24:00,Financial Manager,Authorize Supplier's Invoice payment,Karalda Nimwada
94,2011-01-27T21:50:00,2011-01-27T22:02:00,Financial Manager,Pay invoice,Karalda Nimwada
94,2011-12-01T22:39:00,2011-12-01T22:55:00,Requester,Create Purchase Requisition,Nico Ojenbeer
940,2011-05-17T06:31:00,2011-05-17T07:08:00,Requester,Create Purchase Requisition,Immanuel Karagianni
940,2011-05-17T09:58:00,2011-05-17T10:06:00,Requester,Create Request for Quotation Requester,Esmana Liubiata
940,2011-05-18T19:30:00,2011-05-18T19:56:00,Purchasing Agent,Analyze Request for Quotation,Francois de Perrier
940,2011-05-18T23:46:00,2011-05-18T23:59:00,Purchasing Agent,Send Request for Quotation to Supplier,Magdalena Predutta
940,2011-05-19T03:44:00,2011-05-19T08:31:00,Purchasing Agent,Create Quotation comparison Map,Francois de Perrier
940,2011-05-19T15:38:00,2011-05-19T15:52:00,Requester,Analyze Quotation comparison Map,Kim Passa
940,2011-05-19T15:52:00,2011-05-19T15:52:00,Requester,Choose best option,Anna Kaufmann
940,2011-05-20T23:31:00,2011-05-21T09:22:00,Purchasing Agent,Settle conditions with supplier,Magdalena Predutta
940,2011-05-21T18:48:00,2011-05-21T18:59:00,Purchasing Agent,Create Purchase Order,Francois de Perrier
940,2011-05-22T11:33:00,2011-05-22T11:44:00,Supplier,Confirm Purchase Order,Esmeralda Clay
940,2011-05-23T05:32:00,2011-05-24T13:46:00,Supplier,Deliver Goods Services,Esmeralda Clay
940,2011-05-24T20:59:00,2011-05-24T21:00:00,Requester,Release Purchase Order,Kim Passa
940,2011-05-26T07:41:00,2011-05-26T07:42:00,Purchasing Agent,Approve Purchase Order for payment,Karel de Groot
940,2011-05-28T01:11:00,2011-05-28T01:11:00,Supplier,Send invoice,Kiu Kan
940,2011-05-28T15:28:00,2011-05-28T15:28:00,Financial Manager,Authorize Supplier's Invoice payment,Pedro Alvares
940,2011-05-28T16:11:00,2011-05-28T16:19:00,Financial Manager,Pay invoice,Karalda Nimwada
948,2011-05-17T22:06:00,2011-05-17T22:18:00,Requester,Create Purchase Requisition,Clement Duchot
948,2011-05-18T10:44:00,2011-05-18T10:51:00,Requester Manager,Analyze Purchase Requisition,Heinz Gutschmidt
950,2011-05-17T23:09:00,2011-05-17T23:48:00,Requester,Create Purchase Requisition,Elvira Lores
950,2011-05-18T05:22:00,2011-05-18T05:34:00,Requester,Create Request for Quotation Requester,Esmana Liubiata
950,2011-05-28T05:19:00,2011-05-28T05:39:00,Purchasing Agent,Analyze Request for Quotation,Magdalena Predutta
96,2011-01-13T01:33:00,2011-01-13T02:06:00,Requester,Create Purchase Requisition,Christian Francois
96,2011-01-13T02:30:00,2011-01-13T02:41:00,Requester,Create Request for Quotation Requester,Anne Olwada
96,2011-01-13T06:31:00,2011-01-13T07:14:00,Purchasing Agent,Analyze Request for Quotation,Karel de Groot
96,2011-01-13T08:11:00,2011-01-13T08:21:00,Requester Manager,Amend Request for Quotation Requester,Christian Francois
96,2011-01-14T08:50:00,2011-01-14T09:21:00,Purchasing Agent,Analyze Request for Quotation,Magdalena Predutta
96,2011-01-15T01:29:00,2011-01-15T01:57:00,Purchasing Agent,Send Request for Quotation to Supplier,Karel de Groot
96,2011-01-15T09:35:00,2011-01-15T12:24:00,Purchasing Agent,Create Quotation comparison Map,Magdalena Predutta
96,2011-01-15T19:07:00,2011-01-15T19:38:00,Requester,Analyze Quotation comparison Map,Elvira Lores
96,2011-01-15T19:38:00,2011-01-15T19:38:00,Requester,Choose best option,Fjodor Kowalski
96,2011-01-15T22:01:00,2011-01-16T07:25:00,Purchasing Agent,Settle conditions with supplier,Karel de Groot
96,2011-01-16T20:05:00,2011-01-16T20:15:00,Purchasing Agent,Create Purchase Order,Karel de Groot
96,2011-01-17T03:44:00,2011-01-17T04:01:00,Supplier,Confirm Purchase Order,Kiu Kan
96,2011-01-20T03:04:00,2011-01-20T19:29:00,Supplier,Deliver Goods Services,Sean Manney
96,2011-01-21T03:17:00,2011-01-21T03:18:00,Requester,Release Purchase Order,Elvira Lores
96,2011-01-21T17:14:00,2011-01-21T17:15:00,Purchasing Agent,Approve Purchase Order for payment,Magdalena Predutta
96,2011-01-22T06:58:00,2011-01-22T06:58:00,Supplier,Send invoice,Carmen Finacse
96,2011-01-22T21:21:00,2011-01-22T21:27:00,Financial Manager,Release Supplier's Invoice,Pedro Alvares
96,2011-01-22T22:11:00,2011-01-22T22:28:00,Financial Manager,Settle dispute with supplier Financial Manager,Pedro Alvares
96,2011-01-22T22:28:00,2011-01-22T22:28:00,Financial Manager,Authorize Supplier's Invoice payment,Karalda Nimwada
96,2011-01-22T22:42:00,2011-01-22T22:52:00,Financial Manager,Pay invoice,Pedro Alvares
972,2011-05-22T05:37:00,2011-05-22T06:06:00,Requester,Create Purchase Requisition,Anna Kaufmann
972,2011-05-23T01:41:00,2011-05-23T01:47:00,Requester Manager,Analyze Purchase Requisition,Francis Odell
975,2011-05-22T08:13:00,2011-05-22T08:27:00,Requester,Create Purchase Requisition,Esmana Liubiata
975,2011-05-23T06:44:00,2011-05-23T06:53:00,Requester Manager,Analyze Purchase Requisition,Heinz Gutschmidt
976,2011-05-22T08:37:00,2011-05-22T09:00:00,Requester,Create Purchase Requisition,Esmana Liubiata
976,2011-05-22T10:25:00,2011-05-22T10:38:00,Requester,Create Request for Quotation Requester,Anne Olwada
976,2011-06-06T14:28:00,2011-06-06T14:52:00,Purchasing Agent,Analyze Request for Quotation,Karel de Groot
976,2011-06-06T15:35:00,2011-06-06T15:48:00,Requester Manager,Amend Request for Quotation Requester,Anne Olwada
976,2011-08-14T10:56:00,2011-08-14T11:29:00,Purchasing Agent,Analyze Request for Quotation,Francois de Perrier
976,2011-08-14T12:22:00,2011-08-14T12:31:00,Requester Manager,Amend Request for Quotation Requester,Esmana Liubiata
976,2011-08-14T22:11:00,2011-08-14T22:30:00,Purchasing Agent,Analyze Request for Quotation,Magdalena Predutta
976,2011-08-15T07:11:00,2011-08-15T07:42:00,Purchasing Agent,Send Request for Quotation to Supplier,Francois de Perrier
976,2011-08-15T22:42:00,2011-08-15T23:46:00,Purchasing Agent,Create Quotation comparison Map,Francois de Perrier
976,2011-08-16T06:11:00,2011-08-16T06:34:00,Requester,Analyze Quotation comparison Map,Elvira Lores
976,2011-08-16T06:34:00,2011-08-16T06:34:00,Requester,Choose best option,Alberto Duport
976,2011-08-16T11:18:00,2011-08-16T17:40:00,Purchasing Agent,Settle conditions with supplier,Karel de Groot
976,2011-08-16T18:15:00,2011-08-16T18:25:00,Purchasing Agent,Create Purchase Order,Karel de Groot
976,2011-08-18T02:57:00,2011-08-18T03:19:00,Supplier,Confirm Purchase Order,Esmeralda Clay
976,2011-08-20T07:54:00,2011-08-21T05:36:00,Supplier,Deliver Goods Services,Carmen Finacse
976,2011-08-21T12:45:00,2011-08-21T12:46:00,Requester,Release Purchase Order,Tesca Lobes
976,2011-08-22T06:02:00,2011-08-22T06:03:00,Purchasing Agent,Approve Purchase Order for payment,Magdalena Predutta
976,2011-08-23T03:16:00,2011-08-23T03:16:00,Supplier,Send invoice,Esmeralda Clay
976,2011-08-23T17:46:00,2011-08-23T17:48:00,Financial Manager,Release Supplier's Invoice,Pedro Alvares
976,2011-08-23T17:48:00,2011-08-23T17:48:00,Financial Manager,Authorize Supplier's Invoice payment,Pedro Alvares
976,2011-08-23T18:08:00,2011-08-23T18:19:00,Financial Manager,Pay invoice,Karalda Nimwada
976,2011-09-07T21:49:00,2011-09-07T22:11:00,Purchasing Agent,Analyze Request for Quotation,Francois de Perrier
976,2011-09-07T23:04:00,2011-09-07T23:15:00,Requester Manager,Amend Request for Quotation Requester,Christian Francois
98,2011-01-13T07:37:00,2011-01-13T08:24:00,Requester,Create Purchase Requisition,Immanuel Karagianni
98,2011-01-13T20:08:00,2011-01-13T20:15:00,Requester Manager,Analyze Purchase Requisition,Maris Freeman
98,2011-01-13T20:18:00,2011-01-13T20:20:00,Requester Manager,Create Request for Quotation Requester Manager,Francis Odell
98,2011-01-16T16:39:00,2011-01-16T17:10:00,Purchasing Agent,Analyze Request for Quotation,Francois de Perrier
98,2011-01-16T17:57:00,2011-01-16T18:09:00,Requester Manager,Amend Request for Quotation Requester,Penn Osterwalder
98,2011-01-17T00:27:00,2011-01-17T00:54:00,Purchasing Agent,Analyze Request for Quotation,Karel de Groot
98,2011-01-17T01:46:00,2011-01-17T01:57:00,Requester Manager,Amend Request for Quotation Requester,Miu Hanwan
98,2011-01-17T03:46:00,2011-01-17T04:17:00,Purchasing Agent,Analyze Request for Quotation,Magdalena Predutta
98,2011-01-18T17:45:00,2011-01-18T18:07:00,Purchasing Agent,Send Request for Quotation to Supplier,Magdalena Predutta
98,2011-01-18T23:57:00,2011-01-19T05:46:00,Purchasing Agent,Create Quotation comparison Map,Karel de Groot
98,2011-01-19T12:37:00,2011-01-19T13:01:00,Requester,Analyze Quotation comparison Map,Fjodor Kowalski
98,2011-01-19T13:01:00,2011-01-19T13:01:00,Requester,Choose best option,Fjodor Kowalski
98,2011-01-21T03:42:00,2011-01-21T12:03:00,Purchasing Agent,Settle conditions with supplier,Karel de Groot
98,2011-01-22T00:32:00,2011-01-22T00:45:00,Purchasing Agent,Create Purchase Order,Francois de Perrier
98,2011-01-22T05:00:00,2011-01-22T05:22:00,Supplier,Confirm Purchase Order,Carmen Finacse
98,2011-01-22T13:29:00,2011-01-23T20:23:00,Supplier,Deliver Goods Services,Carmen Finacse
98,2011-01-24T04:02:00,2011-01-24T04:03:00,Requester,Release Purchase Order,Elvira Lores
98,2011-01-24T10:52:00,2011-01-24T20:16:00,Purchasing Agent,Settle dispute with supplier Purchasing Agent,Francois de Perrier
98,2011-01-25T03:19:00,2011-01-25T03:20:00,Requester,Release Purchase Order,Tesca Lobes
98,2011-01-25T13:54:00,2011-01-25T13:55:00,Purchasing Agent,Approve Purchase Order for payment,Karel de Groot
98,2011-01-27T07:33:00,2011-01-27T07:33:00,Supplier,Send invoice,Carmen Finacse
98,2011-01-27T22:02:00,2011-01-27T22:05:00,Financial Manager,Release Supplier's Invoice,Karalda Nimwada
98,2011-01-27T22:05:00,2011-01-27T22:05:00,Financial Manager,Authorize Supplier's Invoice payment,Karalda Nimwada
98,2011-01-27T22:51:00,2011-01-27T23:02:00,Financial Manager,Pay invoice,Karalda Nimwada
988,2011-01-06T08:36:00,2011-01-06T09:07:00,Purchasing Agent,Analyze Request for Quotation,Francois de Perrier
988,2011-05-23T12:59:00,2011-05-23T13:14:00,Requester,Create Purchase Requisition,Immanuel Karagianni
988,2011-05-23T21:17:00,2011-05-23T21:23:00,Requester,Create Request for Quotation Requester,Anne Olwada
99,2011-01-13T09:03:00,2011-01-13T09:44:00,Requester,Create Purchase Requisition,Anna Kaufmann
99,2011-01-13T19:19:00,2011-01-13T19:23:00,Requester Manager,Analyze Purchase Requisition,Maris Freeman
99,2011-01-13T19:26:00,2011-01-13T19:27:00,Requester Manager,Create Request for Quotation Requester Manager,Heinz Gutschmidt
99,2011-01-16T22:32:00,2011-01-16T23:07:00,Purchasing Agent,Analyze Request for Quotation,Karel de Groot
99,2011-01-16T23:52:00,2011-01-17T00:06:00,Requester Manager,Amend Request for Quotation Requester,Penn Osterwalder
99,2011-01-17T01:35:00,2011-01-17T01:54:00,Purchasing Agent,Analyze Request for Quotation,Francois de Perrier
99,2011-01-17T04:37:00,2011-01-17T05:12:00,Purchasing Agent,Send Request for Quotation to Supplier,Magdalena Predutta
99,2011-01-17T05:42:00,2011-01-17T11:17:00,Purchasing Agent,Create Quotation comparison Map,Francois de Perrier
99,2011-01-17T17:51:00,2011-01-17T18:01:00,Requester,Analyze Quotation comparison Map,Christian Francois
99,2011-01-17T18:01:00,2011-01-17T18:01:00,Requester,Choose best option,Immanuel Karagianni
99,2011-01-17T21:39:00,2011-01-18T05:31:00,Purchasing Agent,Settle conditions with supplier,Francois de Perrier
99,2011-01-18T16:50:00,2011-01-18T17:00:00,Purchasing Agent,Create Purchase Order,Magdalena Predutta
99,2011-01-18T23:16:00,2011-01-18T23:38:00,Supplier,Confirm Purchase Order,Sean Manney
99,2011-01-19T09:42:00,2011-01-20T11:11:00,Supplier,Deliver Goods Services,Kiu Kan
99,2011-01-20T18:50:00,2011-01-20T18:51:00,Requester,Release Purchase Order,Nico Ojenbeer
99,2011-01-21T09:57:00,2011-01-21T09:58:00,Purchasing Agent,Approve Purchase Order for payment,Francois de Perrier
99,2011-01-22T06:30:00,2011-01-22T06:30:00,Supplier,Send invoice,Kiu Kan
99,2011-01-22T20:51:00,2011-01-22T20:56:00,Financial Manager,Release Supplier's Invoice,Karalda Nimwada
99,2011-01-22T20:56:00,2011-01-22T20:56:00,Financial Manager,Authorize Supplier's Invoice payment,Karalda Nimwada
99,2011-01-22T21:43:00,2011-01-22T21:51:00,Financial Manager,Pay invoice,Pedro Alvares
